id_transaccion,id_cliente,id_producto,monto,fecha,id_tienda,edad,ingresos,puntos_lealtad,pais,cliente_premium
1,101,1,250.5,2025-01-10,1,35,48360,676,mex,No
2,102,2,180.0,2025-01-11,2,33,48910,134,USA,No
3,103,3,500.0,2025-01-12,1,28,6225,1183,USA,Sí
4,104,1,90.0,2025-01-13,3,47,43769,2213,USA,No
5,105,4,320.75,2025-01-14,2,33,11282,190,México,Sí
6,101,2,150.2,2025-01-15,1,35,48360,676,mex,No
7,102,3,780.0,2025-01-16,2,33,48910,134,USA,Sí
8,106,5,60.0,2025-01-17,1,30,16855,2477,USA,No
9,107,1,900.0,2025-01-18,3,54,29036,356,USA,Sí
10,108,4,210.3,2025-01-19,2,59,25543,2000,USA,No
11,748,4,4279.68,2024-07-31,6,25,41340,2481,mex,Sí
12,684,3,2664.57,2024-03-06,1,53,12406,1882,USA,Sí
13,143,5,3721.65,2025-01-07,6,37,26479,2663,mex,Sí
14,420,2,399.12,2024-11-29,2,44,21877,1157,USA,Sí
15,646,4,2789.22,2024-12-24,10,19,46539,2587,mex,Sí
16,599,5,557.04,2024-11-19,10,42,10859,2455,USA,Sí
17,728,4,2306.28,2024-03-05,3,55,18490,1228,mex,Sí
18,152,3,4847.22,2024-09-14,8,60,8588,1616,México,Sí
19,960,4,2669.67,2024-10-19,4,28,8432,568,USA,Sí
20,996,5,3339.63,2024-09-08,6,63,24280,336,USA,Sí
21,272,2,676.8,2024-10-29,7,54,6682,2298,USA,Sí
22,501,2,206.3,2024-06-15,6,27,29698,686,MX,No
23,888,4,3285.81,2024-05-14,5,48,35029,1740,USA,Sí
24,308,5,4882.68,2024-01-19,3,31,9854,2131,México,Sí
25,370,4,1951.53,2025-04-11,6,36,30411,1632,mex,Sí
26,833,3,465.42,2025-03-25,3,49,32532,741,mex,Sí
27,584,5,719.42,2025-02-14,7,51,24374,2226,MX,Sí
28,131,1,1502.56,2024-04-17,3,19,31043,450,México,Sí
29,426,2,4904.64,2024-04-19,2,25,34463,703,MX,Sí
30,312,4,2679.22,2024-12-10,9,29,21745,961,mex,Sí
31,331,4,3475.26,2024-06-24,8,37,15430,2177,México,Sí
32,518,2,3409.43,2024-12-25,6,49,18793,823,México,Sí
33,764,5,2868.04,2025-04-20,1,53,37076,538,MX,Sí
34,507,1,315.96,2024-01-10,10,22,8400,2171,mex,Sí
35,652,2,2563.91,2024-12-19,1,34,41797,2639,USA,Sí
36,101,5,3431.34,2024-10-13,9,35,48360,676,mex,Sí
37,501,4,1642.92,2024-07-18,1,27,29698,686,MX,Sí
38,108,5,2945.51,2024-03-06,10,59,25543,2000,USA,Sí
39,286,2,3842.31,2025-04-26,6,22,46404,2109,USA,Sí
40,842,3,99.5,2024-10-05,8,28,24230,689,México,No
41,209,2,1524.29,2024-08-27,6,37,20895,1376,MX,Sí
42,185,5,2595.23,2024-11-30,9,32,17191,2728,USA,Sí
43,157,5,1006.9,2024-06-12,1,55,42752,1124,USA,Sí
44,409,3,2986.81,2024-07-01,1,63,49720,188,MX,Sí
45,296,5,4320.19,2024-10-09,3,56,42733,1693,mex,Sí
46,671,2,4931.02,2025-01-11,9,65,48660,2686,MX,Sí
47,911,1,1901.48,2025-02-06,10,37,38383,2167,USA,Sí
48,252,1,4888.04,2024-10-03,9,48,31771,1997,México,Sí
49,678,4,1252.86,2024-05-30,8,27,11370,2936,mex,Sí
50,120,4,3624.74,2024-06-01,4,47,31272,2063,MX,Sí
51,992,5,501.15,2024-01-07,8,39,28357,48,MX,Sí
52,927,2,1838.17,2024-02-29,6,56,34210,995,México,Sí
53,320,4,2973.12,2025-04-10,10,25,23077,1179,USA,Sí
54,753,5,2132.41,2024-06-11,4,64,44009,2589,USA,Sí
55,913,2,1286.48,2024-01-31,6,64,14325,651,México,Sí
56,673,3,2839.6,2024-06-02,9,60,49216,2591,USA,Sí
57,460,3,4241.61,2025-04-28,4,39,11124,641,USA,Sí
58,747,4,4803.61,2025-03-20,6,22,33136,1663,USA,Sí
59,365,4,3058.75,2025-04-03,8,58,34656,2564,USA,Sí
60,232,2,2822.66,2024-10-13,3,54,23472,488,mex,Sí
61,378,5,3604.55,2025-01-20,8,56,15940,282,mex,Sí
62,373,2,4254.83,2024-03-17,3,54,38915,1108,MX,Sí
63,765,5,3422.64,2024-08-06,2,60,28896,357,USA,Sí
64,550,1,2915.13,2025-02-14,4,65,18963,2273,MX,Sí
65,511,1,1567.08,2024-02-25,7,46,12209,148,MX,Sí
66,919,4,1520.59,2024-11-23,4,41,8035,2189,México,Sí
67,999,5,516.53,2024-01-06,8,42,18315,2021,mex,Sí
68,870,5,822.99,2025-04-14,3,19,21362,1259,mex,Sí
69,422,1,1841.75,2024-09-22,6,62,13156,279,México,Sí
70,373,4,5045.87,2024-11-20,3,54,38915,1108,MX,Sí
71,362,4,3557.33,2024-06-29,8,23,13521,833,mex,Sí
72,484,1,4369.7,2024-04-26,6,41,9016,1168,mex,Sí
73,239,1,4331.8,2024-02-14,9,48,14581,2684,MX,Sí
74,194,5,1010.52,2024-05-08,8,24,26286,356,MX,Sí
75,790,4,1347.87,2024-03-21,1,39,39752,1946,mex,Sí
76,699,2,998.28,2024-04-28,7,64,40863,547,México,Sí
77,421,5,3386.09,2024-09-02,5,62,26012,339,MX,Sí
78,833,4,350.32,2024-04-08,9,49,32532,741,mex,Sí
79,490,4,2359.62,2024-01-27,9,35,6529,379,MX,Sí
80,299,3,3757.75,2024-05-11,1,23,34748,2517,mex,Sí
81,711,1,2740.56,2024-06-21,2,42,47447,92,mex,Sí
82,555,2,2645.06,2025-05-01,4,24,29633,938,MX,Sí
83,646,1,3960.42,2024-10-01,4,19,46539,2587,mex,Sí
84,402,3,2324.25,2025-02-01,7,25,36298,2753,MX,Sí
85,716,3,4333.66,2024-09-25,2,46,43435,2224,USA,Sí
86,951,2,807.45,2024-10-08,4,34,28312,2136,México,Sí
87,210,3,1353.07,2024-12-28,9,34,44130,1779,USA,Sí
88,153,4,3024.84,2024-12-21,8,35,13582,1068,México,Sí
89,746,2,1290.93,2024-07-18,3,27,26464,2419,mex,Sí
90,151,3,2531.19,2025-03-16,10,33,44852,468,MX,Sí
91,931,5,3253.61,2024-10-04,9,56,44745,1087,México,Sí
92,643,3,2443.81,2024-01-10,7,59,49717,665,USA,Sí
93,320,2,2445.16,2024-11-29,9,25,23077,1179,USA,Sí
94,537,4,1222.27,2025-04-23,1,32,16383,2007,mex,Sí
95,574,2,2123.76,2025-03-13,2,56,10434,1204,México,Sí
96,131,4,3979.43,2024-10-24,7,19,31043,450,México,Sí
97,372,4,2034.32,2024-01-01,9,44,7580,2358,México,Sí
98,167,5,2073.38,2024-05-03,1,43,49671,709,México,Sí
99,416,4,2339.78,2024-04-01,6,37,16940,2567,México,Sí
100,232,1,796.21,2024-07-15,6,54,23472,488,mex,Sí
101,449,3,4294.91,2024-01-19,7,30,5384,1548,USA,Sí
102,162,3,4963.37,2024-10-26,1,35,28502,38,USA,Sí
103,504,1,762.67,2024-07-28,7,65,33636,2026,USA,Sí
104,157,2,2292.99,2024-05-09,10,55,42752,1124,USA,Sí
105,970,5,286.3,2024-05-13,2,33,5153,1597,USA,No
106,246,2,3547.03,2025-01-26,9,52,6705,271,México,Sí
107,772,2,747.13,2025-03-10,10,46,45241,2772,MX,Sí
108,124,2,3545.26,2024-08-01,1,55,10578,1128,USA,Sí
109,908,2,1152.01,2025-04-21,2,25,28664,670,México,Sí
110,706,1,1160.82,2025-04-27,2,38,37073,1711,USA,Sí
111,896,5,724.51,2025-02-04,6,18,12285,2324,MX,Sí
112,630,1,5020.3,2024-09-13,6,21,9364,1185,USA,Sí
113,434,1,2329.92,2025-04-13,4,34,37937,2827,USA,Sí
114,784,5,147.3,2024-09-15,6,45,31043,340,México,No
115,173,5,4550.22,2024-01-07,4,40,30127,2270,MX,Sí
116,808,5,4235.12,2024-11-29,9,50,19786,1403,USA,Sí
117,189,1,4552.9,2024-07-10,3,63,30959,295,México,Sí
118,924,5,4842.63,2025-04-29,10,22,43638,2734,mex,Sí
119,938,4,4975.92,2024-11-24,4,23,9769,868,México,Sí
120,722,3,1177.13,2025-01-08,1,38,34531,2137,USA,Sí
121,138,1,566.92,2024-07-07,6,45,16256,1991,USA,Sí
122,768,5,3614.29,2024-10-27,9,46,42961,2893,USA,Sí
123,561,5,1773.56,2025-01-31,10,18,11879,2046,MX,Sí
124,354,4,1171.32,2024-05-19,8,19,8331,2173,mex,Sí
125,788,4,168.42,2024-03-04,6,42,47622,1242,México,No
126,506,3,2233.55,2024-09-11,3,26,7564,2525,mex,Sí
127,666,3,2011.8,2024-10-23,8,64,5335,845,USA,Sí
128,239,3,3105.34,2025-02-08,3,48,14581,2684,MX,Sí
129,681,3,4956.28,2024-03-18,9,27,16885,2671,USA,Sí
130,728,5,4366.6,2024-06-20,2,55,18490,1228,mex,Sí
131,622,3,4814.0,2024-03-14,9,33,20627,556,mex,Sí
132,948,1,3019.03,2024-12-23,8,52,5212,876,USA,Sí
133,847,4,1724.15,2024-07-08,9,46,44537,333,USA,Sí
134,383,5,2945.62,2024-03-31,2,46,35224,1323,México,Sí
135,359,5,4275.35,2024-07-18,5,36,14279,394,MX,Sí
136,211,2,3803.42,2024-02-10,2,37,17993,2396,MX,Sí
137,556,1,4583.21,2024-05-18,7,64,11791,2506,MX,Sí
138,544,3,4454.22,2025-05-08,3,47,25448,2633,USA,Sí
139,565,4,4699.12,2024-10-07,1,37,26830,1600,USA,Sí
140,454,5,2275.45,2024-08-12,10,19,8430,838,MX,Sí
141,270,2,2853.98,2024-03-04,10,38,41788,876,mex,Sí
142,439,1,143.24,2024-01-02,10,59,28815,893,México,No
143,823,1,1207.42,2025-01-21,2,37,27933,1965,MX,Sí
144,567,1,4594.54,2024-05-12,6,19,26297,1043,mex,Sí
145,278,1,1991.98,2024-06-24,6,29,12107,1592,mex,Sí
146,913,4,147.07,2025-03-04,3,64,14325,651,México,No
147,619,1,1322.47,2024-12-06,7,48,32090,672,MX,Sí
148,231,5,3358.39,2025-02-27,3,41,5389,2257,mex,Sí
149,751,5,716.65,2024-02-11,1,55,5270,2914,MX,Sí
150,839,1,4425.26,2024-03-26,3,20,23816,2706,USA,Sí
151,660,3,1560.62,2024-04-14,2,48,9588,1272,USA,Sí
152,141,5,5023.84,2024-09-04,5,65,31158,961,USA,Sí
153,967,2,4380.78,2024-05-17,8,18,17752,41,MX,Sí
154,163,1,4312.42,2024-04-22,6,21,30877,1104,mex,Sí
155,240,1,4734.82,2024-08-09,5,33,32076,1424,México,Sí
156,708,1,4393.34,2025-02-06,5,40,48334,1351,mex,Sí
157,708,1,3067.49,2024-11-15,4,40,48334,1351,mex,Sí
158,991,5,418.29,2025-04-15,5,30,13749,2220,USA,Sí
159,643,3,5028.86,2024-05-27,5,59,49717,665,USA,Sí
160,598,2,4378.86,2024-07-25,5,23,48140,482,USA,Sí
161,183,1,251.64,2024-01-06,10,44,24036,654,USA,No
162,678,3,558.22,2024-05-25,2,27,11370,2936,mex,Sí
163,893,5,679.48,2025-01-18,5,38,47894,1218,USA,Sí
164,995,3,5032.41,2024-04-06,10,51,28177,31,México,Sí
165,382,4,1146.8,2024-04-10,4,62,31629,2967,mex,Sí
166,204,3,2107.27,2024-07-19,8,38,49066,2418,USA,Sí
167,677,5,2998.65,2024-04-29,5,29,37285,810,MX,Sí
168,480,5,4391.03,2025-03-05,7,62,33629,2359,USA,Sí
169,907,2,1549.83,2024-06-01,7,62,48748,2939,USA,Sí
170,300,2,2431.65,2024-12-13,1,63,49018,453,MX,Sí
171,239,4,3518.01,2024-10-13,8,48,14581,2684,MX,Sí
172,264,3,1628.37,2025-03-06,4,48,8520,1280,mex,Sí
173,281,5,425.39,2024-10-11,7,65,47329,2192,USA,Sí
174,438,1,206.79,2024-01-31,3,32,31586,1398,mex,No
175,884,4,99.89,2025-03-13,4,58,28625,1412,USA,No
176,193,3,544.28,2024-01-24,10,58,48641,1943,MX,Sí
177,612,1,1985.78,2025-03-15,3,34,46320,2035,MX,Sí
178,570,5,217.11,2024-07-21,10,23,30514,1878,México,No
179,472,2,1148.12,2024-04-20,5,60,24479,2135,mex,Sí
180,612,3,4171.84,2024-10-28,6,34,46320,2035,MX,Sí
181,905,5,2921.59,2024-06-07,9,62,38493,2849,México,Sí
182,414,1,4036.19,2024-08-27,10,36,49576,301,México,Sí
183,605,5,1877.83,2024-07-17,9,56,9318,2847,MX,Sí
184,339,4,2453.57,2024-08-05,8,25,17164,1909,USA,Sí
185,438,4,1159.08,2024-02-19,9,32,31586,1398,mex,Sí
186,870,4,1874.55,2024-08-20,3,19,21362,1259,mex,Sí
187,788,1,1758.15,2024-06-12,7,42,47622,1242,México,Sí
188,155,3,1199.54,2024-12-16,9,18,38801,1270,USA,Sí
189,971,3,535.21,2024-05-21,2,48,36048,1156,MX,Sí
190,802,3,1402.76,2025-01-28,2,57,24240,2477,MX,Sí
191,315,5,2461.7,2025-03-21,1,31,32200,1575,USA,Sí
192,418,4,3593.83,2024-05-20,3,58,29443,2674,México,Sí
193,609,5,1151.0,2024-03-15,1,47,38145,933,mex,Sí
194,995,4,2868.68,2024-12-10,8,51,28177,31,México,Sí
195,725,2,58.76,2024-06-27,8,35,40680,989,USA,No
196,848,5,3035.63,2024-09-21,9,54,43349,484,mex,Sí
197,720,5,1729.75,2024-01-19,2,61,35046,2192,USA,Sí
198,799,2,2179.62,2024-02-07,2,48,36992,451,México,Sí
199,350,1,3057.4,2025-01-07,10,20,40739,2006,mex,Sí
200,450,1,3467.44,2025-03-29,5,20,10584,1518,México,Sí
201,722,1,4980.72,2025-03-22,6,38,34531,2137,USA,Sí
202,882,5,2419.6,2025-04-05,2,41,19372,2065,MX,Sí
203,227,1,2042.33,2024-09-06,4,29,39883,859,mex,Sí
204,103,1,2924.36,2024-09-18,9,28,6225,1183,USA,Sí
205,896,4,600.87,2024-05-25,2,18,12285,2324,MX,Sí
206,783,3,4108.83,2025-02-06,6,19,21000,2674,México,Sí
207,565,5,2961.98,2024-08-04,5,37,26830,1600,USA,Sí
208,794,4,3926.92,2024-01-12,8,41,33754,2651,México,Sí
209,875,5,898.04,2025-05-12,5,26,32184,2564,USA,Sí
210,417,2,3819.43,2024-12-06,2,52,41084,2234,México,Sí
211,710,5,3879.73,2025-04-19,5,24,19043,149,USA,Sí
212,436,3,2930.98,2024-05-10,6,29,17963,295,USA,Sí
213,200,5,3865.72,2024-06-27,5,54,8565,1465,México,Sí
214,471,3,3154.42,2024-07-13,1,31,38686,1054,MX,Sí
215,330,1,1857.66,2024-12-30,6,63,6658,2786,USA,Sí
216,666,3,1978.98,2024-10-09,7,64,5335,845,USA,Sí
217,681,2,1027.68,2024-05-28,9,27,16885,2671,USA,Sí
218,637,2,3385.03,2024-08-18,4,61,24975,895,MX,Sí
219,216,4,1639.17,2024-07-01,9,34,13475,704,MX,Sí
220,337,4,3667.98,2024-09-11,4,55,22493,1416,México,Sí
221,415,4,404.23,2024-08-28,2,60,29637,1994,mex,Sí
222,573,1,3376.49,2024-03-31,10,56,19669,2269,USA,Sí
223,986,2,540.75,2025-03-05,10,21,26993,683,USA,Sí
224,470,1,564.25,2024-06-04,3,63,25565,2875,mex,Sí
225,367,4,4312.99,2024-01-09,6,38,27777,1863,USA,Sí
226,608,2,2994.88,2024-03-28,2,23,22477,2189,USA,Sí
227,106,4,2845.31,2024-11-19,6,30,16855,2477,USA,Sí
228,873,4,2529.49,2024-11-13,7,41,43004,2735,mex,Sí
229,588,4,3043.05,2024-01-29,5,28,23278,196,mex,Sí
230,334,5,2288.06,2024-12-16,2,54,19331,1408,México,Sí
231,718,5,3871.72,2025-04-07,4,21,17595,1382,mex,Sí
232,903,3,3241.29,2025-02-04,1,25,21619,1973,USA,Sí
233,142,5,3523.35,2024-10-12,8,20,16788,1802,MX,Sí
234,226,2,2752.29,2024-09-19,10,62,7997,1327,mex,Sí
235,483,1,1898.44,2024-08-18,2,18,30529,1422,mex,Sí
236,625,2,4841.02,2025-01-17,10,58,29578,1240,México,Sí
237,497,2,2628.04,2024-08-24,9,46,38927,309,mex,Sí
238,712,5,3448.36,2024-10-09,8,33,46042,572,USA,Sí
239,303,4,1163.69,2025-01-21,2,52,49751,1015,mex,Sí
240,684,4,1949.22,2025-03-27,4,53,12406,1882,USA,Sí
241,255,4,778.78,2024-09-22,3,28,33941,2072,mex,Sí
242,548,5,3488.99,2025-04-09,6,48,21993,1282,México,Sí
243,215,5,469.04,2025-01-03,5,53,46317,2366,USA,Sí
244,958,3,2460.31,2024-01-03,6,20,34025,2025,México,Sí
245,892,4,3427.6,2024-07-13,10,45,14026,1634,mex,Sí
246,466,2,1300.49,2024-07-02,1,21,46409,1677,México,Sí
247,386,2,3773.33,2024-12-17,3,20,16072,410,USA,Sí
248,381,4,3091.59,2025-04-01,8,53,6522,2088,México,Sí
249,978,4,1632.02,2024-11-13,3,50,22797,2515,mex,Sí
250,317,3,4420.96,2025-02-09,5,18,5622,1234,México,Sí
251,755,2,2787.54,2024-12-14,9,56,16589,2046,México,Sí
252,214,1,780.99,2024-07-25,7,20,20086,1071,MX,Sí
253,920,4,3035.03,2025-05-07,2,57,27776,2960,MX,Sí
254,759,2,345.35,2024-09-27,6,28,8214,537,mex,Sí
255,995,3,323.86,2024-01-25,1,51,28177,31,México,Sí
256,330,1,2223.27,2024-01-26,10,63,6658,2786,USA,Sí
257,633,1,4072.23,2024-12-02,10,19,45077,843,USA,Sí
258,762,5,4742.41,2024-04-11,3,38,30295,1181,MX,Sí
259,460,2,3955.43,2024-12-23,3,39,11124,641,USA,Sí
260,123,3,307.19,2025-05-04,8,29,24120,2911,MX,Sí
261,805,4,388.3,2024-05-23,3,33,25706,2151,mex,Sí
262,378,5,1542.13,2025-04-22,9,56,15940,282,mex,Sí
263,589,1,3742.4,2024-08-22,2,24,33899,258,USA,Sí
264,335,5,3755.17,2025-05-09,8,27,40807,1474,mex,Sí
265,691,1,2922.76,2024-09-29,1,25,23287,144,México,Sí
266,445,5,2014.91,2024-04-28,1,28,46120,2380,MX,Sí
267,392,4,206.43,2024-06-25,7,37,12377,2732,USA,No
268,376,3,3318.77,2024-12-27,7,39,45788,2390,mex,Sí
269,204,4,3465.12,2024-10-25,10,38,49066,2418,USA,Sí
270,904,4,3042.55,2024-01-13,4,39,24753,1968,mex,Sí
271,623,5,4184.31,2024-07-14,5,27,8786,2991,MX,Sí
272,275,3,970.29,2024-05-09,8,21,23290,749,México,Sí
273,947,3,2837.7,2024-06-28,2,46,23243,2966,mex,Sí
274,567,2,3274.6,2024-09-08,6,19,26297,1043,mex,Sí
275,445,1,3926.51,2024-06-08,3,28,46120,2380,MX,Sí
276,466,2,4324.71,2024-11-10,6,21,46409,1677,México,Sí
277,114,2,3253.25,2024-04-05,1,61,45187,1455,mex,Sí
278,617,4,1090.05,2024-12-06,8,51,9947,1279,USA,Sí
279,870,5,738.74,2025-03-08,10,19,21362,1259,mex,Sí
280,972,1,3209.41,2025-02-21,3,48,15000,1214,México,Sí
281,908,4,2814.91,2025-02-11,5,25,28664,670,México,Sí
282,689,1,549.83,2024-08-18,1,55,25492,410,MX,Sí
283,679,2,431.14,2025-01-23,7,23,49058,899,mex,Sí
284,959,5,765.57,2024-06-04,2,65,23767,1312,MX,Sí
285,733,1,2905.34,2024-08-10,6,49,30426,2645,mex,Sí
286,315,4,2791.97,2025-01-25,3,31,32200,1575,USA,Sí
287,959,5,603.58,2024-10-11,6,65,23767,1312,MX,Sí
288,865,4,281.12,2024-02-06,3,50,15662,1129,mex,No
289,901,4,1437.09,2024-01-09,3,39,15923,752,mex,Sí
290,294,2,4851.83,2025-02-21,3,21,5565,1288,México,Sí
291,983,1,688.25,2024-10-24,6,43,38115,2324,mex,Sí
292,254,1,4628.27,2024-06-08,9,63,13917,1074,mex,Sí
293,357,5,2898.98,2024-04-05,3,43,10649,2612,USA,Sí
294,700,3,4776.3,2025-04-24,10,64,5742,2265,MX,Sí
295,925,4,4043.92,2025-03-07,10,33,42169,2564,MX,Sí
296,113,2,2590.41,2024-10-31,6,32,44422,1674,USA,Sí
297,800,2,1627.51,2024-10-20,10,50,40885,2251,México,Sí
298,250,5,4559.91,2025-03-09,7,21,11095,355,mex,Sí
299,600,5,3838.41,2024-03-07,4,43,27094,709,México,Sí
300,601,4,2044.39,2024-03-16,6,38,5630,575,México,Sí
301,412,1,1188.52,2025-05-03,3,19,23465,1787,mex,Sí
302,182,5,4730.28,2024-03-18,10,48,40380,318,México,Sí
303,419,5,1799.82,2024-02-20,5,29,21061,1431,USA,Sí
304,983,3,3722.6,2024-02-02,2,43,38115,2324,mex,Sí
305,477,4,1932.57,2024-12-17,4,33,11252,562,mex,Sí
306,819,5,4394.02,2025-01-26,4,32,40078,2369,USA,Sí
307,291,1,5009.3,2024-10-17,10,43,10254,1322,USA,Sí
308,910,4,4418.49,2024-04-22,5,38,18766,2825,mex,Sí
309,843,4,3468.09,2024-09-17,6,31,5055,1164,mex,Sí
310,275,2,185.76,2024-03-24,8,21,23290,749,México,No
311,357,1,4702.62,2024-03-30,2,43,10649,2612,USA,Sí
312,977,3,4673.26,2025-04-01,8,45,27090,32,México,Sí
313,287,4,3769.34,2024-12-15,3,43,40301,2369,mex,Sí
314,279,2,2620.02,2025-03-26,10,59,32132,2478,MX,Sí
315,219,4,2026.45,2024-12-16,4,41,34876,2688,MX,Sí
316,548,3,802.58,2024-03-23,4,48,21993,1282,México,Sí
317,452,5,4822.98,2024-05-27,7,37,35864,1424,mex,Sí
318,247,5,2326.29,2024-06-03,2,24,12303,1005,MX,Sí
319,967,2,2736.08,2025-02-18,6,18,17752,41,MX,Sí
320,252,2,3876.63,2024-02-01,1,48,31771,1997,México,Sí
321,899,2,1614.71,2024-07-08,10,54,41273,896,MX,Sí
322,669,2,3126.93,2024-03-25,10,54,5392,2466,México,Sí
323,534,3,3300.63,2025-05-10,1,58,32231,2047,USA,Sí
324,162,2,2030.86,2024-01-09,10,35,28502,38,USA,Sí
325,504,3,1915.42,2024-04-26,1,65,33636,2026,USA,Sí
326,579,3,199.48,2024-10-13,8,24,8141,2535,MX,No
327,222,2,2234.37,2024-02-08,1,60,21725,1688,MX,Sí
328,233,3,677.33,2024-02-12,1,42,18358,788,mex,Sí
329,984,4,4560.6,2024-04-10,3,18,18552,1086,USA,Sí
330,902,3,745.91,2024-01-04,7,49,13532,2594,mex,Sí
331,153,3,437.0,2024-01-17,10,35,13582,1068,México,Sí
332,603,1,1768.16,2024-12-18,5,47,7308,2891,mex,Sí
333,402,2,292.21,2024-10-31,9,25,36298,2753,MX,No
334,688,3,4799.51,2024-01-02,2,19,22280,547,USA,Sí
335,827,3,1715.72,2024-01-06,1,36,7545,127,mex,Sí
336,320,1,2853.48,2024-11-08,5,25,23077,1179,USA,Sí
337,417,3,410.88,2024-02-11,2,52,41084,2234,México,Sí
338,760,1,1101.33,2025-02-05,4,35,39928,744,mex,Sí
339,565,3,3067.33,2024-12-27,9,37,26830,1600,USA,Sí
340,883,5,145.57,2024-06-07,6,36,5602,2401,México,No
341,735,5,2804.15,2025-04-21,2,37,43843,1661,México,Sí
342,735,1,4193.27,2024-10-14,4,37,43843,1661,México,Sí
343,317,1,2117.23,2025-05-06,7,18,5622,1234,México,Sí
344,494,1,2398.94,2025-03-15,10,63,33640,532,México,Sí
345,354,3,2400.43,2025-04-24,4,19,8331,2173,mex,Sí
346,140,1,1142.51,2025-03-16,8,34,5201,482,USA,Sí
347,194,2,351.25,2024-08-26,3,24,26286,356,MX,Sí
348,624,2,3920.66,2025-04-24,5,65,38506,963,México,Sí
349,518,5,1071.53,2024-05-11,8,49,18793,823,México,Sí
350,744,3,1240.7,2025-01-14,1,37,16638,2262,México,Sí
351,215,2,3105.23,2025-03-04,5,53,46317,2366,USA,Sí
352,722,1,2176.92,2025-02-17,9,38,34531,2137,USA,Sí
353,829,3,4837.28,2024-06-25,9,65,26821,2538,mex,Sí
354,482,3,4451.6,2024-02-24,10,41,36320,385,MX,Sí
355,279,2,4103.08,2024-04-13,7,59,32132,2478,MX,Sí
356,460,1,3752.63,2024-03-09,5,39,11124,641,USA,Sí
357,930,2,1526.95,2025-02-23,4,23,46482,2585,MX,Sí
358,114,1,3808.42,2024-05-19,2,61,45187,1455,mex,Sí
359,879,5,4814.54,2024-01-17,4,43,7591,1541,mex,Sí
360,487,2,4450.25,2024-12-14,9,39,49318,1823,mex,Sí
361,232,1,2641.75,2024-01-08,6,54,23472,488,mex,Sí
362,614,2,3615.1,2024-12-20,5,18,6911,2546,USA,Sí
363,911,2,3771.01,2025-03-02,1,37,38383,2167,USA,Sí
364,625,5,2219.4,2024-11-24,10,58,29578,1240,México,Sí
365,954,4,708.6,2024-05-14,10,65,21651,28,mex,Sí
366,966,5,4319.06,2024-07-31,6,57,38333,362,mex,Sí
367,582,5,1867.87,2025-02-21,1,41,5865,1143,mex,Sí
368,919,2,4022.9,2024-01-29,9,41,8035,2189,México,Sí
369,392,5,3335.89,2024-09-10,6,37,12377,2732,USA,Sí
370,375,5,1328.74,2025-01-21,2,46,28134,1084,MX,Sí
371,265,4,2713.72,2025-02-10,5,58,36250,2817,mex,Sí
372,903,1,3300.11,2024-01-27,4,25,21619,1973,USA,Sí
373,469,1,1678.42,2024-05-27,5,20,25564,479,mex,Sí
374,624,3,2187.58,2025-02-20,9,65,38506,963,México,Sí
375,902,5,2280.08,2025-01-14,5,49,13532,2594,mex,Sí
376,991,3,4986.94,2024-03-22,9,30,13749,2220,USA,Sí
377,785,2,121.59,2024-05-25,5,45,18821,410,mex,No
378,280,4,963.41,2024-11-17,7,65,6748,2517,México,Sí
379,467,1,4928.55,2025-01-13,9,43,45424,42,México,Sí
380,128,3,3955.08,2024-03-30,6,64,21480,696,México,Sí
381,314,3,4558.84,2025-04-14,10,45,33997,454,USA,Sí
382,231,4,1657.56,2024-06-24,8,41,5389,2257,mex,Sí
383,917,1,545.18,2024-01-01,8,28,49992,707,MX,Sí
384,571,3,4798.99,2024-04-28,4,18,36294,2972,USA,Sí
385,953,4,4475.36,2024-04-04,3,45,42329,1618,USA,Sí
386,875,3,3451.1,2024-01-21,2,26,32184,2564,USA,Sí
387,745,1,1309.94,2024-01-09,4,49,33926,208,USA,Sí
388,646,1,1991.04,2025-02-11,10,19,46539,2587,mex,Sí
389,180,4,1913.62,2024-12-05,3,58,27973,774,México,Sí
390,410,5,2224.74,2024-09-03,2,45,22622,22,MX,Sí
391,404,1,4924.81,2024-05-20,5,29,13871,2788,MX,Sí
392,616,3,1933.16,2024-11-07,10,20,49785,1532,USA,Sí
393,158,2,3132.72,2025-05-13,2,32,48172,6,USA,Sí
394,708,5,4447.07,2024-08-14,7,40,48334,1351,mex,Sí
395,781,5,1625.77,2025-02-15,2,32,26462,719,MX,Sí
396,458,3,825.57,2024-07-01,4,34,7314,756,mex,Sí
397,739,3,1098.16,2024-11-17,6,54,48658,39,mex,Sí
398,114,2,2617.86,2024-11-11,7,61,45187,1455,mex,Sí
399,254,1,2945.07,2025-02-23,5,63,13917,1074,mex,Sí
400,801,3,1294.82,2024-12-12,8,23,12043,1760,mex,Sí
401,562,3,2658.51,2024-07-04,3,58,30084,2331,mex,Sí
402,400,5,111.52,2024-11-22,3,63,13344,1078,México,No
403,253,1,1919.99,2024-06-18,6,62,28540,2977,mex,Sí
404,843,3,3329.43,2025-05-14,1,31,5055,1164,mex,Sí
405,220,3,2799.51,2025-05-04,3,23,21362,2699,MX,Sí
406,362,4,3678.12,2024-08-22,2,23,13521,833,mex,Sí
407,473,3,3401.55,2024-10-28,1,49,16476,489,USA,Sí
408,280,5,1952.97,2025-04-02,5,65,6748,2517,México,Sí
409,465,4,2498.64,2024-04-21,7,57,32638,1664,mex,Sí
410,615,5,4369.9,2024-10-12,3,37,17547,2162,mex,Sí
411,645,2,1885.67,2024-03-03,6,44,8806,2526,MX,Sí
412,322,4,2921.7,2025-03-16,7,51,26912,988,mex,Sí
413,804,5,4737.98,2024-02-28,8,38,21957,482,MX,Sí
414,547,1,1999.96,2024-07-29,10,54,45304,142,México,Sí
415,488,2,2068.73,2025-05-14,8,20,11911,1012,mex,Sí
416,940,2,3830.79,2025-02-26,10,47,36993,2282,MX,Sí
417,328,2,1162.09,2025-04-05,10,49,31194,2141,México,Sí
418,934,5,1651.77,2024-03-11,8,31,6023,2845,MX,Sí
419,372,2,2425.55,2024-09-30,4,44,7580,2358,México,Sí
420,898,3,4760.04,2024-03-14,10,56,46822,381,USA,Sí
421,210,5,102.34,2024-07-31,1,34,44130,1779,USA,No
422,258,4,2706.72,2025-02-14,6,20,32647,1773,MX,Sí
423,174,5,988.23,2024-05-18,9,51,18963,1867,mex,Sí
424,343,5,3350.93,2024-11-04,2,24,13893,2515,México,Sí
425,702,1,934.26,2025-01-21,4,28,17381,982,México,Sí
426,402,4,2210.68,2024-02-18,2,25,36298,2753,MX,Sí
427,682,4,2177.24,2024-02-23,3,34,12822,196,MX,Sí
428,975,1,2690.0,2024-07-04,3,49,32624,1532,MX,Sí
429,325,3,2127.55,2025-01-23,7,33,42578,1192,USA,Sí
430,884,3,2922.56,2024-10-05,1,58,28625,1412,USA,Sí
431,690,1,2228.1,2025-04-13,4,32,22424,1901,México,Sí
432,164,2,4715.18,2025-05-03,1,19,11171,1591,MX,Sí
433,533,1,1906.31,2024-07-01,8,18,9775,18,MX,Sí
434,534,2,4467.36,2024-11-04,5,58,32231,2047,USA,Sí
435,406,2,4578.0,2024-07-05,2,53,7551,281,USA,Sí
436,641,3,434.04,2024-11-23,1,37,27667,2812,MX,Sí
437,343,2,1201.75,2024-09-20,10,24,13893,2515,México,Sí
438,234,5,561.51,2025-01-25,6,59,8383,763,México,Sí
439,665,2,4657.17,2024-09-18,9,55,35108,1791,México,Sí
440,713,5,1321.82,2024-12-11,7,24,46730,1112,MX,Sí
441,455,5,1445.45,2024-12-24,8,30,24902,2029,USA,Sí
442,635,4,4283.61,2024-01-28,8,46,5592,337,mex,Sí
443,554,2,529.78,2024-09-13,3,27,17733,2357,mex,Sí
444,877,3,3964.6,2024-09-02,2,20,31522,1326,MX,Sí
445,142,5,2494.63,2024-11-28,9,20,16788,1802,MX,Sí
446,379,5,4630.28,2024-12-01,7,38,30651,2441,mex,Sí
447,119,2,1911.56,2025-05-14,9,54,33147,2785,MX,Sí
448,457,2,2848.11,2025-01-08,1,40,45270,2948,México,Sí
449,132,1,4895.55,2025-02-03,1,19,23762,338,mex,Sí
450,130,5,2293.38,2024-09-13,3,62,27659,752,MX,Sí
451,617,2,1570.23,2025-03-27,6,51,9947,1279,USA,Sí
452,363,4,2242.23,2024-04-11,7,40,44677,1424,MX,Sí
453,888,2,4170.54,2024-05-04,8,48,35029,1740,USA,Sí
454,206,2,128.5,2024-05-07,3,46,25056,2521,mex,No
455,440,2,4543.91,2025-03-12,7,44,23669,1110,MX,Sí
456,751,4,4488.25,2024-10-28,4,55,5270,2914,MX,Sí
457,967,4,4448.04,2024-03-08,1,18,17752,41,MX,Sí
458,807,5,3664.23,2024-03-23,7,40,25013,1521,México,Sí
459,807,5,2320.44,2024-07-10,6,40,25013,1521,México,Sí
460,648,2,687.27,2024-08-20,10,60,17397,2430,MX,Sí
461,376,4,3299.86,2024-02-23,6,39,45788,2390,mex,Sí
462,654,2,3734.41,2025-01-01,5,56,31616,1539,USA,Sí
463,173,1,4840.96,2024-11-30,5,40,30127,2270,MX,Sí
464,397,2,1405.65,2024-10-25,2,26,30715,2936,USA,Sí
465,168,5,435.89,2025-02-04,8,56,41170,2577,MX,Sí
466,534,1,4807.08,2024-09-15,8,58,32231,2047,USA,Sí
467,206,2,2978.45,2025-01-17,1,46,25056,2521,mex,Sí
468,127,5,3542.61,2024-11-05,10,52,49268,866,USA,Sí
469,221,4,5038.53,2025-04-18,8,25,23086,2876,MX,Sí
470,876,1,4425.32,2024-02-18,9,40,17022,1048,USA,Sí
471,107,3,1435.51,2024-01-03,2,54,29036,356,USA,Sí
472,958,1,467.47,2025-02-28,10,20,34025,2025,México,Sí
473,501,2,4136.71,2024-07-16,6,27,29698,686,MX,Sí
474,471,3,1500.09,2025-04-11,8,31,38686,1054,MX,Sí
475,268,3,868.3,2024-04-01,5,56,11580,472,mex,Sí
476,600,3,4672.16,2024-02-03,6,43,27094,709,México,Sí
477,638,2,3886.11,2025-03-25,2,43,17842,2826,MX,Sí
478,341,4,131.66,2025-01-29,9,56,19983,1738,mex,No
479,182,4,3317.21,2025-03-30,6,48,40380,318,México,Sí
480,291,2,4342.67,2024-07-16,4,43,10254,1322,USA,Sí
481,815,4,2801.21,2024-07-14,4,48,43440,478,MX,Sí
482,407,5,4971.38,2024-09-14,7,49,46150,1562,USA,Sí
483,608,5,537.0,2024-11-01,8,23,22477,2189,USA,Sí
484,999,4,2473.95,2024-06-15,3,42,18315,2021,mex,Sí
485,166,4,2034.55,2025-02-10,9,40,18855,498,mex,Sí
486,950,1,3243.72,2025-03-30,7,29,19325,1431,MX,Sí
487,473,1,3541.03,2025-04-07,6,49,16476,489,USA,Sí
488,903,5,3243.55,2024-10-28,1,25,21619,1973,USA,Sí
489,709,1,2223.64,2025-03-23,2,32,5394,54,México,Sí
490,245,2,131.53,2024-03-31,9,22,14192,505,USA,No
491,765,1,2115.05,2024-12-09,2,60,28896,357,USA,Sí
492,924,5,1192.96,2024-03-19,1,22,43638,2734,mex,Sí
493,110,4,4114.03,2025-01-12,4,37,6329,2874,mex,Sí
494,485,1,1755.95,2024-06-14,7,49,46962,740,mex,Sí
495,228,5,3763.36,2024-04-15,9,25,26864,2300,MX,Sí
496,546,1,2715.42,2024-11-22,7,45,27786,39,MX,Sí
497,417,4,4196.33,2025-02-11,6,52,41084,2234,México,Sí
498,524,4,3185.76,2024-06-04,7,55,24401,1981,mex,Sí
499,494,1,2733.33,2024-03-26,3,63,33640,532,México,Sí
500,750,5,977.29,2024-06-06,1,56,40215,2870,mex,Sí
501,241,4,746.25,2024-09-22,3,37,32182,1193,USA,Sí
502,625,2,1693.63,2025-05-12,10,58,29578,1240,México,Sí
503,951,4,221.02,2025-02-27,2,34,28312,2136,México,No
504,203,1,2895.68,2024-05-28,8,40,31161,36,USA,Sí
505,992,4,875.04,2025-04-15,3,39,28357,48,MX,Sí
506,316,3,478.6,2025-01-07,5,36,8267,2651,mex,Sí
507,196,1,1756.05,2024-06-02,6,32,17876,1988,MX,Sí
508,678,4,2322.05,2024-04-30,9,27,11370,2936,mex,Sí
509,550,5,1760.02,2025-02-05,10,65,18963,2273,MX,Sí
510,586,4,221.49,2025-05-04,8,46,47824,359,mex,No
511,113,4,2456.57,2024-05-25,1,32,44422,1674,USA,Sí
512,252,5,3071.33,2024-10-03,10,48,31771,1997,México,Sí
513,209,4,1708.35,2024-08-07,3,37,20895,1376,MX,Sí
514,731,5,1928.78,2024-04-05,9,50,29594,1215,MX,Sí
515,590,2,3268.11,2024-08-13,4,25,37181,1698,USA,Sí
516,341,2,226.87,2024-02-06,3,56,19983,1738,mex,No
517,167,4,3937.29,2024-02-12,1,43,49671,709,México,Sí
518,285,4,823.72,2024-09-11,1,26,18398,2786,USA,Sí
519,901,1,1670.26,2024-01-12,2,39,15923,752,mex,Sí
520,696,5,1919.0,2024-05-06,2,19,29863,560,USA,Sí
521,946,2,3106.35,2024-04-07,2,34,23068,2117,México,Sí
522,220,2,3997.04,2024-04-25,8,23,21362,2699,MX,Sí
523,333,5,4245.15,2024-07-31,7,47,20788,1827,México,Sí
524,790,1,3759.21,2024-12-08,2,39,39752,1946,mex,Sí
525,928,1,1720.95,2024-11-02,1,58,15339,479,mex,Sí
526,535,2,3368.56,2024-11-21,3,32,48718,2734,México,Sí
527,413,5,3889.14,2025-04-20,5,62,24735,2091,mex,Sí
528,470,4,1376.02,2024-04-22,4,63,25565,2875,mex,Sí
529,982,5,3012.77,2024-05-01,5,55,30335,1789,MX,Sí
530,514,5,2910.32,2025-03-19,8,59,22221,1556,México,Sí
531,942,3,4064.81,2024-08-11,9,26,9637,2119,MX,Sí
532,829,3,1843.22,2024-03-01,6,65,26821,2538,mex,Sí
533,334,4,4443.27,2024-04-08,4,54,19331,1408,México,Sí
534,224,4,4371.74,2024-06-25,2,31,28373,2009,MX,Sí
535,838,3,2050.4,2024-05-21,3,63,47727,1941,USA,Sí
536,319,3,463.81,2024-12-28,4,23,22875,738,USA,Sí
537,733,2,4314.36,2024-02-12,9,49,30426,2645,mex,Sí
538,177,5,4423.16,2025-03-22,9,44,27745,2614,México,Sí
539,567,1,4220.73,2025-04-12,2,19,26297,1043,mex,Sí
540,159,5,4192.37,2024-12-29,2,48,35024,1989,MX,Sí
541,613,3,1552.52,2024-05-27,6,50,45618,283,mex,Sí
542,979,1,4666.41,2024-02-21,8,33,14416,1590,MX,Sí
543,466,5,4136.52,2024-11-27,9,21,46409,1677,México,Sí
544,390,1,886.93,2025-01-12,3,35,9790,2386,MX,Sí
545,198,4,1497.81,2024-05-18,6,43,29539,1283,mex,Sí
546,759,1,2202.45,2025-01-22,6,28,8214,537,mex,Sí
547,649,2,3090.89,2024-03-29,1,28,45523,2996,mex,Sí
548,813,4,2324.88,2025-05-02,6,58,9545,2937,México,Sí
549,672,4,1567.56,2024-10-22,1,25,30257,1104,USA,Sí
550,499,1,657.62,2024-06-16,4,63,5043,573,USA,Sí
551,597,5,2518.97,2025-05-03,5,33,37995,77,MX,Sí
552,176,2,4124.83,2024-08-04,8,58,20943,2387,México,Sí
553,383,3,465.92,2024-04-09,8,46,35224,1323,México,Sí
554,216,3,3348.49,2024-02-05,4,34,13475,704,MX,Sí
555,691,1,4259.99,2024-12-27,1,25,23287,144,México,Sí
556,343,1,3257.59,2025-04-12,8,24,13893,2515,México,Sí
557,955,3,3221.95,2024-12-06,6,29,29557,1971,MX,Sí
558,524,5,4236.52,2024-11-13,7,55,24401,1981,mex,Sí
559,458,1,4388.82,2024-05-30,9,34,7314,756,mex,Sí
560,630,2,2491.02,2024-12-09,10,21,9364,1185,USA,Sí
561,830,1,1216.99,2025-01-17,2,48,12652,280,México,Sí
562,408,2,3190.94,2024-03-14,9,32,30883,895,MX,Sí
563,819,3,4363.94,2025-04-24,3,32,40078,2369,USA,Sí
564,222,1,4868.61,2024-10-24,1,60,21725,1688,MX,Sí
565,677,5,4204.88,2024-05-30,1,29,37285,810,MX,Sí
566,252,5,2571.63,2024-02-27,1,48,31771,1997,México,Sí
567,951,3,4818.05,2024-02-16,7,34,28312,2136,México,Sí
568,756,5,161.3,2024-10-19,9,63,14957,1447,mex,No
569,591,1,586.46,2024-02-14,2,34,28405,2028,mex,Sí
570,414,2,4285.47,2024-02-18,10,36,49576,301,México,Sí
571,491,2,2005.54,2025-04-13,6,62,21479,314,México,Sí
572,785,2,253.08,2024-07-22,10,45,18821,410,mex,No
573,409,5,4390.48,2024-07-19,5,63,49720,188,MX,Sí
574,819,4,2908.33,2024-08-26,7,32,40078,2369,USA,Sí
575,931,4,1351.18,2024-08-28,7,56,44745,1087,México,Sí
576,728,4,4719.85,2025-03-02,5,55,18490,1228,mex,Sí
577,765,2,1898.98,2025-03-24,4,60,28896,357,USA,Sí
578,268,5,2520.65,2024-01-19,7,56,11580,472,mex,Sí
579,446,5,4951.02,2024-07-29,2,34,46564,2492,mex,Sí
580,598,2,3689.58,2025-02-07,9,23,48140,482,USA,Sí
581,845,3,2484.84,2024-11-21,8,19,32257,587,USA,Sí
582,111,4,2023.36,2025-04-01,4,23,43946,2787,México,Sí
583,243,4,4088.69,2024-02-03,10,23,48734,2399,México,Sí
584,437,1,2594.01,2024-03-23,3,33,38329,546,MX,Sí
585,984,1,1064.73,2025-04-06,1,18,18552,1086,USA,Sí
586,337,2,3581.14,2024-11-12,1,55,22493,1416,México,Sí
587,387,3,1900.98,2024-08-15,2,22,38335,2070,USA,Sí
588,503,4,2173.08,2025-03-06,1,37,33100,892,USA,Sí
589,626,5,1803.72,2024-05-25,5,21,23358,111,mex,Sí
590,232,3,885.4,2024-05-15,9,54,23472,488,mex,Sí
591,509,4,1115.98,2025-04-04,10,41,45104,375,México,Sí
592,106,1,4366.99,2025-01-28,4,30,16855,2477,USA,Sí
593,421,4,3575.56,2024-05-09,2,62,26012,339,MX,Sí
594,221,1,1221.34,2025-01-28,3,25,23086,2876,MX,Sí
595,824,2,1064.26,2024-01-23,7,65,14688,1696,mex,Sí
596,937,5,1448.11,2025-04-22,10,41,13834,2821,MX,Sí
597,846,2,801.25,2025-01-19,4,33,13935,2584,mex,Sí
598,696,1,3405.12,2025-04-24,8,19,29863,560,USA,Sí
599,141,5,1298.05,2024-11-03,4,65,31158,961,USA,Sí
600,793,5,631.36,2025-04-07,3,45,38553,1814,México,Sí
601,628,1,4285.72,2025-03-10,9,21,8137,116,mex,Sí
602,484,4,1460.9,2024-05-16,6,41,9016,1168,mex,Sí
603,801,2,1842.45,2025-01-21,8,23,12043,1760,mex,Sí
604,676,5,1065.79,2024-09-27,1,49,30814,2373,USA,Sí
605,877,1,2779.34,2024-11-19,6,20,31522,1326,MX,Sí
606,128,2,3984.62,2025-02-06,7,64,21480,696,México,Sí
607,920,3,384.19,2024-11-22,1,57,27776,2960,MX,Sí
608,443,4,1863.14,2024-12-20,5,26,29727,1400,USA,Sí
609,242,3,3224.97,2025-03-30,7,29,32445,2330,USA,Sí
610,510,2,2543.91,2024-07-05,4,35,7385,2489,MX,Sí
611,751,3,2049.81,2024-08-16,1,55,5270,2914,MX,Sí
612,140,5,3749.66,2025-01-22,7,34,5201,482,USA,Sí
613,961,5,1091.51,2024-10-23,4,57,17122,1259,México,Sí
614,942,4,2264.45,2024-05-11,10,26,9637,2119,MX,Sí
615,242,5,3273.09,2025-01-10,9,29,32445,2330,USA,Sí
616,855,4,1002.74,2024-12-29,1,42,21044,1684,México,Sí
617,240,3,2127.62,2024-06-22,5,33,32076,1424,México,Sí
618,465,3,3017.79,2024-05-20,7,57,32638,1664,mex,Sí
619,339,3,2674.73,2024-04-25,6,25,17164,1909,USA,Sí
620,296,2,359.41,2024-05-19,3,56,42733,1693,mex,Sí
621,300,3,3623.92,2024-03-13,6,63,49018,453,MX,Sí
622,505,3,1398.58,2025-01-22,1,28,49605,2726,USA,Sí
623,105,5,741.33,2024-04-08,6,33,11282,190,México,Sí
624,345,4,2063.77,2024-02-10,2,34,7122,2312,MX,Sí
625,772,1,2364.08,2025-03-21,1,46,45241,2772,MX,Sí
626,706,1,3975.98,2024-08-08,9,38,37073,1711,USA,Sí
627,937,1,3543.51,2024-04-10,10,41,13834,2821,MX,Sí
628,932,5,3963.68,2024-03-30,6,63,22591,1690,USA,Sí
629,258,2,3804.44,2025-05-08,7,20,32647,1773,MX,Sí
630,489,1,1824.99,2024-07-10,9,19,10346,2204,México,Sí
631,175,5,836.91,2024-03-11,3,54,44025,1961,MX,Sí
632,770,1,4424.9,2024-06-03,10,38,42260,241,mex,Sí
633,722,4,1808.39,2024-12-17,5,38,34531,2137,USA,Sí
634,262,3,568.8,2025-04-10,4,44,10318,2926,USA,Sí
635,951,4,2988.72,2025-03-17,7,34,28312,2136,México,Sí
636,652,1,3592.06,2024-04-16,10,34,41797,2639,USA,Sí
637,147,3,474.76,2024-02-09,2,56,24778,73,México,Sí
638,520,5,853.24,2024-02-03,9,40,11985,1488,USA,Sí
639,143,4,1612.35,2024-09-01,6,37,26479,2663,mex,Sí
640,159,5,4327.47,2025-02-26,7,48,35024,1989,MX,Sí
641,788,5,4663.66,2024-02-11,7,42,47622,1242,México,Sí
642,995,1,773.4,2024-11-19,8,51,28177,31,México,Sí
643,147,5,952.09,2024-05-29,10,56,24778,73,México,Sí
644,888,3,4847.82,2024-05-02,4,48,35029,1740,USA,Sí
645,986,5,2622.75,2025-03-21,10,21,26993,683,USA,Sí
646,896,4,3982.56,2025-03-10,10,18,12285,2324,MX,Sí
647,378,3,401.63,2024-10-02,6,56,15940,282,mex,Sí
648,174,4,3096.32,2024-12-31,9,51,18963,1867,mex,Sí
649,960,2,2925.46,2024-01-06,4,28,8432,568,USA,Sí
650,635,5,1099.56,2024-01-27,7,46,5592,337,mex,Sí
651,116,1,4412.03,2025-02-06,5,62,40224,1703,mex,Sí
652,670,5,4005.53,2024-03-11,4,20,45307,2822,México,Sí
653,296,1,4477.2,2024-02-21,9,56,42733,1693,mex,Sí
654,986,2,3984.41,2025-03-20,1,21,26993,683,USA,Sí
655,786,3,2488.17,2025-01-21,5,24,40823,511,mex,Sí
656,715,2,285.63,2024-10-14,8,41,40761,933,mex,No
657,961,3,127.07,2024-06-20,7,57,17122,1259,México,No
658,402,4,1467.71,2024-08-09,4,25,36298,2753,MX,Sí
659,548,2,2451.85,2024-04-18,7,48,21993,1282,México,Sí
660,601,5,3274.11,2024-11-12,3,38,5630,575,México,Sí
661,340,4,1961.86,2024-01-01,9,57,31090,1657,USA,Sí
662,351,5,1584.34,2024-01-24,4,21,45433,1970,USA,Sí
663,485,1,3621.24,2025-04-30,8,49,46962,740,mex,Sí
664,701,1,4778.11,2024-03-20,10,40,28671,1506,USA,Sí
665,367,4,1195.29,2024-05-16,7,38,27777,1863,USA,Sí
666,598,4,423.88,2024-03-06,5,23,48140,482,USA,Sí
667,802,3,3224.6,2024-07-13,1,57,24240,2477,MX,Sí
668,139,1,1726.64,2024-07-16,10,59,28606,365,USA,Sí
669,710,3,1665.37,2024-04-10,1,24,19043,149,USA,Sí
670,614,4,295.62,2025-05-08,8,18,6911,2546,USA,No
671,992,3,4802.37,2025-05-13,2,39,28357,48,MX,Sí
672,715,1,117.26,2024-01-15,2,41,40761,933,mex,No
673,485,5,4432.93,2025-03-19,9,49,46962,740,mex,Sí
674,416,2,3532.03,2024-08-03,1,37,16940,2567,México,Sí
675,150,1,992.27,2024-12-29,1,21,35202,2063,México,Sí
676,255,4,3762.94,2025-01-12,6,28,33941,2072,mex,Sí
677,541,4,2663.19,2024-04-18,6,19,24875,831,mex,Sí
678,923,1,2261.55,2024-02-19,2,57,33784,52,México,Sí
679,587,2,2076.27,2024-07-22,9,39,9302,743,mex,Sí
680,902,5,1395.65,2024-07-08,1,49,13532,2594,mex,Sí
681,379,2,2503.74,2024-10-26,6,38,30651,2441,mex,Sí
682,850,3,2328.77,2024-09-08,2,31,34879,246,México,Sí
683,313,4,4970.74,2024-12-17,6,61,33352,1749,USA,Sí
684,724,4,4400.48,2025-05-04,3,29,6289,1870,USA,Sí
685,528,3,1272.85,2024-11-05,4,32,13346,1438,México,Sí
686,946,4,1588.88,2024-11-26,4,34,23068,2117,México,Sí
687,928,3,2751.38,2024-06-09,10,58,15339,479,mex,Sí
688,952,4,634.63,2024-04-14,7,36,7569,1957,México,Sí
689,860,1,942.29,2024-08-19,8,59,17544,95,mex,Sí
690,573,2,4114.01,2024-04-25,8,56,19669,2269,USA,Sí
691,885,2,2637.0,2025-03-28,10,46,44465,2080,USA,Sí
692,232,5,3315.37,2025-02-08,1,54,23472,488,mex,Sí
693,992,4,2836.55,2024-11-29,7,39,28357,48,MX,Sí
694,400,4,1722.25,2024-12-01,4,63,13344,1078,México,Sí
695,759,4,4480.53,2024-10-17,3,28,8214,537,mex,Sí
696,524,4,3733.2,2025-01-31,8,55,24401,1981,mex,Sí
697,448,4,1151.44,2024-02-06,8,53,48456,2056,USA,Sí
698,364,2,4659.09,2024-09-20,9,48,49893,1002,USA,Sí
699,805,2,810.29,2025-03-04,9,33,25706,2151,mex,Sí
700,621,3,1468.23,2024-04-13,2,60,25186,1,México,Sí
701,350,5,2188.48,2024-10-17,7,20,40739,2006,mex,Sí
702,439,1,4683.48,2024-10-26,3,59,28815,893,México,Sí
703,352,4,4783.56,2024-08-17,5,53,42768,628,USA,Sí
704,921,1,1108.18,2024-08-31,9,53,38307,815,MX,Sí
705,597,2,610.83,2024-09-06,2,33,37995,77,MX,Sí
706,360,5,135.6,2024-03-17,8,24,17632,2218,MX,No
707,212,3,5022.18,2024-10-02,8,21,35974,1658,MX,Sí
708,269,4,3218.11,2024-05-04,4,58,42786,2218,USA,Sí
709,961,4,4773.21,2024-08-05,4,57,17122,1259,México,Sí
710,445,5,1931.74,2024-03-23,8,28,46120,2380,MX,Sí
711,102,5,2873.32,2024-02-09,8,33,48910,134,USA,Sí
712,343,2,2179.2,2024-07-12,7,24,13893,2515,México,Sí
713,212,4,4556.8,2024-09-27,10,21,35974,1658,MX,Sí
714,426,5,184.19,2024-11-28,3,25,34463,703,MX,No
715,315,3,2833.41,2024-07-28,5,31,32200,1575,USA,Sí
716,874,1,2970.21,2025-02-14,4,54,14189,1204,mex,Sí
717,364,3,998.18,2024-12-19,10,48,49893,1002,USA,Sí
718,722,3,4002.9,2024-04-26,8,38,34531,2137,USA,Sí
719,342,5,176.43,2024-04-22,1,64,8378,1254,USA,No
720,631,4,982.67,2024-10-05,3,59,21291,29,MX,Sí
721,526,4,5011.03,2025-03-31,6,24,43585,936,MX,Sí
722,260,1,926.76,2024-08-13,8,54,16529,2119,USA,Sí
723,365,2,2746.01,2025-02-25,6,58,34656,2564,USA,Sí
724,492,3,3615.09,2024-06-24,7,45,26748,434,mex,Sí
725,139,2,3425.08,2024-05-25,5,59,28606,365,USA,Sí
726,336,1,1980.83,2025-02-16,10,24,33845,946,MX,Sí
727,431,5,2879.72,2024-01-14,5,39,22227,917,USA,Sí
728,203,2,4694.41,2025-03-16,7,40,31161,36,USA,Sí
729,502,2,2937.03,2025-01-02,10,61,44395,79,USA,Sí
730,553,4,4833.51,2024-12-17,7,60,16125,2775,mex,Sí
731,201,4,4185.31,2024-04-27,7,33,48192,2392,MX,Sí
732,789,4,2241.02,2025-04-19,5,47,38220,1584,MX,Sí
733,380,2,1929.26,2024-02-16,4,29,49432,1053,MX,Sí
734,466,1,4538.56,2024-07-27,4,21,46409,1677,México,Sí
735,741,2,4011.28,2025-02-05,7,47,38425,2486,USA,Sí
736,794,5,2213.94,2024-06-06,3,41,33754,2651,México,Sí
737,511,3,4264.27,2025-03-18,9,46,12209,148,MX,Sí
738,858,3,256.01,2024-11-28,2,60,22267,277,MX,No
739,997,2,4844.76,2024-11-08,3,19,39370,1117,mex,Sí
740,434,1,2262.76,2025-03-14,1,34,37937,2827,USA,Sí
741,698,1,3745.69,2024-05-07,1,65,21389,1060,México,Sí
742,572,3,3491.99,2024-02-11,4,39,10726,604,México,Sí
743,551,3,3940.11,2024-09-17,3,62,42177,1115,MX,Sí
744,809,1,1552.75,2024-02-21,7,65,12603,779,USA,Sí
745,771,5,1314.74,2024-10-12,1,40,34781,745,México,Sí
746,772,3,376.56,2025-04-16,6,46,45241,2772,MX,Sí
747,779,2,4400.35,2024-11-30,8,62,44279,2204,México,Sí
748,692,1,2457.59,2024-03-08,3,58,5956,838,México,Sí
749,764,1,4110.19,2024-01-23,8,53,37076,538,MX,Sí
750,817,4,3787.85,2025-03-03,1,50,19625,1879,USA,Sí
751,622,5,1758.12,2024-05-09,3,33,20627,556,mex,Sí
752,600,5,1235.94,2024-05-01,6,43,27094,709,México,Sí
753,811,3,4238.54,2025-03-07,8,39,14665,1670,mex,Sí
754,466,4,4958.22,2025-05-07,10,21,46409,1677,México,Sí
755,963,5,1853.29,2024-05-09,3,36,37497,923,mex,Sí
756,373,5,2206.89,2024-10-02,5,54,38915,1108,MX,Sí
757,697,5,3269.42,2024-08-07,3,23,44923,1626,MX,Sí
758,992,1,4570.69,2025-05-11,3,39,28357,48,MX,Sí
759,340,3,746.7,2025-04-11,3,57,31090,1657,USA,Sí
760,489,3,4152.82,2025-02-20,7,19,10346,2204,México,Sí
761,998,5,2411.06,2024-12-06,10,59,8025,475,USA,Sí
762,916,3,622.08,2025-03-10,1,35,10853,305,MX,Sí
763,471,1,126.03,2025-04-07,6,31,38686,1054,MX,No
764,191,4,3173.89,2025-01-17,10,21,30465,775,mex,Sí
765,513,3,4307.05,2025-04-04,1,47,36204,186,mex,Sí
766,491,1,89.76,2025-03-01,3,62,21479,314,México,No
767,644,2,4232.78,2024-04-05,5,25,28234,188,México,Sí
768,702,5,4985.26,2025-04-14,8,28,17381,982,México,Sí
769,861,1,3137.65,2025-05-12,2,59,14790,2894,México,Sí
770,666,4,67.51,2024-12-07,5,64,5335,845,USA,No
771,964,3,584.06,2025-01-05,4,19,44200,273,México,Sí
772,733,2,3535.52,2024-07-19,10,49,30426,2645,mex,Sí
773,425,1,1419.64,2024-03-17,10,56,26085,1994,mex,Sí
774,338,3,3282.54,2025-01-19,10,47,20944,8,MX,Sí
775,287,2,221.72,2024-03-29,8,43,40301,2369,mex,No
776,438,3,2833.7,2024-03-27,2,32,31586,1398,mex,Sí
777,497,4,4282.65,2024-06-13,2,46,38927,309,mex,Sí
778,588,2,1772.35,2024-09-26,7,28,23278,196,mex,Sí
779,727,3,1984.41,2024-08-11,1,36,46819,2051,MX,Sí
780,146,1,4770.17,2024-11-26,5,32,31556,2673,USA,Sí
781,449,3,2232.99,2024-11-06,8,30,5384,1548,USA,Sí
782,202,1,2956.39,2024-06-24,1,50,49488,2620,USA,Sí
783,121,1,1510.83,2024-04-30,4,49,22929,615,USA,Sí
784,946,4,3520.97,2024-06-29,8,34,23068,2117,México,Sí
785,582,3,4745.3,2024-03-24,1,41,5865,1143,mex,Sí
786,617,5,2177.7,2024-11-14,10,51,9947,1279,USA,Sí
787,678,3,2452.39,2025-04-23,4,27,11370,2936,mex,Sí
788,853,1,1539.85,2024-01-03,2,18,38119,2702,USA,Sí
789,658,4,3795.19,2024-10-16,7,64,27977,482,MX,Sí
790,556,3,2171.65,2024-06-26,5,64,11791,2506,MX,Sí
791,481,4,4404.83,2024-08-22,8,44,7420,1084,USA,Sí
792,326,1,2865.61,2024-11-08,5,20,5315,2160,USA,Sí
793,364,1,4855.33,2024-05-29,7,48,49893,1002,USA,Sí
794,262,1,3722.66,2024-09-10,4,44,10318,2926,USA,Sí
795,216,4,4520.87,2024-09-07,9,34,13475,704,MX,Sí
796,665,4,2124.5,2024-02-17,3,55,35108,1791,México,Sí
797,883,4,3509.71,2024-08-26,4,36,5602,2401,México,Sí
798,198,4,4026.83,2024-02-20,2,43,29539,1283,mex,Sí
799,381,1,171.11,2024-09-28,7,53,6522,2088,México,No
800,637,1,2310.21,2024-02-27,3,61,24975,895,MX,Sí
801,758,1,4431.73,2024-06-18,1,25,6784,1757,México,Sí
802,375,2,3874.82,2025-02-11,8,46,28134,1084,MX,Sí
803,512,5,1893.45,2025-05-13,9,36,41750,1494,México,Sí
804,474,3,4709.42,2024-06-24,10,58,30402,2035,USA,Sí
805,767,5,4739.8,2024-04-05,2,55,15902,145,México,Sí
806,231,2,263.99,2024-06-12,6,41,5389,2257,mex,No
807,580,1,1060.75,2024-09-21,1,53,27930,2884,MX,Sí
808,646,5,3912.04,2024-02-22,3,19,46539,2587,mex,Sí
809,769,1,952.07,2024-11-23,8,55,43313,1447,mex,Sí
810,730,2,2125.15,2024-03-23,6,56,13499,232,MX,Sí
811,470,2,1689.76,2024-12-17,6,63,25565,2875,mex,Sí
812,583,1,4433.66,2024-02-15,9,62,44173,2912,USA,Sí
813,872,5,2488.79,2024-01-01,6,63,43730,1526,mex,Sí
814,735,5,2037.52,2024-05-19,3,37,43843,1661,México,Sí
815,256,2,4018.88,2024-03-30,6,62,23555,2273,México,Sí
816,139,4,1180.23,2024-02-27,9,59,28606,365,USA,Sí
817,221,5,2705.31,2024-12-12,9,25,23086,2876,MX,Sí
818,366,5,1988.92,2024-07-05,8,51,22561,1,mex,Sí
819,445,5,4718.46,2024-04-18,3,28,46120,2380,MX,Sí
820,806,1,4864.12,2024-11-07,3,36,9398,1489,USA,Sí
821,331,4,1444.64,2024-10-09,10,37,15430,2177,México,Sí
822,314,2,2317.38,2024-10-09,5,45,33997,454,USA,Sí
823,677,5,538.5,2024-02-07,1,29,37285,810,MX,Sí
824,270,4,4615.07,2024-08-26,7,38,41788,876,mex,Sí
825,822,1,4826.93,2024-10-06,10,18,12223,438,México,Sí
826,969,1,1713.83,2024-09-19,7,48,47288,2524,mex,Sí
827,592,5,3408.58,2025-01-20,9,22,36969,271,USA,Sí
828,898,5,4641.36,2025-02-25,5,56,46822,381,USA,Sí
829,801,3,1164.52,2024-10-15,3,23,12043,1760,mex,Sí
830,424,1,3272.76,2025-01-28,1,26,26797,2359,México,Sí
831,698,2,2791.3,2025-02-11,5,65,21389,1060,México,Sí
832,734,2,332.55,2024-10-17,8,55,33221,1362,mex,Sí
833,921,2,675.14,2024-09-10,2,53,38307,815,MX,Sí
834,348,5,3477.93,2024-12-25,6,58,19758,1081,MX,Sí
835,589,1,4339.78,2025-05-13,5,24,33899,258,USA,Sí
836,140,1,4486.38,2024-07-30,5,34,5201,482,USA,Sí
837,102,4,1294.64,2024-05-24,8,33,48910,134,USA,Sí
838,676,1,2857.43,2024-09-15,10,49,30814,2373,USA,Sí
839,969,1,3567.94,2024-03-19,7,48,47288,2524,mex,Sí
840,893,2,1799.53,2024-10-03,8,38,47894,1218,USA,Sí
841,910,2,744.43,2024-10-22,6,38,18766,2825,mex,Sí
842,912,5,4202.74,2024-08-03,7,54,33732,563,México,Sí
843,108,1,1591.36,2024-06-18,8,59,25543,2000,USA,Sí
844,854,5,4441.99,2025-01-12,2,44,44543,2558,mex,Sí
845,503,5,3687.6,2024-04-06,8,37,33100,892,USA,Sí
846,402,2,3263.13,2024-04-21,2,25,36298,2753,MX,Sí
847,341,4,481.7,2024-02-18,3,56,19983,1738,mex,Sí
848,861,3,1023.11,2024-06-15,1,59,14790,2894,México,Sí
849,483,5,480.8,2025-02-10,9,18,30529,1422,mex,Sí
850,626,3,4018.28,2024-08-07,9,21,23358,111,mex,Sí
851,794,3,3583.98,2024-06-09,5,41,33754,2651,México,Sí
852,505,5,3377.85,2025-04-04,6,28,49605,2726,USA,Sí
853,300,2,4869.86,2025-02-24,4,63,49018,453,MX,Sí
854,132,2,683.1,2025-03-21,1,19,23762,338,mex,Sí
855,741,2,2643.36,2024-10-26,5,47,38425,2486,USA,Sí
856,463,4,1419.43,2024-05-19,6,41,35826,1703,mex,Sí
857,121,3,4770.55,2024-09-12,8,49,22929,615,USA,Sí
858,176,2,88.66,2024-05-20,4,58,20943,2387,México,No
859,171,2,4976.36,2024-04-05,1,27,35971,2001,MX,Sí
860,484,1,2041.26,2024-10-18,8,41,9016,1168,mex,Sí
861,869,1,50.15,2024-11-26,4,60,36243,227,MX,No
862,584,4,1402.74,2024-01-12,4,51,24374,2226,MX,Sí
863,490,2,302.36,2024-08-08,1,35,6529,379,MX,Sí
864,936,3,3572.17,2024-01-13,1,45,16295,2189,USA,Sí
865,100,5,3931.84,2024-01-08,8,39,46401,2892,mex,Sí
866,720,2,4879.84,2024-04-14,2,61,35046,2192,USA,Sí
867,195,1,780.19,2024-08-13,9,58,45449,798,USA,Sí
868,750,1,3425.71,2025-03-10,4,56,40215,2870,mex,Sí
869,108,1,1787.26,2024-09-13,6,59,25543,2000,USA,Sí
870,149,4,2207.03,2025-05-14,8,19,8338,1287,MX,Sí
871,568,3,4509.9,2025-05-08,3,48,48493,202,México,Sí
872,418,5,4240.73,2024-05-05,8,58,29443,2674,México,Sí
873,941,3,2627.59,2024-04-02,4,48,43156,1670,MX,Sí
874,402,3,3648.47,2025-04-25,7,25,36298,2753,MX,Sí
875,428,5,1435.6,2025-01-16,10,58,17802,2818,mex,Sí
876,655,1,4376.57,2025-03-24,9,31,34732,1042,MX,Sí
877,766,1,5046.79,2025-03-08,4,54,49621,588,mex,Sí
878,126,1,3951.58,2024-07-09,6,59,16735,992,USA,Sí
879,694,4,664.69,2025-01-11,4,29,28813,2844,MX,Sí
880,738,2,3626.97,2024-08-22,3,47,35774,95,USA,Sí
881,647,3,1705.88,2024-06-29,9,27,15365,2932,México,Sí
882,995,3,3271.59,2024-11-18,3,51,28177,31,México,Sí
883,559,4,4514.91,2024-07-24,4,46,40529,764,USA,Sí
884,681,1,2946.03,2024-10-19,2,27,16885,2671,USA,Sí
885,270,2,1726.53,2024-09-23,7,38,41788,876,mex,Sí
886,745,3,4189.78,2024-06-24,3,49,33926,208,USA,Sí
887,380,4,3833.89,2024-10-11,6,29,49432,1053,MX,Sí
888,250,1,319.1,2025-04-13,6,21,11095,355,mex,Sí
889,806,2,2492.75,2024-06-17,3,36,9398,1489,USA,Sí
890,174,4,2716.55,2024-07-18,4,51,18963,1867,mex,Sí
891,786,4,4628.24,2024-11-23,6,24,40823,511,mex,Sí
892,710,5,4982.47,2024-09-17,7,24,19043,149,USA,Sí
893,680,2,2923.66,2025-04-28,2,58,45476,2920,México,Sí
894,702,1,113.84,2024-01-26,3,28,17381,982,México,No
895,935,5,921.19,2025-03-24,10,43,8016,1837,mex,Sí
896,193,4,4537.48,2024-10-08,2,58,48641,1943,MX,Sí
897,930,2,2388.3,2024-10-25,6,23,46482,2585,MX,Sí
898,198,5,3591.21,2024-02-29,5,43,29539,1283,mex,Sí
899,104,4,125.02,2024-05-08,3,47,43769,2213,USA,No
900,495,3,191.76,2025-01-02,6,61,41851,1590,México,No
901,752,5,917.04,2024-05-08,8,54,21417,964,México,Sí
902,157,1,4490.91,2024-07-15,4,55,42752,1124,USA,Sí
903,406,4,4700.91,2024-05-19,7,53,7551,281,USA,Sí
904,275,1,1002.15,2024-08-31,9,21,23290,749,México,Sí
905,868,4,4306.6,2024-04-13,5,60,14635,2043,USA,Sí
906,824,3,2168.95,2024-07-26,9,65,14688,1696,mex,Sí
907,808,3,1143.27,2024-09-29,1,50,19786,1403,USA,Sí
908,736,2,2715.12,2024-12-02,8,41,41472,2195,MX,Sí
909,816,4,434.77,2024-06-01,3,60,47101,41,USA,Sí
910,608,5,4955.67,2024-02-20,6,23,22477,2189,USA,Sí
911,544,4,2410.08,2025-05-09,6,47,25448,2633,USA,Sí
912,701,4,4093.45,2025-01-12,4,40,28671,1506,USA,Sí
913,521,2,637.97,2024-12-02,1,65,18750,1866,mex,Sí
914,147,2,4740.61,2024-01-17,4,56,24778,73,México,Sí
915,689,2,827.68,2024-02-22,1,55,25492,410,MX,Sí
916,971,4,2314.49,2024-05-05,9,48,36048,1156,MX,Sí
917,738,5,1202.54,2024-09-25,10,47,35774,95,USA,Sí
918,421,5,4771.99,2024-06-05,8,62,26012,339,MX,Sí
919,753,3,4919.99,2024-10-16,10,64,44009,2589,USA,Sí
920,212,4,848.45,2024-12-05,10,21,35974,1658,MX,Sí
921,572,5,4356.97,2024-11-19,7,39,10726,604,México,Sí
922,363,3,3813.03,2024-04-02,7,40,44677,1424,MX,Sí
923,783,5,3920.51,2024-08-07,9,19,21000,2674,México,Sí
924,141,4,4638.63,2025-01-12,1,65,31158,961,USA,Sí
925,874,2,2752.17,2024-01-15,6,54,14189,1204,mex,Sí
926,592,1,715.3,2024-04-10,7,22,36969,271,USA,Sí
927,466,2,4745.56,2025-05-14,2,21,46409,1677,México,Sí
928,897,5,4325.94,2024-10-10,3,60,49370,2787,México,Sí
929,682,3,1038.24,2024-12-18,10,34,12822,196,MX,Sí
930,576,5,3651.2,2024-01-09,10,43,24487,2113,México,Sí
931,595,5,1674.56,2024-11-14,3,59,20473,623,MX,Sí
932,240,1,1179.65,2024-12-22,9,33,32076,1424,México,Sí
933,370,5,1515.84,2025-04-19,9,36,30411,1632,mex,Sí
934,529,4,2663.28,2024-04-30,7,55,19855,335,MX,Sí
935,519,3,3438.52,2024-03-12,7,38,25610,2426,mex,Sí
936,995,5,3084.33,2024-05-19,6,51,28177,31,México,Sí
937,145,3,2284.71,2024-12-03,1,45,48995,580,mex,Sí
938,234,4,3905.81,2025-04-06,4,59,8383,763,México,Sí
939,771,5,4328.62,2025-02-15,6,40,34781,745,México,Sí
940,346,4,4054.3,2025-02-19,8,27,42816,808,MX,Sí
941,327,1,1682.37,2024-10-17,10,60,8368,2584,USA,Sí
942,913,4,4749.82,2024-09-11,8,64,14325,651,México,Sí
943,180,2,618.19,2025-01-04,4,58,27973,774,México,Sí
944,614,4,1076.88,2024-12-03,8,18,6911,2546,USA,Sí
945,781,3,1628.14,2024-01-13,2,32,26462,719,MX,Sí
946,852,4,3281.78,2024-06-18,8,64,24482,190,mex,Sí
947,797,4,3433.89,2024-10-18,9,23,34102,2264,USA,Sí
948,688,4,967.02,2024-01-16,7,19,22280,547,USA,Sí
949,921,4,373.52,2024-01-22,1,53,38307,815,MX,Sí
950,964,4,4406.23,2024-02-22,10,19,44200,273,México,Sí
951,303,3,1868.32,2024-10-23,9,52,49751,1015,mex,Sí
952,622,2,3515.88,2024-10-29,10,33,20627,556,mex,Sí
953,929,4,366.38,2024-01-10,10,53,34265,844,México,Sí
954,529,4,4500.45,2024-08-16,7,55,19855,335,MX,Sí
955,745,4,2583.86,2024-06-18,2,49,33926,208,USA,Sí
956,869,4,1034.17,2024-12-29,1,60,36243,227,MX,Sí
957,134,1,976.58,2025-01-08,2,18,7001,3000,México,Sí
958,679,4,2603.31,2024-09-01,10,23,49058,899,mex,Sí
959,175,4,1029.76,2025-03-31,10,54,44025,1961,MX,Sí
960,201,4,4741.06,2024-12-28,9,33,48192,2392,MX,Sí
961,894,5,1286.45,2024-05-29,8,25,17607,2324,México,Sí
962,879,1,3881.26,2024-11-02,8,43,7591,1541,mex,Sí
963,983,4,706.61,2025-02-09,7,43,38115,2324,mex,Sí
964,895,3,2550.65,2024-04-14,6,30,15768,848,MX,Sí
965,178,5,3951.3,2024-08-26,1,42,13065,729,USA,Sí
966,793,4,1808.48,2024-10-07,8,45,38553,1814,México,Sí
967,156,1,789.14,2024-09-25,3,61,9507,730,México,Sí
968,640,2,2968.35,2024-02-13,7,25,28342,1552,mex,Sí
969,231,4,5011.13,2025-03-27,6,41,5389,2257,mex,Sí
970,992,2,3555.43,2024-09-07,5,39,28357,48,MX,Sí
971,549,2,5003.96,2024-01-30,4,53,11523,1359,mex,Sí
972,506,2,314.77,2024-07-28,10,26,7564,2525,mex,Sí
973,484,2,1778.21,2025-01-10,8,41,9016,1168,mex,Sí
974,418,4,4827.0,2025-04-28,10,58,29443,2674,México,Sí
975,949,5,1171.6,2024-12-10,8,18,29596,1959,MX,Sí
976,806,4,3599.9,2024-12-21,5,36,9398,1489,USA,Sí
977,105,4,3599.67,2024-06-05,5,33,11282,190,México,Sí
978,310,5,3185.59,2024-09-26,9,26,40677,2458,mex,Sí
979,494,4,2469.19,2024-03-10,3,63,33640,532,México,Sí
980,835,2,1413.7,2024-06-13,9,30,5366,277,México,Sí
981,226,2,3643.03,2025-03-30,4,62,7997,1327,mex,Sí
982,282,5,3392.82,2025-01-23,9,32,7721,2037,mex,Sí
983,171,4,2596.14,2024-05-28,10,27,35971,2001,MX,Sí
984,920,4,3308.98,2024-04-22,2,57,27776,2960,MX,Sí
985,274,3,3334.86,2025-04-15,8,46,32023,2591,USA,Sí
986,863,1,3279.39,2024-02-27,7,47,20139,2074,MX,Sí
987,860,2,176.02,2024-04-04,9,59,17544,95,mex,No
988,807,2,1183.44,2024-04-01,3,40,25013,1521,México,Sí
989,663,3,1248.56,2025-04-09,10,63,43037,480,MX,Sí
990,850,2,2493.95,2024-05-04,8,31,34879,246,México,Sí
991,240,3,3631.12,2024-05-15,3,33,32076,1424,México,Sí
992,293,3,3322.49,2025-03-22,5,27,41519,2054,USA,Sí
993,828,3,1768.02,2024-01-28,3,39,42660,2279,mex,Sí
994,160,3,3914.13,2024-02-09,1,44,47669,2237,USA,Sí
995,248,3,2165.05,2024-06-30,6,60,24637,1534,mex,Sí
996,688,4,770.63,2025-03-04,9,19,22280,547,USA,Sí
997,740,5,4015.02,2024-01-05,7,18,11912,892,mex,Sí
998,371,3,3347.86,2025-01-14,9,41,18411,1460,USA,Sí
999,810,3,892.19,2024-06-09,1,57,22688,120,MX,Sí
1000,576,2,899.2,2025-02-01,5,43,24487,2113,México,Sí
1001,940,2,2966.93,2024-02-13,7,47,36993,2282,MX,Sí
1002,242,4,1173.29,2025-03-27,9,29,32445,2330,USA,Sí
1003,561,1,3081.39,2025-04-17,10,18,11879,2046,MX,Sí
1004,723,4,3388.56,2024-02-15,5,28,26994,1331,MX,Sí
1005,969,3,2804.71,2024-05-22,8,48,47288,2524,mex,Sí
1006,997,4,1978.2,2025-03-26,4,19,39370,1117,mex,Sí
1007,150,2,4749.56,2024-01-18,4,21,35202,2063,México,Sí
1008,714,2,3345.16,2024-05-15,4,58,42442,76,MX,Sí
1009,152,1,3411.58,2025-03-02,3,60,8588,1616,México,Sí
1010,725,4,2658.58,2024-08-10,7,35,40680,989,USA,Sí
1011,960,5,835.58,2024-07-04,4,28,8432,568,USA,Sí
1012,825,5,4896.73,2024-04-17,2,44,26214,2215,México,Sí
1013,267,3,3086.67,2025-01-03,9,34,10707,1877,mex,Sí
1014,189,5,1377.92,2024-10-21,2,63,30959,295,México,Sí
1015,974,3,827.61,2024-09-24,3,27,18665,1687,México,Sí
1016,511,4,4340.17,2024-06-25,2,46,12209,148,MX,Sí
1017,904,5,4089.15,2024-06-21,4,39,24753,1968,mex,Sí
1018,533,3,289.59,2025-01-06,6,18,9775,18,MX,No
1019,671,3,1933.42,2024-09-14,5,65,48660,2686,MX,Sí
1020,696,5,4870.14,2025-02-28,4,19,29863,560,USA,Sí
1021,291,1,2089.27,2024-01-06,9,43,10254,1322,USA,Sí
1022,214,1,1685.86,2024-04-14,1,20,20086,1071,MX,Sí
1023,732,2,2394.75,2024-07-18,6,55,19096,2362,mex,Sí
1024,752,5,1037.72,2024-06-30,3,54,21417,964,México,Sí
1025,132,3,2159.71,2024-10-22,7,19,23762,338,mex,Sí
1026,700,2,1854.21,2025-05-08,9,64,5742,2265,MX,Sí
1027,364,5,3608.1,2025-02-04,9,48,49893,1002,USA,Sí
1028,960,1,4824.51,2024-05-20,6,28,8432,568,USA,Sí
1029,861,4,2831.93,2025-04-07,10,59,14790,2894,México,Sí
1030,997,1,3186.36,2025-01-17,10,19,39370,1117,mex,Sí
1031,474,2,172.25,2024-06-28,8,58,30402,2035,USA,No
1032,567,3,3227.47,2025-03-06,5,19,26297,1043,mex,Sí
1033,486,5,2112.55,2024-04-30,10,27,40105,2289,MX,Sí
1034,204,4,189.51,2024-02-27,5,38,49066,2418,USA,No
1035,192,1,4631.32,2024-08-11,5,37,29473,2654,MX,Sí
1036,182,5,3589.57,2024-10-02,7,48,40380,318,México,Sí
1037,548,4,2653.21,2025-01-31,5,48,21993,1282,México,Sí
1038,671,5,4672.37,2024-12-28,9,65,48660,2686,MX,Sí
1039,176,5,461.6,2025-02-08,9,58,20943,2387,México,Sí
1040,624,3,3920.11,2024-06-27,5,65,38506,963,México,Sí
1041,331,5,3443.23,2024-12-27,6,37,15430,2177,México,Sí
1042,735,5,4625.01,2024-03-18,1,37,43843,1661,México,Sí
1043,721,2,3642.1,2024-09-16,5,38,46783,1062,USA,Sí
1044,668,5,1672.4,2024-02-15,5,52,6535,137,MX,Sí
1045,235,2,210.29,2024-05-15,3,36,31241,1944,mex,No
1046,520,3,2240.29,2024-08-31,2,40,11985,1488,USA,Sí
1047,229,2,1776.83,2024-11-26,3,50,12112,961,MX,Sí
1048,427,1,4891.15,2025-02-06,2,18,23431,937,USA,Sí
1049,263,3,1123.06,2024-07-27,5,23,6784,2468,México,Sí
1050,953,3,1418.96,2024-02-18,7,45,42329,1618,USA,Sí
1051,126,1,3516.11,2025-05-13,10,59,16735,992,USA,Sí
1052,570,5,4901.05,2024-03-04,8,23,30514,1878,México,Sí
1053,325,1,3077.51,2025-02-10,3,33,42578,1192,USA,Sí
1054,842,2,1816.4,2024-11-30,3,28,24230,689,México,Sí
1055,477,2,4800.57,2024-01-13,3,33,11252,562,mex,Sí
1056,374,4,2912.22,2025-01-19,2,32,5280,2398,USA,Sí
1057,403,2,2439.58,2024-09-05,1,30,11716,134,México,Sí
1058,776,4,4153.97,2024-05-08,9,21,38223,518,USA,Sí
1059,424,2,2734.23,2024-12-22,10,26,26797,2359,México,Sí
1060,659,2,2026.28,2024-04-20,10,28,34997,1030,USA,Sí
1061,930,5,2793.04,2024-03-17,2,23,46482,2585,MX,Sí
1062,219,2,797.69,2025-02-13,7,41,34876,2688,MX,Sí
1063,792,5,1334.89,2024-09-29,10,37,44106,2958,mex,Sí
1064,223,5,3574.68,2024-01-28,2,31,37280,2939,México,Sí
1065,660,4,1725.85,2025-01-12,8,48,9588,1272,USA,Sí
1066,614,3,428.94,2024-12-18,3,18,6911,2546,USA,Sí
1067,416,5,1762.02,2024-02-06,4,37,16940,2567,México,Sí
1068,540,3,3196.23,2025-03-20,6,59,39690,2249,mex,Sí
1069,191,5,4711.66,2024-02-29,9,21,30465,775,mex,Sí
1070,685,5,1463.44,2025-03-12,6,59,38938,2532,USA,Sí
1071,965,2,2086.03,2024-05-10,1,18,46059,551,México,Sí
1072,682,5,4722.98,2025-01-09,10,34,12822,196,MX,Sí
1073,493,2,2944.55,2025-01-14,1,22,18300,1832,USA,Sí
1074,129,5,3978.86,2025-05-14,7,23,11160,1445,USA,Sí
1075,257,5,1739.36,2025-01-20,9,49,40490,1784,mex,Sí
1076,922,1,2136.53,2025-05-10,8,45,25485,1114,México,Sí
1077,589,4,2162.59,2024-05-19,2,24,33899,258,USA,Sí
1078,825,4,4097.05,2024-02-24,2,44,26214,2215,México,Sí
1079,346,1,1085.44,2024-01-10,5,27,42816,808,MX,Sí
1080,381,1,3898.26,2024-07-30,9,53,6522,2088,México,Sí
1081,797,3,4625.86,2024-04-25,5,23,34102,2264,USA,Sí
1082,428,3,4318.76,2024-09-06,10,58,17802,2818,mex,Sí
1083,260,1,4540.41,2024-04-25,5,54,16529,2119,USA,Sí
1084,634,3,1091.49,2024-05-03,7,61,46650,1776,mex,Sí
1085,395,4,73.78,2024-11-11,2,37,47861,99,USA,No
1086,813,3,2044.28,2024-06-12,5,58,9545,2937,México,Sí
1087,294,4,832.25,2024-09-06,1,21,5565,1288,México,Sí
1088,684,1,4264.78,2025-01-04,2,53,12406,1882,USA,Sí
1089,668,4,1761.37,2025-01-19,9,52,6535,137,MX,Sí
1090,807,3,124.29,2024-11-21,3,40,25013,1521,México,No
1091,175,4,3767.8,2024-06-09,4,54,44025,1961,MX,Sí
1092,906,2,759.48,2024-11-01,7,38,43454,1110,MX,Sí
1093,389,4,3101.17,2025-03-28,7,48,41106,2281,mex,Sí
1094,799,4,3127.69,2024-12-20,7,48,36992,451,México,Sí
1095,432,4,3210.74,2025-04-03,7,49,32424,2293,MX,Sí
1096,720,2,4268.9,2024-02-05,9,61,35046,2192,USA,Sí
1097,934,1,4860.52,2024-07-01,10,31,6023,2845,MX,Sí
1098,637,1,368.76,2025-02-06,9,61,24975,895,MX,Sí
1099,786,2,1271.52,2024-05-30,8,24,40823,511,mex,Sí
1100,979,3,4326.73,2024-10-29,5,33,14416,1590,MX,Sí
1101,512,5,1398.63,2024-10-08,1,36,41750,1494,México,Sí
1102,386,3,5036.6,2024-04-17,1,20,16072,410,USA,Sí
1103,783,3,2563.44,2025-02-26,8,19,21000,2674,México,Sí
1104,133,1,630.73,2024-08-09,9,31,34375,2946,mex,Sí
1105,107,3,866.05,2024-09-08,1,54,29036,356,USA,Sí
1106,670,1,2608.4,2024-06-04,1,20,45307,2822,México,Sí
1107,235,4,392.52,2024-04-25,10,36,31241,1944,mex,Sí
1108,136,2,3572.67,2024-08-01,1,64,38475,1183,MX,Sí
1109,828,5,2760.43,2024-12-30,1,39,42660,2279,mex,Sí
1110,901,3,1925.41,2024-11-19,2,39,15923,752,mex,Sí
1111,637,4,2644.23,2024-10-31,5,61,24975,895,MX,Sí
1112,651,3,814.74,2025-04-30,4,46,45390,1266,México,Sí
1113,159,1,2641.42,2024-03-21,3,48,35024,1989,MX,Sí
1114,798,1,1566.17,2024-03-09,8,18,11536,114,México,Sí
1115,505,5,1690.26,2025-02-20,2,28,49605,2726,USA,Sí
1116,464,3,1009.06,2024-09-14,1,59,31496,2508,USA,Sí
1117,518,2,1072.93,2024-02-01,7,49,18793,823,México,Sí
1118,370,3,826.85,2024-09-28,3,36,30411,1632,mex,Sí
1119,636,2,2325.44,2024-09-21,3,54,27244,482,México,Sí
1120,822,1,2544.66,2025-04-19,3,18,12223,438,México,Sí
1121,473,2,1743.91,2025-01-06,8,49,16476,489,USA,Sí
1122,344,2,2362.01,2024-09-30,4,45,42134,633,USA,Sí
1123,177,2,3642.1,2024-07-22,9,44,27745,2614,México,Sí
1124,240,1,1585.6,2024-02-05,5,33,32076,1424,México,Sí
1125,955,3,2184.3,2025-01-18,6,29,29557,1971,MX,Sí
1126,521,4,4986.06,2025-03-26,6,65,18750,1866,mex,Sí
1127,124,3,2108.61,2024-10-07,6,55,10578,1128,USA,Sí
1128,263,1,2037.74,2024-07-30,10,23,6784,2468,México,Sí
1129,390,5,1720.1,2024-02-14,5,35,9790,2386,MX,Sí
1130,946,2,422.58,2024-04-27,10,34,23068,2117,México,Sí
1131,140,2,3775.11,2024-10-25,8,34,5201,482,USA,Sí
1132,960,3,4049.89,2024-07-18,6,28,8432,568,USA,Sí
1133,787,1,4692.91,2024-09-12,8,28,6971,2670,mex,Sí
1134,377,2,1371.84,2024-10-30,3,30,20055,902,MX,Sí
1135,467,2,1530.14,2024-10-10,10,43,45424,42,México,Sí
1136,123,2,2048.05,2024-02-25,4,29,24120,2911,MX,Sí
1137,502,1,2499.48,2025-04-20,3,61,44395,79,USA,Sí
1138,623,1,2501.08,2024-06-03,1,27,8786,2991,MX,Sí
1139,517,1,172.85,2025-03-12,3,24,23829,2455,México,No
1140,856,2,643.5,2024-10-31,7,40,41356,2399,México,Sí
1141,648,5,609.71,2024-10-24,7,60,17397,2430,MX,Sí
1142,461,1,1402.18,2024-02-03,6,23,25018,213,USA,Sí
1143,493,4,3512.95,2024-11-26,3,22,18300,1832,USA,Sí
1144,232,1,4319.78,2024-02-16,9,54,23472,488,mex,Sí
1145,294,2,1483.1,2024-05-15,5,21,5565,1288,México,Sí
1146,701,5,1319.84,2024-12-23,9,40,28671,1506,USA,Sí
1147,923,1,4822.11,2024-06-25,9,57,33784,52,México,Sí
1148,489,3,341.61,2025-03-14,3,19,10346,2204,México,Sí
1149,478,3,551.02,2024-02-11,2,32,39438,2532,MX,Sí
1150,402,2,3192.64,2024-03-21,10,25,36298,2753,MX,Sí
1151,203,5,3694.07,2024-04-10,9,40,31161,36,USA,Sí
1152,529,5,1396.19,2024-09-19,9,55,19855,335,MX,Sí
1153,561,1,173.72,2025-01-27,9,18,11879,2046,MX,No
1154,911,5,418.75,2024-09-07,3,37,38383,2167,USA,Sí
1155,918,4,3887.52,2025-01-05,5,41,15225,1712,USA,Sí
1156,801,4,782.38,2024-11-16,8,23,12043,1760,mex,Sí
1157,920,2,2789.36,2025-04-29,3,57,27776,2960,MX,Sí
1158,206,5,2634.79,2024-11-26,8,46,25056,2521,mex,Sí
1159,826,4,1954.08,2024-11-07,10,57,48830,2884,mex,Sí
1160,985,1,464.5,2024-07-16,8,34,34761,272,USA,Sí
1161,492,1,3749.15,2024-11-30,2,45,26748,434,mex,Sí
1162,674,5,571.5,2024-02-24,3,51,28758,415,USA,Sí
1163,860,3,362.49,2025-01-12,6,59,17544,95,mex,Sí
1164,698,3,4251.67,2024-09-07,10,65,21389,1060,México,Sí
1165,470,1,1575.54,2024-04-11,1,63,25565,2875,mex,Sí
1166,888,1,4212.67,2025-03-18,10,48,35029,1740,USA,Sí
1167,991,1,4280.28,2025-01-05,2,30,13749,2220,USA,Sí
1168,634,3,3187.84,2024-12-11,6,61,46650,1776,mex,Sí
1169,824,2,406.65,2024-08-20,2,65,14688,1696,mex,Sí
1170,237,3,3620.65,2024-05-13,2,57,47645,2747,México,Sí
1171,261,2,92.79,2024-02-26,6,50,8961,137,México,No
1172,436,2,498.35,2024-12-26,4,29,17963,295,USA,Sí
1173,558,3,970.92,2024-05-27,10,65,38789,1231,MX,Sí
1174,740,5,4452.12,2025-05-11,4,18,11912,892,mex,Sí
1175,658,1,4391.43,2025-03-27,10,64,27977,482,MX,Sí
1176,853,3,3939.72,2024-09-15,3,18,38119,2702,USA,Sí
1177,721,4,2422.31,2024-05-02,8,38,46783,1062,USA,Sí
1178,336,5,4003.16,2024-04-12,7,24,33845,946,MX,Sí
1179,703,2,4493.06,2024-05-31,9,29,21492,1237,mex,Sí
1180,398,1,2940.81,2024-09-30,10,23,36059,853,USA,Sí
1181,420,4,4325.22,2025-04-05,1,44,21877,1157,USA,Sí
1182,478,5,3540.55,2024-09-14,5,32,39438,2532,MX,Sí
1183,885,5,4732.14,2025-04-19,10,46,44465,2080,USA,Sí
1184,864,3,3001.37,2024-11-30,6,26,43680,2987,USA,Sí
1185,863,3,565.56,2025-04-08,4,47,20139,2074,MX,Sí
1186,857,2,3322.81,2024-10-09,9,44,43295,1344,mex,Sí
1187,644,3,2158.15,2025-01-17,6,25,28234,188,México,Sí
1188,561,5,4281.16,2024-10-27,5,18,11879,2046,MX,Sí
1189,580,2,3730.02,2025-03-14,2,53,27930,2884,MX,Sí
1190,330,4,4900.85,2024-10-30,2,63,6658,2786,USA,Sí
1191,840,4,809.66,2024-10-21,5,62,42521,2045,mex,Sí
1192,698,5,1788.84,2024-03-07,7,65,21389,1060,México,Sí
1193,726,4,238.2,2024-06-05,5,43,14852,2606,MX,No
1194,375,1,104.28,2024-09-05,5,46,28134,1084,MX,No
1195,778,3,4380.28,2024-01-27,7,48,32231,479,México,Sí
1196,254,5,4025.11,2024-07-13,6,63,13917,1074,mex,Sí
1197,654,3,1072.85,2025-01-30,4,56,31616,1539,USA,Sí
1198,416,4,2807.81,2024-10-24,4,37,16940,2567,México,Sí
1199,819,1,4273.58,2024-02-08,9,32,40078,2369,USA,Sí
1200,129,4,4676.86,2025-02-10,3,23,11160,1445,USA,Sí
1201,998,1,3341.35,2025-03-25,6,59,8025,475,USA,Sí
1202,913,5,469.64,2024-09-28,5,64,14325,651,México,Sí
1203,702,5,4226.27,2024-05-15,9,28,17381,982,México,Sí
1204,480,3,3072.64,2024-05-29,7,62,33629,2359,USA,Sí
1205,545,3,3611.97,2024-05-02,1,51,18201,206,México,Sí
1206,719,1,4449.49,2025-02-20,6,39,7300,173,mex,Sí
1207,205,1,3741.42,2024-11-14,10,49,12301,1419,México,Sí
1208,947,4,815.03,2024-07-08,5,46,23243,2966,mex,Sí
1209,132,5,1453.15,2025-01-19,1,19,23762,338,mex,Sí
1210,747,3,3796.02,2024-01-01,8,22,33136,1663,USA,Sí
1211,805,4,4469.68,2024-08-27,8,33,25706,2151,mex,Sí
1212,339,1,3796.13,2024-07-27,9,25,17164,1909,USA,Sí
1213,956,2,1615.19,2025-03-08,4,47,23801,1725,mex,Sí
1214,405,3,3401.61,2025-01-03,7,25,17009,250,USA,Sí
1215,256,5,3330.4,2025-01-22,10,62,23555,2273,México,Sí
1216,280,2,4201.92,2024-05-26,10,65,6748,2517,México,Sí
1217,101,1,1993.95,2024-12-19,4,35,48360,676,mex,Sí
1218,765,3,3452.62,2024-11-27,3,60,28896,357,USA,Sí
1219,444,1,1539.41,2024-04-21,3,59,48591,2080,USA,Sí
1220,479,3,99.51,2024-12-08,4,35,13934,323,mex,No
1221,923,2,1154.29,2025-04-07,10,57,33784,52,México,Sí
1222,132,2,1844.95,2025-04-02,5,19,23762,338,mex,Sí
1223,766,2,4258.8,2024-10-12,4,54,49621,588,mex,Sí
1224,928,4,1855.55,2025-04-10,6,58,15339,479,mex,Sí
1225,169,4,496.24,2024-08-14,10,56,19741,1636,MX,Sí
1226,666,1,4502.95,2025-05-07,3,64,5335,845,USA,Sí
1227,374,4,4718.35,2024-06-28,10,32,5280,2398,USA,Sí
1228,904,3,3797.65,2024-05-24,2,39,24753,1968,mex,Sí
1229,207,1,3420.8,2024-06-24,8,47,8948,1169,USA,Sí
1230,640,5,1306.89,2025-02-16,4,25,28342,1552,mex,Sí
1231,450,5,4855.47,2024-06-13,8,20,10584,1518,México,Sí
1232,833,4,2689.24,2024-05-07,7,49,32532,741,mex,Sí
1233,731,3,203.0,2025-03-11,3,50,29594,1215,MX,No
1234,749,5,4384.72,2025-04-02,10,60,44177,1095,MX,Sí
1235,220,4,1588.62,2024-06-05,7,23,21362,2699,MX,Sí
1236,338,3,1179.71,2025-04-03,10,47,20944,8,MX,Sí
1237,798,1,2492.36,2025-04-21,3,18,11536,114,México,Sí
1238,676,2,3012.38,2024-01-27,5,49,30814,2373,USA,Sí
1239,369,1,1072.27,2025-04-25,2,47,33542,2757,MX,Sí
1240,158,4,3035.04,2024-12-20,8,32,48172,6,USA,Sí
1241,682,5,4577.68,2024-11-06,4,34,12822,196,MX,Sí
1242,155,1,3006.37,2024-09-02,7,18,38801,1270,USA,Sí
1243,928,3,464.95,2024-12-19,3,58,15339,479,mex,Sí
1244,388,4,3701.89,2024-08-05,10,38,47858,1486,USA,Sí
1245,671,2,754.62,2024-02-08,10,65,48660,2686,MX,Sí
1246,624,1,1959.25,2025-02-19,1,65,38506,963,México,Sí
1247,595,4,4971.14,2025-01-04,8,59,20473,623,MX,Sí
1248,554,2,4781.73,2025-03-03,5,27,17733,2357,mex,Sí
1249,639,4,3520.19,2024-07-06,8,34,13828,1321,USA,Sí
1250,863,5,3763.62,2024-03-11,5,47,20139,2074,MX,Sí
1251,958,2,4382.06,2024-05-27,9,20,34025,2025,México,Sí
1252,532,4,2424.53,2024-01-13,8,37,15076,298,mex,Sí
1253,487,1,4792.0,2024-10-26,2,39,49318,1823,mex,Sí
1254,946,2,2488.03,2024-11-22,8,34,23068,2117,México,Sí
1255,129,4,3842.64,2024-08-27,2,23,11160,1445,USA,Sí
1256,225,2,1757.09,2024-11-21,3,20,32631,2520,USA,Sí
1257,295,2,1395.62,2024-04-06,2,20,29968,1553,mex,Sí
1258,276,3,5020.89,2024-07-29,2,34,21112,384,mex,Sí
1259,422,3,125.6,2025-02-14,1,62,13156,279,México,No
1260,863,1,3631.39,2024-07-31,10,47,20139,2074,MX,Sí
1261,652,1,4231.08,2025-01-22,4,34,41797,2639,USA,Sí
1262,541,2,1858.89,2024-12-19,5,19,24875,831,mex,Sí
1263,232,2,2156.75,2025-05-09,7,54,23472,488,mex,Sí
1264,501,1,2950.71,2024-06-23,1,27,29698,686,MX,Sí
1265,974,5,1654.56,2024-02-01,4,27,18665,1687,México,Sí
1266,618,5,1905.77,2024-07-17,9,21,26606,1944,México,Sí
1267,244,1,2402.51,2025-01-26,5,55,29630,863,MX,Sí
1268,234,2,4046.05,2024-05-03,9,59,8383,763,México,Sí
1269,513,4,2566.95,2024-04-03,5,47,36204,186,mex,Sí
1270,620,4,1503.96,2024-11-15,4,28,20189,1137,México,Sí
1271,732,3,3026.58,2024-06-26,10,55,19096,2362,mex,Sí
1272,887,3,2196.02,2025-04-01,3,47,24842,559,mex,Sí
1273,698,3,2115.31,2024-11-06,9,65,21389,1060,México,Sí
1274,505,4,4897.58,2025-03-03,4,28,49605,2726,USA,Sí
1275,354,2,3364.46,2024-07-23,1,19,8331,2173,mex,Sí
1276,140,1,916.62,2024-12-07,9,34,5201,482,USA,Sí
1277,465,2,2900.85,2025-01-24,2,57,32638,1664,mex,Sí
1278,615,2,4471.4,2024-08-17,7,37,17547,2162,mex,Sí
1279,852,2,3858.6,2024-01-23,10,64,24482,190,mex,Sí
1280,624,1,3340.33,2024-01-24,3,65,38506,963,México,Sí
1281,240,1,2792.66,2025-01-01,1,33,32076,1424,México,Sí
1282,894,2,921.49,2025-01-24,4,25,17607,2324,México,Sí
1283,564,3,4038.21,2024-10-17,6,24,44347,1317,MX,Sí
1284,829,3,883.22,2024-05-17,9,65,26821,2538,mex,Sí
1285,594,1,4920.16,2024-09-04,6,39,12878,2446,MX,Sí
1286,368,5,1069.21,2024-10-07,2,62,12018,1685,mex,Sí
1287,337,4,4934.6,2024-11-07,2,55,22493,1416,México,Sí
1288,148,4,2166.3,2025-04-27,6,28,25799,1088,MX,Sí
1289,886,4,4630.23,2024-08-17,6,28,21719,980,MX,Sí
1290,404,1,1626.24,2024-07-07,10,29,13871,2788,MX,Sí
1291,610,1,2011.2,2025-03-28,4,48,5472,2457,USA,Sí
1292,103,5,4789.21,2025-01-16,10,28,6225,1183,USA,Sí
1293,602,5,3807.85,2024-02-20,3,65,9780,2039,mex,Sí
1294,959,1,1247.86,2024-03-08,10,65,23767,1312,MX,Sí
1295,429,5,3732.98,2025-01-26,8,36,38668,1660,México,Sí
1296,256,4,1372.52,2024-01-26,5,62,23555,2273,México,Sí
1297,223,2,795.02,2025-02-08,6,31,37280,2939,México,Sí
1298,611,1,2590.6,2024-07-25,6,38,22073,2739,MX,Sí
1299,525,4,1387.1,2024-03-03,9,27,16922,2099,México,Sí
1300,767,2,4902.18,2024-03-08,8,55,15902,145,México,Sí
1301,460,4,2098.18,2025-03-16,2,39,11124,641,USA,Sí
1302,304,4,2034.45,2024-03-09,5,53,36653,125,MX,Sí
1303,152,5,4407.5,2025-04-10,1,60,8588,1616,México,Sí
1304,449,5,140.98,2024-10-17,9,30,5384,1548,USA,No
1305,539,5,376.66,2024-10-30,9,23,31722,2119,mex,Sí
1306,451,3,4766.99,2024-08-12,5,34,35639,8,MX,Sí
1307,747,2,3231.15,2024-02-21,7,22,33136,1663,USA,Sí
1308,769,5,1016.86,2024-06-05,10,55,43313,1447,mex,Sí
1309,973,5,3147.12,2024-07-08,1,23,13458,560,MX,Sí
1310,151,1,3358.31,2025-02-08,1,33,44852,468,MX,Sí
1311,891,2,2204.09,2024-09-13,3,41,24848,985,México,Sí
1312,823,2,3413.89,2024-12-22,6,37,27933,1965,MX,Sí
1313,624,2,3345.72,2024-08-13,3,65,38506,963,México,Sí
1314,138,2,3806.86,2024-11-10,9,45,16256,1991,USA,Sí
1315,609,1,554.93,2024-01-13,9,47,38145,933,mex,Sí
1316,128,4,1906.93,2025-01-23,8,64,21480,696,México,Sí
1317,585,2,1317.47,2024-03-13,10,61,33558,1232,USA,Sí
1318,429,5,3331.43,2024-08-02,2,36,38668,1660,México,Sí
1319,634,3,2170.73,2025-02-02,8,61,46650,1776,mex,Sí
1320,256,4,744.85,2024-09-05,1,62,23555,2273,México,Sí
1321,876,1,4609.39,2024-05-09,6,40,17022,1048,USA,Sí
1322,127,3,1309.62,2025-03-02,6,52,49268,866,USA,Sí
1323,984,2,55.4,2025-02-21,2,18,18552,1086,USA,No
1324,426,2,1922.49,2025-05-12,9,25,34463,703,MX,Sí
1325,340,4,655.88,2024-05-06,9,57,31090,1657,USA,Sí
1326,763,5,3706.82,2024-12-11,3,43,49695,1293,mex,Sí
1327,315,3,1635.68,2024-07-01,9,31,32200,1575,USA,Sí
1328,353,4,317.79,2025-04-09,5,47,23622,1524,México,Sí
1329,682,4,4723.42,2024-06-22,10,34,12822,196,MX,Sí
1330,657,2,3272.67,2024-06-09,7,37,25352,1829,MX,Sí
1331,452,5,2854.17,2025-04-25,2,37,35864,1424,mex,Sí
1332,775,2,3091.73,2025-04-07,9,50,7222,1379,USA,Sí
1333,306,4,188.95,2025-03-30,5,29,19184,2093,USA,No
1334,637,3,861.38,2024-01-20,8,61,24975,895,MX,Sí
1335,476,5,3069.48,2024-02-21,8,34,42520,913,México,Sí
1336,301,5,1619.46,2024-10-16,10,26,16730,2608,mex,Sí
1337,121,2,1264.92,2024-08-01,5,49,22929,615,USA,Sí
1338,761,3,679.3,2024-04-25,8,28,30927,2244,MX,Sí
1339,274,4,3039.03,2024-02-11,7,46,32023,2591,USA,Sí
1340,854,2,954.24,2025-03-19,9,44,44543,2558,mex,Sí
1341,832,2,2472.25,2024-05-12,9,58,25207,2863,USA,Sí
1342,621,2,3137.22,2024-05-16,6,60,25186,1,México,Sí
1343,785,2,89.1,2024-05-11,3,45,18821,410,mex,No
1344,709,3,2532.92,2025-04-27,4,32,5394,54,México,Sí
1345,822,5,2861.05,2025-02-18,5,18,12223,438,México,Sí
1346,812,3,2991.63,2024-03-22,1,64,22856,2785,México,Sí
1347,793,4,863.07,2024-12-30,2,45,38553,1814,México,Sí
1348,642,3,4510.39,2025-02-23,6,48,39878,2843,MX,Sí
1349,188,5,1555.09,2025-01-09,9,50,16731,188,mex,Sí
1350,950,2,1179.94,2024-09-03,8,29,19325,1431,MX,Sí
1351,508,5,973.51,2024-04-07,5,20,30758,327,USA,Sí
1352,587,3,2649.13,2024-06-05,1,39,9302,743,mex,Sí
1353,179,3,4357.78,2024-01-16,6,28,22282,182,USA,Sí
1354,799,1,2437.5,2025-03-27,1,48,36992,451,México,Sí
1355,719,2,4828.49,2024-03-24,10,39,7300,173,mex,Sí
1356,389,4,3157.15,2025-04-22,10,48,41106,2281,mex,Sí
1357,714,4,1927.27,2025-02-15,10,58,42442,76,MX,Sí
1358,535,3,3987.18,2024-10-23,7,32,48718,2734,México,Sí
1359,316,2,1217.62,2025-05-12,3,36,8267,2651,mex,Sí
1360,433,1,551.74,2024-07-05,6,20,26707,1417,México,Sí
1361,745,5,1383.93,2024-12-07,7,49,33926,208,USA,Sí
1362,112,2,668.63,2025-04-04,3,59,39523,1788,MX,Sí
1363,428,1,3383.74,2025-03-14,4,58,17802,2818,mex,Sí
1364,349,2,1991.72,2024-04-14,9,55,43068,613,México,Sí
1365,794,2,3986.96,2024-05-17,1,41,33754,2651,México,Sí
1366,313,1,231.81,2025-01-01,6,61,33352,1749,USA,No
1367,615,2,1544.24,2025-03-17,6,37,17547,2162,mex,Sí
1368,948,1,4880.18,2024-06-25,9,52,5212,876,USA,Sí
1369,358,5,1462.14,2025-04-07,8,22,25474,1452,MX,Sí
1370,202,2,4228.85,2024-08-24,9,50,49488,2620,USA,Sí
1371,876,4,699.62,2024-07-28,8,40,17022,1048,USA,Sí
1372,352,2,2772.94,2025-03-22,9,53,42768,628,USA,Sí
1373,513,5,3532.42,2024-01-19,1,47,36204,186,mex,Sí
1374,446,4,4949.59,2024-01-10,2,34,46564,2492,mex,Sí
1375,729,1,710.11,2024-09-17,3,65,25160,2559,USA,Sí
1376,540,5,3113.92,2024-11-03,3,59,39690,2249,mex,Sí
1377,398,5,3919.04,2024-01-04,8,23,36059,853,USA,Sí
1378,598,4,2349.54,2024-08-01,8,23,48140,482,USA,Sí
1379,534,1,1690.87,2024-03-28,9,58,32231,2047,USA,Sí
1380,946,1,1551.32,2024-08-01,3,34,23068,2117,México,Sí
1381,904,4,768.39,2024-07-30,7,39,24753,1968,mex,Sí
1382,231,4,4853.83,2025-01-17,10,41,5389,2257,mex,Sí
1383,483,2,1133.28,2024-04-02,3,18,30529,1422,mex,Sí
1384,847,2,558.07,2024-10-03,5,46,44537,333,USA,Sí
1385,678,5,1215.47,2024-11-30,7,27,11370,2936,mex,Sí
1386,296,1,656.09,2024-03-11,4,56,42733,1693,mex,Sí
1387,356,3,822.63,2024-10-10,4,35,32064,1740,USA,Sí
1388,221,3,2398.79,2024-11-08,8,25,23086,2876,MX,Sí
1389,713,2,1763.22,2025-03-15,4,24,46730,1112,MX,Sí
1390,297,5,1287.54,2024-05-27,8,35,27833,2923,mex,Sí
1391,784,4,4105.91,2024-04-09,6,45,31043,340,México,Sí
1392,296,3,1800.37,2024-09-30,7,56,42733,1693,mex,Sí
1393,818,5,1256.36,2024-07-31,4,28,20814,732,MX,Sí
1394,745,2,4093.82,2025-03-09,10,49,33926,208,USA,Sí
1395,957,1,1540.75,2024-07-17,1,46,38480,2980,MX,Sí
1396,327,1,1254.85,2024-04-12,3,60,8368,2584,USA,Sí
1397,896,3,4952.08,2024-06-09,7,18,12285,2324,MX,Sí
1398,404,4,2833.78,2024-11-15,6,29,13871,2788,MX,Sí
1399,750,1,4916.76,2025-01-25,10,56,40215,2870,mex,Sí
1400,641,1,2069.81,2025-03-22,3,37,27667,2812,MX,Sí
1401,638,2,1639.72,2025-04-06,7,43,17842,2826,MX,Sí
1402,578,4,4077.33,2025-05-08,6,59,36612,2456,USA,Sí
1403,653,3,4060.63,2024-07-30,8,48,30478,2700,MX,Sí
1404,346,2,2081.78,2024-05-27,3,27,42816,808,MX,Sí
1405,436,1,2347.27,2025-04-19,4,29,17963,295,USA,Sí
1406,975,4,4804.34,2024-08-04,4,49,32624,1532,MX,Sí
1407,326,2,4466.63,2024-08-05,6,20,5315,2160,USA,Sí
1408,372,5,4279.65,2024-07-07,4,44,7580,2358,México,Sí
1409,644,5,540.69,2024-09-28,5,25,28234,188,México,Sí
1410,530,1,1017.3,2024-10-22,4,32,46606,2841,mex,Sí
1411,186,2,2574.71,2024-08-12,8,32,42941,2872,MX,Sí
1412,375,2,3941.37,2025-03-12,1,46,28134,1084,MX,Sí
1413,578,3,1321.35,2024-10-07,1,59,36612,2456,USA,Sí
1414,572,3,4691.63,2024-03-10,10,39,10726,604,México,Sí
1415,230,5,2517.94,2024-09-12,1,22,17157,985,USA,Sí
1416,860,5,2341.13,2024-05-27,1,59,17544,95,mex,Sí
1417,649,4,4762.76,2024-08-12,5,28,45523,2996,mex,Sí
1418,760,3,4624.8,2024-05-31,8,35,39928,744,mex,Sí
1419,964,3,2676.97,2024-03-31,4,19,44200,273,México,Sí
1420,206,3,3159.8,2024-06-10,8,46,25056,2521,mex,Sí
1421,792,4,3657.59,2025-01-29,8,37,44106,2958,mex,Sí
1422,583,2,567.81,2024-09-01,2,62,44173,2912,USA,Sí
1423,281,4,2171.25,2024-06-01,3,65,47329,2192,USA,Sí
1424,400,5,3061.38,2024-05-04,5,63,13344,1078,México,Sí
1425,503,5,1377.04,2024-10-07,1,37,33100,892,USA,Sí
1426,440,5,672.41,2024-02-03,10,44,23669,1110,MX,Sí
1427,655,1,637.16,2024-01-03,7,31,34732,1042,MX,Sí
1428,432,5,4865.41,2024-07-05,10,49,32424,2293,MX,Sí
1429,780,5,105.85,2024-09-01,5,50,24134,1786,USA,No
1430,613,4,2289.51,2024-06-20,4,50,45618,283,mex,Sí
1431,859,1,4753.27,2024-07-28,3,33,25192,1897,México,Sí
1432,213,5,3166.79,2024-12-23,8,51,24819,1846,México,Sí
1433,446,5,4426.32,2025-04-24,2,34,46564,2492,mex,Sí
1434,960,2,2738.76,2025-02-26,7,28,8432,568,USA,Sí
1435,578,5,2532.33,2024-01-14,7,59,36612,2456,USA,Sí
1436,235,5,3122.87,2024-11-12,4,36,31241,1944,mex,Sí
1437,742,3,4325.38,2024-08-27,9,49,37946,1244,USA,Sí
1438,725,5,4527.53,2024-09-01,8,35,40680,989,USA,Sí
1439,407,3,484.23,2024-03-24,6,49,46150,1562,USA,Sí
1440,431,1,2505.77,2024-02-19,1,39,22227,917,USA,Sí
1441,821,5,1789.93,2025-03-19,4,19,14563,863,MX,Sí
1442,380,2,4693.27,2024-09-19,9,29,49432,1053,MX,Sí
1443,665,4,1073.2,2024-03-25,3,55,35108,1791,México,Sí
1444,702,4,954.17,2025-05-10,5,28,17381,982,México,Sí
1445,191,2,65.2,2024-04-25,2,21,30465,775,mex,No
1446,129,4,2760.84,2024-09-20,1,23,11160,1445,USA,Sí
1447,512,2,4839.52,2025-05-10,1,36,41750,1494,México,Sí
1448,482,5,862.05,2024-03-15,3,41,36320,385,MX,Sí
1449,863,3,3969.9,2024-09-17,3,47,20139,2074,MX,Sí
1450,744,5,4576.02,2024-02-17,8,37,16638,2262,México,Sí
1451,550,2,3394.14,2024-11-16,2,65,18963,2273,MX,Sí
1452,162,4,2834.09,2024-09-19,10,35,28502,38,USA,Sí
1453,265,1,3953.47,2024-12-17,2,58,36250,2817,mex,Sí
1454,789,2,1135.41,2024-03-29,3,47,38220,1584,MX,Sí
1455,672,3,2489.38,2024-01-02,6,25,30257,1104,USA,Sí
1456,757,1,4379.05,2024-05-27,9,40,39817,2985,México,Sí
1457,534,4,2631.93,2024-04-12,5,58,32231,2047,USA,Sí
1458,768,2,1441.29,2024-08-31,7,46,42961,2893,USA,Sí
1459,589,5,4798.42,2025-05-14,2,24,33899,258,USA,Sí
1460,770,2,881.75,2025-05-10,5,38,42260,241,mex,Sí
1461,360,1,3014.62,2024-12-09,7,24,17632,2218,MX,Sí
1462,304,1,742.87,2024-04-10,6,53,36653,125,MX,Sí
1463,389,5,1636.15,2024-01-09,2,48,41106,2281,mex,Sí
1464,639,4,1258.86,2024-07-11,2,34,13828,1321,USA,Sí
1465,857,4,2684.12,2025-02-05,5,44,43295,1344,mex,Sí
1466,788,3,1630.34,2024-01-07,2,42,47622,1242,México,Sí
1467,587,2,960.85,2025-02-16,6,39,9302,743,mex,Sí
1468,494,3,4526.59,2024-03-16,1,63,33640,532,México,Sí
1469,890,1,1687.29,2024-01-31,4,54,38701,2597,mex,Sí
1470,478,1,2245.55,2025-01-22,6,32,39438,2532,MX,Sí
1471,530,4,631.38,2024-08-12,9,32,46606,2841,mex,Sí
1472,234,1,4062.0,2025-03-06,9,59,8383,763,México,Sí
1473,906,4,1478.16,2024-01-22,4,38,43454,1110,MX,Sí
1474,702,2,1667.88,2025-02-13,2,28,17381,982,México,Sí
1475,253,3,4377.44,2025-03-26,10,62,28540,2977,mex,Sí
1476,861,3,4874.64,2024-06-10,8,59,14790,2894,México,Sí
1477,661,5,4827.23,2025-03-16,6,24,42441,2890,USA,Sí
1478,134,3,4075.35,2024-05-16,10,18,7001,3000,México,Sí
1479,941,5,1577.82,2024-01-31,4,48,43156,1670,MX,Sí
1480,792,4,429.74,2024-06-23,6,37,44106,2958,mex,Sí
1481,569,1,3900.85,2024-11-21,10,40,20433,1559,mex,Sí
1482,782,5,2778.98,2025-02-22,6,41,42786,1796,mex,Sí
1483,309,3,4538.46,2025-04-09,10,41,28364,1206,USA,Sí
1484,992,1,2382.89,2024-02-04,10,39,28357,48,MX,Sí
1485,558,4,369.84,2024-03-23,7,65,38789,1231,MX,Sí
1486,689,2,4922.75,2024-12-20,7,55,25492,410,MX,Sí
1487,966,5,4640.83,2024-12-19,8,57,38333,362,mex,Sí
1488,803,3,2444.02,2024-12-16,1,26,48936,2328,MX,Sí
1489,309,5,661.77,2024-12-25,3,41,28364,1206,USA,Sí
1490,980,2,669.67,2025-05-06,6,59,36755,483,USA,Sí
1491,806,2,395.32,2024-09-02,3,36,9398,1489,USA,Sí
1492,770,5,3817.27,2025-01-21,7,38,42260,241,mex,Sí
1493,740,4,2854.37,2024-10-20,3,18,11912,892,mex,Sí
1494,549,4,1044.47,2025-01-23,3,53,11523,1359,mex,Sí
1495,198,4,439.09,2024-06-22,5,43,29539,1283,mex,Sí
1496,505,4,2303.4,2025-04-30,6,28,49605,2726,USA,Sí
1497,648,3,4271.84,2024-11-04,6,60,17397,2430,MX,Sí
1498,928,5,4689.26,2025-02-17,4,58,15339,479,mex,Sí
1499,328,2,2051.3,2024-05-31,4,49,31194,2141,México,Sí
1500,698,2,4628.83,2024-08-03,5,65,21389,1060,México,Sí
1501,780,3,2509.78,2025-02-05,6,50,24134,1786,USA,Sí
1502,352,4,569.25,2024-03-17,5,53,42768,628,USA,Sí
1503,810,4,3214.97,2024-06-30,10,57,22688,120,MX,Sí
1504,559,4,2209.53,2025-01-25,7,46,40529,764,USA,Sí
1505,728,4,1273.33,2024-04-19,4,55,18490,1228,mex,Sí
1506,237,4,4694.19,2024-11-01,3,57,47645,2747,México,Sí
1507,578,5,2967.45,2024-07-24,4,59,36612,2456,USA,Sí
1508,367,3,4746.2,2025-05-14,2,38,27777,1863,USA,Sí
1509,885,5,3012.31,2024-08-06,5,46,44465,2080,USA,Sí
1510,742,2,3281.62,2024-03-19,9,49,37946,1244,USA,Sí
1511,800,2,1840.71,2025-01-22,9,50,40885,2251,México,Sí
1512,724,1,1063.37,2025-02-25,7,29,6289,1870,USA,Sí
1513,549,4,4624.1,2024-09-19,9,53,11523,1359,mex,Sí
1514,850,3,599.75,2025-05-06,6,31,34879,246,México,Sí
1515,986,1,4424.06,2025-03-13,8,21,26993,683,USA,Sí
1516,218,3,3194.47,2025-04-09,8,42,5394,308,MX,Sí
1517,119,5,246.92,2025-01-02,6,54,33147,2785,MX,No
1518,615,1,1405.65,2025-01-15,10,37,17547,2162,mex,Sí
1519,725,3,1779.53,2024-05-15,4,35,40680,989,USA,Sí
1520,799,5,1688.81,2025-02-25,3,48,36992,451,México,Sí
1521,667,3,2022.69,2024-10-27,9,18,22747,1138,MX,Sí
1522,370,1,1543.32,2024-07-05,10,36,30411,1632,mex,Sí
1523,763,4,3328.85,2025-04-23,9,43,49695,1293,mex,Sí
1524,303,4,3479.08,2024-07-23,10,52,49751,1015,mex,Sí
1525,759,4,1178.73,2024-02-07,7,28,8214,537,mex,Sí
1526,336,2,1655.78,2025-04-14,8,24,33845,946,MX,Sí
1527,872,1,4296.65,2025-05-11,5,63,43730,1526,mex,Sí
1528,178,1,3650.13,2024-01-06,9,42,13065,729,USA,Sí
1529,514,4,3304.19,2024-08-05,3,59,22221,1556,México,Sí
1530,807,2,156.6,2024-05-19,4,40,25013,1521,México,No
1531,848,1,1514.75,2025-05-10,1,54,43349,484,mex,Sí
1532,471,5,4658.15,2024-02-26,8,31,38686,1054,MX,Sí
1533,679,5,1135.64,2024-10-25,4,23,49058,899,mex,Sí
1534,890,2,1591.03,2024-07-06,10,54,38701,2597,mex,Sí
1535,679,2,4258.19,2024-03-13,3,23,49058,899,mex,Sí
1536,612,2,2655.77,2025-03-09,8,34,46320,2035,MX,Sí
1537,336,5,972.43,2025-04-14,2,24,33845,946,MX,Sí
1538,901,1,2428.81,2024-05-24,1,39,15923,752,mex,Sí
1539,314,1,4646.71,2024-04-18,4,45,33997,454,USA,Sí
1540,969,5,2139.89,2024-09-06,3,48,47288,2524,mex,Sí
1541,744,5,642.44,2024-01-16,9,37,16638,2262,México,Sí
1542,928,1,1057.59,2024-08-03,6,58,15339,479,mex,Sí
1543,493,3,2285.61,2024-10-16,6,22,18300,1832,USA,Sí
1544,135,3,2724.76,2024-02-11,9,25,11953,329,MX,Sí
1545,817,3,2070.21,2024-06-20,6,50,19625,1879,USA,Sí
1546,528,5,4895.04,2024-04-13,2,32,13346,1438,México,Sí
1547,998,4,570.27,2024-11-26,10,59,8025,475,USA,Sí
1548,998,1,104.69,2024-01-26,3,59,8025,475,USA,No
1549,967,1,4295.87,2025-02-04,5,18,17752,41,MX,Sí
1550,909,1,4420.05,2024-01-14,6,29,24914,2286,USA,Sí
1551,528,5,4122.92,2024-09-20,2,32,13346,1438,México,Sí
1552,425,2,689.09,2025-04-01,2,56,26085,1994,mex,Sí
1553,232,2,2989.54,2024-06-09,9,54,23472,488,mex,Sí
1554,336,4,566.99,2024-03-31,6,24,33845,946,MX,Sí
1555,492,2,3303.51,2024-02-09,5,45,26748,434,mex,Sí
1556,969,3,3349.94,2025-01-16,9,48,47288,2524,mex,Sí
1557,916,1,1851.75,2025-01-11,7,35,10853,305,MX,Sí
1558,238,4,748.51,2024-09-26,3,52,13284,1350,USA,Sí
1559,779,5,2527.72,2024-11-06,7,62,44279,2204,México,Sí
1560,316,2,4946.7,2025-03-13,5,36,8267,2651,mex,Sí
1561,620,3,602.82,2025-02-26,9,28,20189,1137,México,Sí
1562,938,5,556.55,2024-10-11,6,23,9769,868,México,Sí
1563,984,2,2880.14,2025-04-05,10,18,18552,1086,USA,Sí
1564,789,1,1420.43,2024-01-14,4,47,38220,1584,MX,Sí
1565,524,3,3705.89,2024-07-02,7,55,24401,1981,mex,Sí
1566,203,4,4472.7,2024-08-30,8,40,31161,36,USA,Sí
1567,449,4,158.1,2024-04-07,10,30,5384,1548,USA,No
1568,986,1,4781.65,2024-04-05,2,21,26993,683,USA,Sí
1569,114,4,2964.68,2025-01-02,10,61,45187,1455,mex,Sí
1570,502,3,4405.32,2024-01-14,6,61,44395,79,USA,Sí
1571,593,1,878.26,2024-06-20,3,41,5498,2825,MX,Sí
1572,135,3,3398.52,2024-12-03,4,25,11953,329,MX,Sí
1573,841,1,2855.18,2025-01-28,3,26,20737,541,MX,Sí
1574,899,4,4003.41,2025-03-16,1,54,41273,896,MX,Sí
1575,566,3,4668.42,2024-03-06,9,34,14738,68,México,Sí
1576,122,3,1547.35,2024-02-06,5,61,19814,597,MX,Sí
1577,190,1,1357.62,2025-04-29,1,26,37992,2193,México,Sí
1578,464,5,4939.22,2024-07-05,10,59,31496,2508,USA,Sí
1579,579,5,3892.4,2024-04-21,9,24,8141,2535,MX,Sí
1580,426,2,4504.39,2024-05-13,7,25,34463,703,MX,Sí
1581,559,3,1570.14,2025-02-13,2,46,40529,764,USA,Sí
1582,494,4,4843.49,2025-02-18,3,63,33640,532,México,Sí
1583,889,3,1050.85,2024-05-30,10,44,38312,890,MX,Sí
1584,668,3,1489.35,2024-03-05,8,52,6535,137,MX,Sí
1585,580,2,4884.34,2025-03-23,6,53,27930,2884,MX,Sí
1586,252,1,939.72,2024-08-26,9,48,31771,1997,México,Sí
1587,849,4,2646.57,2025-01-28,4,37,5964,1284,USA,Sí
1588,565,3,3785.61,2024-06-27,6,37,26830,1600,USA,Sí
1589,669,3,4111.26,2024-08-05,8,54,5392,2466,México,Sí
1590,452,4,2649.91,2024-07-10,4,37,35864,1424,mex,Sí
1591,670,1,3027.85,2024-12-05,7,20,45307,2822,México,Sí
1592,110,2,596.45,2025-03-05,10,37,6329,2874,mex,Sí
1593,347,3,2440.93,2024-01-05,7,45,7252,2214,MX,Sí
1594,140,2,3880.36,2024-12-10,2,34,5201,482,USA,Sí
1595,714,5,3830.04,2025-03-25,3,58,42442,76,MX,Sí
1596,480,3,4829.93,2024-08-10,4,62,33629,2359,USA,Sí
1597,496,1,1892.9,2024-08-02,1,49,47573,1281,USA,Sí
1598,915,3,1805.6,2024-09-14,6,23,10784,1374,USA,Sí
1599,145,4,1738.4,2024-10-24,10,45,48995,580,mex,Sí
1600,104,1,3824.18,2024-06-04,3,47,43769,2213,USA,Sí
1601,579,4,1679.43,2024-05-17,4,24,8141,2535,MX,Sí
1602,228,3,1328.01,2024-11-29,6,25,26864,2300,MX,Sí
1603,849,3,4171.81,2024-12-30,2,37,5964,1284,USA,Sí
1604,686,4,4169.56,2025-03-02,8,32,33891,2437,México,Sí
1605,461,4,4799.77,2025-03-04,5,23,25018,213,USA,Sí
1606,653,4,4914.42,2024-10-13,10,48,30478,2700,MX,Sí
1607,115,2,868.81,2024-02-15,10,38,17096,1181,mex,Sí
1608,571,4,742.63,2024-08-21,10,18,36294,2972,USA,Sí
1609,276,2,2702.08,2025-05-05,4,34,21112,384,mex,Sí
1610,645,1,3554.59,2024-04-06,9,44,8806,2526,MX,Sí
1611,748,1,4868.11,2025-01-06,9,25,41340,2481,mex,Sí
1612,891,5,140.66,2024-05-28,5,41,24848,985,México,No
1613,349,1,2970.13,2024-12-01,7,55,43068,613,México,Sí
1614,103,2,215.27,2024-09-26,6,28,6225,1183,USA,No
1615,416,5,4236.73,2024-05-05,8,37,16940,2567,México,Sí
1616,967,3,317.34,2024-09-07,4,18,17752,41,MX,Sí
1617,284,1,2001.18,2025-04-19,6,18,28950,1304,mex,Sí
1618,106,2,3077.13,2024-01-26,5,30,16855,2477,USA,Sí
1619,129,5,924.67,2024-06-03,1,23,11160,1445,USA,Sí
1620,275,5,4596.11,2025-03-01,6,21,23290,749,México,Sí
1621,159,4,3020.16,2024-12-13,7,48,35024,1989,MX,Sí
1622,456,5,1333.45,2024-11-04,4,56,41711,1577,mex,Sí
1623,754,4,1383.19,2024-05-11,6,44,26745,1238,mex,Sí
1624,824,3,4621.25,2024-03-28,2,65,14688,1696,mex,Sí
1625,208,2,3673.63,2025-04-30,7,52,8003,1531,mex,Sí
1626,552,3,4094.88,2024-11-23,9,27,20511,1318,MX,Sí
1627,337,4,705.14,2024-05-30,2,55,22493,1416,México,Sí
1628,687,5,3475.2,2024-11-16,2,51,13256,1829,mex,Sí
1629,827,4,3026.09,2024-03-23,1,36,7545,127,mex,Sí
1630,713,2,2452.14,2024-08-31,10,24,46730,1112,MX,Sí
1631,543,3,5014.35,2024-08-28,5,54,46083,1915,MX,Sí
1632,719,1,3754.34,2024-04-20,9,39,7300,173,mex,Sí
1633,787,1,2617.74,2024-02-12,9,28,6971,2670,mex,Sí
1634,252,1,2316.17,2024-12-10,1,48,31771,1997,México,Sí
1635,428,3,3686.89,2025-04-16,6,58,17802,2818,mex,Sí
1636,869,4,3787.75,2025-01-10,6,60,36243,227,MX,Sí
1637,367,5,4463.47,2024-10-01,2,38,27777,1863,USA,Sí
1638,870,5,1651.91,2024-11-30,4,19,21362,1259,mex,Sí
1639,909,2,400.54,2024-05-24,3,29,24914,2286,USA,Sí
1640,391,5,2824.4,2024-01-29,7,45,36057,1667,mex,Sí
1641,949,5,2103.59,2024-09-11,4,18,29596,1959,MX,Sí
1642,126,2,4919.95,2024-04-26,3,59,16735,992,USA,Sí
1643,570,5,4205.05,2024-09-14,1,23,30514,1878,México,Sí
1644,891,1,348.44,2025-03-16,3,41,24848,985,México,Sí
1645,527,4,577.09,2024-07-23,8,21,39811,858,México,Sí
1646,462,5,4982.07,2024-07-26,2,34,17097,35,USA,Sí
1647,387,2,1776.51,2025-04-16,7,22,38335,2070,USA,Sí
1648,626,5,3155.69,2024-08-27,6,21,23358,111,mex,Sí
1649,317,3,1396.36,2024-10-02,10,18,5622,1234,México,Sí
1650,156,3,1253.92,2025-01-08,1,61,9507,730,México,Sí
1651,831,1,3669.29,2024-09-17,5,51,42506,184,México,Sí
1652,662,5,947.57,2024-08-20,8,32,37927,2303,MX,Sí
1653,576,2,4484.87,2024-10-01,1,43,24487,2113,México,Sí
1654,791,3,3378.97,2024-09-29,8,45,47580,765,México,Sí
1655,120,5,2613.33,2025-02-11,6,47,31272,2063,MX,Sí
1656,324,4,2013.85,2024-02-09,3,34,14684,2841,USA,Sí
1657,880,4,3837.16,2025-01-20,6,42,8477,2364,mex,Sí
1658,654,2,3899.8,2025-03-14,1,56,31616,1539,USA,Sí
1659,788,3,3229.61,2024-07-29,2,42,47622,1242,México,Sí
1660,747,1,4471.37,2024-07-16,4,22,33136,1663,USA,Sí
1661,494,2,3927.14,2024-04-21,8,63,33640,532,México,Sí
1662,331,5,4444.69,2024-10-29,4,37,15430,2177,México,Sí
1663,216,3,72.67,2024-10-20,10,34,13475,704,MX,No
1664,876,3,571.38,2025-03-28,3,40,17022,1048,USA,Sí
1665,424,1,3571.25,2024-01-25,2,26,26797,2359,México,Sí
1666,567,1,2205.78,2024-10-07,6,19,26297,1043,mex,Sí
1667,899,5,4164.26,2024-07-29,7,54,41273,896,MX,Sí
1668,939,4,4721.88,2024-08-03,4,30,28226,451,MX,Sí
1669,532,2,1312.09,2024-05-02,5,37,15076,298,mex,Sí
1670,643,4,1370.32,2024-08-25,6,59,49717,665,USA,Sí
1671,546,4,839.64,2024-10-27,6,45,27786,39,MX,Sí
1672,866,4,3935.27,2025-03-18,1,59,24460,2363,México,Sí
1673,845,5,3938.57,2024-06-13,4,19,32257,587,USA,Sí
1674,633,1,1563.32,2024-08-19,5,19,45077,843,USA,Sí
1675,697,1,2272.5,2025-04-25,5,23,44923,1626,MX,Sí
1676,513,5,496.17,2025-01-17,6,47,36204,186,mex,Sí
1677,549,5,3090.87,2024-10-15,1,53,11523,1359,mex,Sí
1678,600,4,1920.11,2024-01-23,2,43,27094,709,México,Sí
1679,445,4,4534.09,2024-11-23,6,28,46120,2380,MX,Sí
1680,943,5,4643.46,2025-01-12,1,22,42131,767,mex,Sí
1681,855,1,767.51,2024-06-09,2,42,21044,1684,México,Sí
1682,920,1,2173.54,2024-01-15,9,57,27776,2960,MX,Sí
1683,328,4,2910.88,2025-03-06,6,49,31194,2141,México,Sí
1684,407,5,3821.47,2025-03-27,3,49,46150,1562,USA,Sí
1685,605,1,2771.63,2024-10-18,3,56,9318,2847,MX,Sí
1686,708,3,2994.62,2024-07-06,2,40,48334,1351,mex,Sí
1687,467,4,2000.89,2025-01-25,8,43,45424,42,México,Sí
1688,404,3,2064.51,2024-10-08,7,29,13871,2788,MX,Sí
1689,409,5,2392.13,2024-11-16,9,63,49720,188,MX,Sí
1690,185,1,161.14,2025-04-08,6,32,17191,2728,USA,No
1691,161,4,4843.86,2025-03-23,6,26,45934,67,mex,Sí
1692,376,4,3989.89,2024-12-22,3,39,45788,2390,mex,Sí
1693,891,4,1476.79,2024-02-06,6,41,24848,985,México,Sí
1694,387,1,2168.36,2025-03-20,2,22,38335,2070,USA,Sí
1695,269,3,2915.96,2024-10-19,3,58,42786,2218,USA,Sí
1696,325,4,2581.27,2024-10-15,4,33,42578,1192,USA,Sí
1697,177,2,2252.0,2024-04-01,6,44,27745,2614,México,Sí
1698,489,2,2902.11,2024-12-31,10,19,10346,2204,México,Sí
1699,570,4,1830.72,2024-07-31,1,23,30514,1878,México,Sí
1700,125,5,3542.25,2024-11-07,1,64,44687,2772,USA,Sí
1701,302,1,3400.86,2024-03-12,8,40,9441,1381,México,Sí
1702,198,3,3951.07,2024-11-14,9,43,29539,1283,mex,Sí
1703,369,5,4868.86,2025-03-26,7,47,33542,2757,MX,Sí
1704,435,1,4908.23,2025-02-06,2,35,24310,2848,México,Sí
1705,205,2,4953.53,2024-02-22,6,49,12301,1419,México,Sí
1706,638,2,2200.66,2024-07-26,8,43,17842,2826,MX,Sí
1707,709,1,713.55,2024-10-09,5,32,5394,54,México,Sí
1708,493,5,1171.5,2024-07-18,4,22,18300,1832,USA,Sí
1709,488,1,3021.98,2024-08-07,5,20,11911,1012,mex,Sí
1710,771,3,1192.47,2024-11-26,7,40,34781,745,México,Sí
1711,220,4,2999.3,2024-10-04,1,23,21362,2699,MX,Sí
1712,408,4,2642.98,2024-08-20,8,32,30883,895,MX,Sí
1713,515,5,3009.97,2025-05-01,1,40,22589,2049,México,Sí
1714,570,2,912.68,2025-02-13,6,23,30514,1878,México,Sí
1715,479,2,3227.51,2024-01-20,3,35,13934,323,mex,Sí
1716,373,4,2250.21,2024-04-04,7,54,38915,1108,MX,Sí
1717,589,5,3225.2,2024-11-03,2,24,33899,258,USA,Sí
1718,113,3,3825.01,2024-02-17,3,32,44422,1674,USA,Sí
1719,770,1,1608.43,2024-04-25,3,38,42260,241,mex,Sí
1720,447,2,1401.87,2024-09-04,7,43,29367,2251,MX,Sí
1721,834,1,366.88,2024-01-05,9,57,48899,1480,MX,Sí
1722,330,4,3941.04,2025-01-16,5,63,6658,2786,USA,Sí
1723,210,1,2328.76,2025-01-27,6,34,44130,1779,USA,Sí
1724,488,3,703.45,2024-04-09,7,20,11911,1012,mex,Sí
1725,469,2,144.76,2024-06-20,7,20,25564,479,mex,No
1726,350,3,1040.92,2025-01-20,3,20,40739,2006,mex,Sí
1727,983,1,3630.35,2024-04-01,8,43,38115,2324,mex,Sí
1728,369,1,270.36,2024-11-23,2,47,33542,2757,MX,No
1729,757,2,62.68,2024-05-27,5,40,39817,2985,México,No
1730,511,5,207.67,2024-09-14,5,46,12209,148,MX,No
1731,883,5,4527.46,2025-01-21,2,36,5602,2401,México,Sí
1732,628,2,991.06,2025-01-20,3,21,8137,116,mex,Sí
1733,239,5,85.13,2024-06-24,8,48,14581,2684,MX,No
1734,658,5,3190.0,2024-08-11,4,64,27977,482,MX,Sí
1735,460,5,3017.58,2024-02-15,7,39,11124,641,USA,Sí
1736,178,3,4216.83,2025-03-31,1,42,13065,729,USA,Sí
1737,582,3,4998.32,2024-07-13,10,41,5865,1143,mex,Sí
1738,751,4,1288.97,2024-04-03,2,55,5270,2914,MX,Sí
1739,464,3,85.19,2024-12-17,5,59,31496,2508,USA,No
1740,407,2,880.39,2024-02-28,1,49,46150,1562,USA,Sí
1741,161,1,1321.14,2025-05-12,3,26,45934,67,mex,Sí
1742,175,4,3198.88,2025-02-14,3,54,44025,1961,MX,Sí
1743,646,2,765.45,2024-09-25,3,19,46539,2587,mex,Sí
1744,709,4,155.09,2024-05-17,4,32,5394,54,México,No
1745,748,4,1201.86,2024-02-27,9,25,41340,2481,mex,Sí
1746,182,4,3502.71,2024-02-07,3,48,40380,318,México,Sí
1747,348,3,2890.05,2024-07-20,4,58,19758,1081,MX,Sí
1748,414,5,121.81,2024-11-12,2,36,49576,301,México,No
1749,756,2,834.96,2025-05-03,5,63,14957,1447,mex,Sí
1750,236,3,423.39,2025-03-04,1,37,11582,1704,USA,Sí
1751,749,3,5049.58,2024-12-16,6,60,44177,1095,MX,Sí
1752,480,3,3692.73,2025-02-26,1,62,33629,2359,USA,Sí
1753,678,1,3175.89,2025-01-31,1,27,11370,2936,mex,Sí
1754,158,1,562.55,2024-06-15,4,32,48172,6,USA,Sí
1755,824,5,1475.61,2024-10-30,2,65,14688,1696,mex,Sí
1756,152,4,3274.63,2025-04-11,8,60,8588,1616,México,Sí
1757,876,1,4959.37,2024-10-11,9,40,17022,1048,USA,Sí
1758,794,1,2778.56,2024-04-16,5,41,33754,2651,México,Sí
1759,537,1,1701.29,2024-03-29,9,32,16383,2007,mex,Sí
1760,958,1,2658.54,2024-07-08,4,20,34025,2025,México,Sí
1761,558,3,1387.88,2024-11-26,5,65,38789,1231,MX,Sí
1762,566,1,4541.47,2024-04-19,5,34,14738,68,México,Sí
1763,428,4,4864.28,2025-05-04,1,58,17802,2818,mex,Sí
1764,182,3,4685.31,2024-06-06,8,48,40380,318,México,Sí
1765,113,4,2267.36,2024-03-03,3,32,44422,1674,USA,Sí
1766,193,4,4274.21,2024-06-14,2,58,48641,1943,MX,Sí
1767,637,4,1943.79,2025-05-10,9,61,24975,895,MX,Sí
1768,208,1,1905.08,2024-07-26,10,52,8003,1531,mex,Sí
1769,618,5,1104.53,2024-02-15,9,21,26606,1944,México,Sí
1770,845,4,4692.52,2024-10-23,2,19,32257,587,USA,Sí
1771,225,1,1521.49,2024-01-23,4,20,32631,2520,USA,Sí
1772,614,5,2372.08,2025-02-10,7,18,6911,2546,USA,Sí
1773,944,4,2541.41,2024-09-08,1,31,19894,629,USA,Sí
1774,651,5,616.78,2024-10-24,7,46,45390,1266,México,Sí
1775,454,1,640.9,2024-07-24,8,19,8430,838,MX,Sí
1776,359,2,3894.16,2025-03-08,1,36,14279,394,MX,Sí
1777,530,2,1603.99,2024-09-10,7,32,46606,2841,mex,Sí
1778,533,4,3058.83,2024-03-30,1,18,9775,18,MX,Sí
1779,938,2,451.03,2024-05-18,2,23,9769,868,México,Sí
1780,884,5,429.94,2024-10-09,6,58,28625,1412,USA,Sí
1781,369,4,3005.24,2025-03-07,6,47,33542,2757,MX,Sí
1782,199,5,1699.05,2025-03-02,3,43,8007,1792,USA,Sí
1783,835,2,4270.32,2024-08-09,7,30,5366,277,México,Sí
1784,187,3,4302.15,2025-04-28,3,44,16569,1990,México,Sí
1785,572,4,1439.75,2024-02-08,6,39,10726,604,México,Sí
1786,574,5,1652.11,2024-11-26,4,56,10434,1204,México,Sí
1787,764,4,452.95,2024-07-31,9,53,37076,538,MX,Sí
1788,234,1,96.03,2025-01-20,9,59,8383,763,México,No
1789,855,4,5023.29,2025-03-09,4,42,21044,1684,México,Sí
1790,227,4,4467.61,2024-08-04,6,29,39883,859,mex,Sí
1791,355,5,2520.79,2025-03-07,9,45,19510,2531,MX,Sí
1792,618,2,991.4,2025-01-30,4,21,26606,1944,México,Sí
1793,609,4,3211.61,2024-03-23,10,47,38145,933,mex,Sí
1794,213,5,4661.48,2024-01-16,4,51,24819,1846,México,Sí
1795,858,1,3714.94,2024-09-11,4,60,22267,277,MX,Sí
1796,271,5,248.57,2024-08-04,1,33,33579,2979,mex,No
1797,921,3,2359.85,2025-05-09,6,53,38307,815,MX,Sí
1798,841,3,3822.4,2024-08-06,10,26,20737,541,MX,Sí
1799,361,4,3049.04,2025-04-02,8,34,26293,555,MX,Sí
1800,223,2,1939.28,2025-02-11,10,31,37280,2939,México,Sí
1801,332,3,2972.28,2024-09-09,8,64,10107,2983,MX,Sí
1802,422,3,1316.44,2025-03-10,6,62,13156,279,México,Sí
1803,403,5,2936.87,2024-03-07,10,30,11716,134,México,Sí
1804,350,3,441.27,2024-11-18,10,20,40739,2006,mex,Sí
1805,996,1,665.96,2024-10-01,4,63,24280,336,USA,Sí
1806,319,1,3507.02,2024-04-11,10,23,22875,738,USA,Sí
1807,181,4,4483.93,2024-09-26,1,35,13328,551,MX,Sí
1808,614,4,5032.93,2025-01-13,8,18,6911,2546,USA,Sí
1809,729,1,2431.14,2024-01-19,8,65,25160,2559,USA,Sí
1810,696,1,1384.28,2024-03-31,2,19,29863,560,USA,Sí
1811,977,3,4499.73,2025-01-15,2,45,27090,32,México,Sí
1812,463,4,4168.35,2024-05-28,1,41,35826,1703,mex,Sí
1813,257,5,3331.18,2025-01-21,9,49,40490,1784,mex,Sí
1814,230,1,4031.57,2025-02-25,9,22,17157,985,USA,Sí
1815,653,3,540.57,2024-12-28,4,48,30478,2700,MX,Sí
1816,513,2,1112.01,2024-02-23,10,47,36204,186,mex,Sí
1817,262,1,2310.91,2024-11-28,10,44,10318,2926,USA,Sí
1818,874,2,1829.82,2024-11-04,1,54,14189,1204,mex,Sí
1819,323,1,881.01,2024-05-21,10,28,25689,2020,mex,Sí
1820,772,5,3288.53,2024-06-01,6,46,45241,2772,MX,Sí
1821,986,1,4950.82,2024-06-18,8,21,26993,683,USA,Sí
1822,782,3,1791.99,2024-03-25,8,41,42786,1796,mex,Sí
1823,536,1,3582.11,2024-08-05,1,33,43466,1901,USA,Sí
1824,963,4,1610.73,2024-11-19,3,36,37497,923,mex,Sí
1825,601,5,3821.6,2024-02-28,4,38,5630,575,México,Sí
1826,328,2,3904.27,2025-04-12,4,49,31194,2141,México,Sí
1827,105,5,3602.16,2024-12-23,5,33,11282,190,México,Sí
1828,147,5,2898.61,2024-01-07,4,56,24778,73,México,Sí
1829,754,3,3575.04,2025-01-31,9,44,26745,1238,mex,Sí
1830,885,5,2266.95,2025-01-25,6,46,44465,2080,USA,Sí
1831,559,5,3465.6,2025-03-19,4,46,40529,764,USA,Sí
1832,329,1,4341.67,2025-04-04,1,20,42290,1260,MX,Sí
1833,398,4,275.8,2024-07-19,9,23,36059,853,USA,No
1834,225,1,224.77,2025-03-27,5,20,32631,2520,USA,No
1835,418,3,2962.48,2024-06-12,9,58,29443,2674,México,Sí
1836,508,4,3484.23,2024-10-29,10,20,30758,327,USA,Sí
1837,999,1,2814.74,2024-08-04,6,42,18315,2021,mex,Sí
1838,317,4,3518.92,2024-07-27,1,18,5622,1234,México,Sí
1839,797,5,4872.38,2024-05-04,4,23,34102,2264,USA,Sí
1840,112,1,120.33,2024-01-19,2,59,39523,1788,MX,No
1841,655,4,1952.07,2025-04-26,7,31,34732,1042,MX,Sí
1842,543,3,3518.78,2024-03-23,8,54,46083,1915,MX,Sí
1843,305,5,4300.93,2024-09-21,1,21,15689,1136,MX,Sí
1844,915,2,2255.47,2024-09-12,3,23,10784,1374,USA,Sí
1845,650,2,144.42,2025-05-06,9,53,5388,2855,México,No
1846,408,1,3397.18,2025-04-09,7,32,30883,895,MX,Sí
1847,440,5,4197.73,2024-03-25,4,44,23669,1110,MX,Sí
1848,357,2,4582.62,2024-08-25,7,43,10649,2612,USA,Sí
1849,848,2,2772.26,2024-02-18,9,54,43349,484,mex,Sí
1850,983,2,3952.82,2025-03-09,10,43,38115,2324,mex,Sí
1851,423,5,206.16,2024-12-11,4,30,39430,1886,USA,No
1852,744,3,2000.33,2024-08-01,10,37,16638,2262,México,Sí
1853,602,5,3842.71,2024-03-07,4,65,9780,2039,mex,Sí
1854,585,3,369.84,2024-12-20,4,61,33558,1232,USA,Sí
1855,688,1,188.21,2024-09-29,7,19,22280,547,USA,No
1856,627,5,1186.81,2024-03-13,1,30,27847,880,MX,Sí
1857,808,5,3259.04,2025-02-07,2,50,19786,1403,USA,Sí
1858,227,2,2132.85,2025-05-04,7,29,39883,859,mex,Sí
1859,350,3,2465.01,2024-01-13,7,20,40739,2006,mex,Sí
1860,356,3,1055.89,2025-01-20,3,35,32064,1740,USA,Sí
1861,967,1,1889.01,2024-12-07,4,18,17752,41,MX,Sí
1862,562,4,3162.51,2024-04-16,2,58,30084,2331,mex,Sí
1863,418,1,4115.29,2024-09-26,3,58,29443,2674,México,Sí
1864,708,4,5011.28,2024-03-15,8,40,48334,1351,mex,Sí
1865,447,4,70.0,2024-03-02,6,43,29367,2251,MX,No
1866,662,2,3952.33,2025-03-30,3,32,37927,2303,MX,Sí
1867,355,5,1121.56,2024-11-12,6,45,19510,2531,MX,Sí
1868,722,5,2334.67,2024-10-09,5,38,34531,2137,USA,Sí
1869,620,3,4554.13,2025-04-06,10,28,20189,1137,México,Sí
1870,809,2,3467.6,2025-01-28,9,65,12603,779,USA,Sí
1871,165,4,1507.74,2024-06-25,9,18,5714,299,MX,Sí
1872,436,2,4737.59,2024-01-26,5,29,17963,295,USA,Sí
1873,169,1,5020.83,2025-02-21,2,56,19741,1636,MX,Sí
1874,531,5,2940.03,2024-08-28,7,65,45874,2186,México,Sí
1875,919,3,4929.64,2024-05-07,4,41,8035,2189,México,Sí
1876,968,4,245.61,2025-02-21,1,21,28535,1179,MX,No
1877,813,4,2819.45,2024-07-23,4,58,9545,2937,México,Sí
1878,723,2,2460.11,2024-08-24,10,28,26994,1331,MX,Sí
1879,272,1,1988.98,2024-06-29,7,54,6682,2298,USA,Sí
1880,200,4,4389.6,2024-07-28,5,54,8565,1465,México,Sí
1881,276,3,4783.14,2024-04-16,3,34,21112,384,mex,Sí
1882,539,4,1903.5,2024-10-02,7,23,31722,2119,mex,Sí
1883,607,5,3812.87,2024-02-18,3,49,21304,2368,USA,Sí
1884,850,3,4883.03,2024-06-25,9,31,34879,246,México,Sí
1885,338,4,4388.39,2024-03-10,1,47,20944,8,MX,Sí
1886,156,1,4754.94,2024-11-09,4,61,9507,730,México,Sí
1887,703,3,605.38,2024-05-20,1,29,21492,1237,mex,Sí
1888,559,2,939.05,2025-03-07,8,46,40529,764,USA,Sí
1889,386,2,1441.99,2024-11-22,5,20,16072,410,USA,Sí
1890,256,3,2201.05,2024-07-09,7,62,23555,2273,México,Sí
1891,920,4,4589.66,2024-06-25,1,57,27776,2960,MX,Sí
1892,234,4,3350.27,2024-08-05,2,59,8383,763,México,Sí
1893,709,4,4816.3,2024-07-06,1,32,5394,54,México,Sí
1894,954,4,3371.35,2024-04-16,1,65,21651,28,mex,Sí
1895,766,3,830.02,2024-06-25,3,54,49621,588,mex,Sí
1896,472,1,3498.99,2025-03-21,4,60,24479,2135,mex,Sí
1897,315,1,2767.99,2024-10-07,2,31,32200,1575,USA,Sí
1898,252,2,987.4,2025-04-04,1,48,31771,1997,México,Sí
1899,465,5,2237.43,2024-07-16,7,57,32638,1664,mex,Sí
1900,208,4,3715.57,2025-02-08,9,52,8003,1531,mex,Sí
1901,825,3,217.81,2024-12-14,4,44,26214,2215,México,No
1902,840,5,1840.01,2025-03-23,4,62,42521,2045,mex,Sí
1903,381,2,4541.98,2024-07-13,3,53,6522,2088,México,Sí
1904,177,4,751.46,2024-11-26,9,44,27745,2614,México,Sí
1905,506,3,3147.02,2024-06-05,8,26,7564,2525,mex,Sí
1906,637,5,2703.56,2024-01-30,8,61,24975,895,MX,Sí
1907,423,4,1472.65,2024-07-21,2,30,39430,1886,USA,Sí
1908,685,4,3637.64,2024-07-11,8,59,38938,2532,USA,Sí
1909,748,2,1113.0,2024-04-29,6,25,41340,2481,mex,Sí
1910,165,4,1181.3,2024-02-02,7,18,5714,299,MX,Sí
1911,131,2,409.37,2024-11-23,1,19,31043,450,México,Sí
1912,380,2,215.02,2025-05-07,9,29,49432,1053,MX,No
1913,245,2,1132.17,2024-01-31,7,22,14192,505,USA,Sí
1914,183,3,1149.78,2024-10-27,4,44,24036,654,USA,Sí
1915,916,3,4253.59,2024-11-28,9,35,10853,305,MX,Sí
1916,128,4,3106.16,2025-02-20,4,64,21480,696,México,Sí
1917,230,4,1412.45,2024-03-09,9,22,17157,985,USA,Sí
1918,934,1,2012.19,2025-03-04,2,31,6023,2845,MX,Sí
1919,968,3,3205.59,2024-11-15,4,21,28535,1179,MX,Sí
1920,634,1,2728.9,2024-09-01,9,61,46650,1776,mex,Sí
1921,730,1,4617.71,2024-10-06,1,56,13499,232,MX,Sí
1922,635,5,1454.44,2025-04-27,10,46,5592,337,mex,Sí
1923,999,1,1646.27,2024-07-21,1,42,18315,2021,mex,Sí
1924,208,3,3262.62,2024-01-06,2,52,8003,1531,mex,Sí
1925,632,3,771.19,2025-04-29,5,34,26577,853,mex,Sí
1926,258,4,3139.68,2024-04-10,2,20,32647,1773,MX,Sí
1927,252,2,2084.13,2025-03-18,3,48,31771,1997,México,Sí
1928,425,1,4598.67,2025-04-20,1,56,26085,1994,mex,Sí
1929,363,2,5049.34,2025-03-12,4,40,44677,1424,MX,Sí
1930,270,5,3754.2,2024-02-29,4,38,41788,876,mex,Sí
1931,566,3,3911.74,2024-08-20,1,34,14738,68,México,Sí
1932,686,2,995.13,2024-05-09,8,32,33891,2437,México,Sí
1933,879,1,715.31,2024-04-22,8,43,7591,1541,mex,Sí
1934,969,4,1716.62,2024-12-29,7,48,47288,2524,mex,Sí
1935,993,1,1643.88,2024-07-26,2,48,19122,1270,MX,Sí
1936,428,3,1034.92,2024-10-31,5,58,17802,2818,mex,Sí
1937,506,5,498.09,2025-01-26,7,26,7564,2525,mex,Sí
1938,874,2,1646.0,2024-08-15,4,54,14189,1204,mex,Sí
1939,295,1,264.86,2025-02-02,9,20,29968,1553,mex,No
1940,904,5,4134.83,2024-07-11,5,39,24753,1968,mex,Sí
1941,291,4,2969.78,2025-05-07,2,43,10254,1322,USA,Sí
1942,937,1,4104.89,2024-12-12,1,41,13834,2821,MX,Sí
1943,172,2,1501.43,2024-09-23,8,50,43324,1640,mex,Sí
1944,426,3,569.74,2024-04-11,8,25,34463,703,MX,Sí
1945,934,3,3970.5,2024-07-09,6,31,6023,2845,MX,Sí
1946,654,3,1486.21,2024-03-18,10,56,31616,1539,USA,Sí
1947,172,4,772.54,2024-12-11,1,50,43324,1640,mex,Sí
1948,126,1,1803.37,2024-09-01,4,59,16735,992,USA,Sí
1949,551,2,697.55,2024-11-29,10,62,42177,1115,MX,Sí
1950,754,4,4110.77,2024-11-28,9,44,26745,1238,mex,Sí
1951,499,3,2327.63,2024-10-29,7,63,5043,573,USA,Sí
1952,525,2,2780.99,2024-10-02,2,27,16922,2099,México,Sí
1953,948,2,4796.37,2024-12-05,6,52,5212,876,USA,Sí
1954,742,5,2317.42,2024-09-11,2,49,37946,1244,USA,Sí
1955,469,3,1133.36,2024-11-03,5,20,25564,479,mex,Sí
1956,333,1,2024.6,2025-03-11,2,47,20788,1827,México,Sí
1957,322,4,4331.54,2024-03-02,1,51,26912,988,mex,Sí
1958,867,1,498.98,2024-01-31,1,56,26275,869,MX,Sí
1959,995,5,1875.96,2024-04-17,10,51,28177,31,México,Sí
1960,326,2,4244.07,2024-04-29,7,20,5315,2160,USA,Sí
1961,699,2,2594.69,2024-11-16,7,64,40863,547,México,Sí
1962,508,2,4313.48,2024-09-24,2,20,30758,327,USA,Sí
1963,994,4,321.14,2024-08-13,1,39,28542,979,mex,Sí
1964,186,2,3954.48,2024-05-11,10,32,42941,2872,MX,Sí
1965,147,2,3269.89,2024-03-10,8,56,24778,73,México,Sí
1966,448,4,596.57,2024-10-19,6,53,48456,2056,USA,Sí
1967,289,2,3814.7,2025-04-11,5,57,27742,2146,MX,Sí
1968,309,5,168.55,2024-05-22,4,41,28364,1206,USA,No
1969,932,3,85.92,2024-07-02,9,63,22591,1690,USA,No
1970,958,2,4220.07,2024-03-16,3,20,34025,2025,México,Sí
1971,848,2,2174.59,2025-05-01,6,54,43349,484,mex,Sí
1972,140,3,491.86,2024-02-24,3,34,5201,482,USA,Sí
1973,150,3,518.59,2024-02-25,3,21,35202,2063,México,Sí
1974,136,2,3850.36,2024-12-02,1,64,38475,1183,MX,Sí
1975,449,4,1718.35,2024-10-11,9,30,5384,1548,USA,Sí
1976,553,5,2376.62,2024-06-18,4,60,16125,2775,mex,Sí
1977,541,3,1409.13,2024-12-22,8,19,24875,831,mex,Sí
1978,634,4,4404.15,2024-03-22,3,61,46650,1776,mex,Sí
1979,568,5,2159.1,2024-02-29,4,48,48493,202,México,Sí
1980,367,3,2917.7,2024-07-13,3,38,27777,1863,USA,Sí
1981,951,1,2395.79,2024-03-22,5,34,28312,2136,México,Sí
1982,578,3,3241.05,2025-03-01,4,59,36612,2456,USA,Sí
1983,242,4,1817.93,2024-08-22,3,29,32445,2330,USA,Sí
1984,132,2,2318.0,2024-06-14,3,19,23762,338,mex,Sí
1985,531,3,749.37,2024-03-16,4,65,45874,2186,México,Sí
1986,310,1,499.1,2025-05-01,6,26,40677,2458,mex,Sí
1987,159,3,2525.19,2025-03-05,9,48,35024,1989,MX,Sí
1988,530,5,1822.97,2025-03-25,5,32,46606,2841,mex,Sí
1989,518,1,3707.06,2024-10-18,8,49,18793,823,México,Sí
1990,853,1,3381.23,2024-04-22,2,18,38119,2702,USA,Sí
1991,952,2,4954.26,2025-02-09,2,36,7569,1957,México,Sí
1992,201,2,4348.4,2024-10-16,4,33,48192,2392,MX,Sí
1993,852,2,3448.16,2024-12-08,4,64,24482,190,mex,Sí
1994,892,2,2825.61,2024-01-30,7,45,14026,1634,mex,Sí
1995,961,5,3328.72,2024-10-08,9,57,17122,1259,México,Sí
1996,592,1,1689.25,2024-01-29,4,22,36969,271,USA,Sí
1997,419,5,1208.66,2024-10-16,3,29,21061,1431,USA,Sí
1998,353,4,740.97,2024-05-30,1,47,23622,1524,México,Sí
1999,584,3,2680.94,2024-06-21,2,51,24374,2226,MX,Sí
2000,747,1,2780.28,2024-06-03,10,22,33136,1663,USA,Sí
2001,637,2,2888.92,2024-01-12,5,61,24975,895,MX,Sí
2002,100,4,3996.28,2024-12-02,10,39,46401,2892,mex,Sí
2003,963,5,949.68,2024-08-20,8,36,37497,923,mex,Sí
2004,563,2,3131.86,2024-07-11,1,57,24884,258,México,Sí
2005,283,5,2164.64,2024-12-12,2,47,32971,154,mex,Sí
2006,918,5,248.23,2024-06-17,6,41,15225,1712,USA,No
2007,845,3,3587.52,2024-04-20,10,19,32257,587,USA,Sí
2008,333,2,4725.89,2024-11-19,5,47,20788,1827,México,Sí
2009,303,5,2363.23,2025-02-18,8,52,49751,1015,mex,Sí
2010,366,2,830.44,2024-03-18,4,51,22561,1,mex,Sí
2011,156,2,4082.12,2025-02-21,8,61,9507,730,México,Sí
2012,339,1,2784.54,2024-09-20,10,25,17164,1909,USA,Sí
2013,453,5,3692.04,2024-12-14,4,64,16683,2335,USA,Sí
2014,468,1,2563.88,2024-02-07,9,56,10655,2117,México,Sí
2015,207,5,3007.89,2025-05-08,2,47,8948,1169,USA,Sí
2016,871,4,2068.8,2024-11-12,10,30,36116,1563,mex,Sí
2017,881,3,4015.87,2024-09-20,3,53,35212,1809,MX,Sí
2018,742,4,4146.16,2024-12-25,2,49,37946,1244,USA,Sí
2019,578,2,3184.2,2024-07-19,2,59,36612,2456,USA,Sí
2020,485,4,2629.61,2024-05-29,10,49,46962,740,mex,Sí
2021,875,3,3360.76,2025-04-26,9,26,32184,2564,USA,Sí
2022,335,5,1569.38,2024-02-02,5,27,40807,1474,mex,Sí
2023,900,1,1627.5,2025-05-08,10,65,30988,1078,MX,Sí
2024,971,5,2654.73,2025-04-19,2,48,36048,1156,MX,Sí
2025,160,4,3695.7,2024-05-23,3,44,47669,2237,USA,Sí
2026,454,2,4503.29,2025-02-09,4,19,8430,838,MX,Sí
2027,518,1,2752.5,2024-03-11,1,49,18793,823,México,Sí
2028,103,4,4082.26,2025-01-05,3,28,6225,1183,USA,Sí
2029,282,1,930.02,2024-07-24,6,32,7721,2037,mex,Sí
2030,447,2,3241.91,2024-02-27,7,43,29367,2251,MX,Sí
2031,946,4,4275.66,2024-01-13,6,34,23068,2117,México,Sí
2032,889,4,2260.65,2024-07-02,6,44,38312,890,MX,Sí
2033,482,4,3918.82,2024-01-21,9,41,36320,385,MX,Sí
2034,347,4,4375.01,2024-02-25,10,45,7252,2214,MX,Sí
2035,519,3,4313.73,2025-04-01,1,38,25610,2426,mex,Sí
2036,376,3,3079.88,2024-09-14,8,39,45788,2390,mex,Sí
2037,300,5,3042.43,2024-08-04,4,63,49018,453,MX,Sí
2038,593,4,2616.58,2024-12-02,9,41,5498,2825,MX,Sí
2039,183,5,3603.4,2024-10-07,7,44,24036,654,USA,Sí
2040,694,2,2636.98,2024-12-09,9,29,28813,2844,MX,Sí
2041,414,1,2375.41,2024-01-09,7,36,49576,301,México,Sí
2042,451,5,1388.25,2024-12-03,6,34,35639,8,MX,Sí
2043,850,3,3893.46,2024-08-28,2,31,34879,246,México,Sí
2044,152,5,3961.18,2025-04-13,4,60,8588,1616,México,Sí
2045,878,2,75.08,2024-02-02,4,48,27583,2663,mex,No
2046,427,5,1627.72,2025-04-12,8,18,23431,937,USA,Sí
2047,839,5,1092.75,2024-04-29,6,20,23816,2706,USA,Sí
2048,198,5,4724.45,2024-02-28,8,43,29539,1283,mex,Sí
2049,589,2,1480.26,2024-05-19,6,24,33899,258,USA,Sí
2050,870,4,3790.78,2025-01-10,6,19,21362,1259,mex,Sí
2051,373,5,154.33,2024-03-13,7,54,38915,1108,MX,No
2052,870,2,4928.76,2025-04-20,9,19,21362,1259,mex,Sí
2053,371,1,869.53,2025-01-24,5,41,18411,1460,USA,Sí
2054,699,1,3310.76,2025-03-11,4,64,40863,547,México,Sí
2055,428,4,528.83,2024-10-09,6,58,17802,2818,mex,Sí
2056,993,2,3952.28,2025-02-27,9,48,19122,1270,MX,Sí
2057,929,5,4551.9,2024-12-16,9,53,34265,844,México,Sí
2058,939,2,2097.02,2024-06-10,4,30,28226,451,MX,Sí
2059,951,3,444.2,2024-11-17,10,34,28312,2136,México,Sí
2060,980,5,4071.63,2024-03-29,5,59,36755,483,USA,Sí
2061,849,4,1168.04,2025-03-18,8,37,5964,1284,USA,Sí
2062,210,2,1908.41,2025-02-10,10,34,44130,1779,USA,Sí
2063,394,4,4517.88,2024-03-12,1,36,36365,2915,México,Sí
2064,762,3,3583.56,2025-01-27,9,38,30295,1181,MX,Sí
2065,683,5,1349.04,2025-01-23,2,45,9383,1936,MX,Sí
2066,264,4,2473.35,2024-10-28,6,48,8520,1280,mex,Sí
2067,108,2,3826.82,2024-12-18,3,59,25543,2000,USA,Sí
2068,277,1,1990.07,2024-06-25,7,57,37090,363,México,Sí
2069,949,5,3887.26,2024-02-08,1,18,29596,1959,MX,Sí
2070,260,4,3569.13,2024-10-14,8,54,16529,2119,USA,Sí
2071,186,1,3318.79,2024-12-17,6,32,42941,2872,MX,Sí
2072,696,4,1360.25,2024-06-29,1,19,29863,560,USA,Sí
2073,995,5,3347.49,2024-09-12,6,51,28177,31,México,Sí
2074,416,1,458.65,2024-06-12,4,37,16940,2567,México,Sí
2075,963,4,1522.4,2024-10-11,10,36,37497,923,mex,Sí
2076,176,3,2537.54,2025-02-22,7,58,20943,2387,México,Sí
2077,942,4,1373.05,2024-08-27,7,26,9637,2119,MX,Sí
2078,607,1,2074.22,2025-04-28,7,49,21304,2368,USA,Sí
2079,267,1,4274.38,2025-05-05,4,34,10707,1877,mex,Sí
2080,936,3,4120.16,2024-09-11,2,45,16295,2189,USA,Sí
2081,998,4,2011.91,2025-04-09,5,59,8025,475,USA,Sí
2082,588,2,4818.54,2025-02-13,3,28,23278,196,mex,Sí
2083,751,5,1904.54,2024-03-05,6,55,5270,2914,MX,Sí
2084,360,5,1746.56,2024-03-26,9,24,17632,2218,MX,Sí
2085,710,5,1829.16,2024-03-12,7,24,19043,149,USA,Sí
2086,843,1,2048.45,2024-08-23,2,31,5055,1164,mex,Sí
2087,446,3,422.37,2024-01-18,10,34,46564,2492,mex,Sí
2088,669,2,3673.36,2024-11-20,1,54,5392,2466,México,Sí
2089,461,4,4018.37,2024-10-11,5,23,25018,213,USA,Sí
2090,654,4,2919.73,2025-02-12,4,56,31616,1539,USA,Sí
2091,434,4,3589.34,2024-05-02,2,34,37937,2827,USA,Sí
2092,803,3,3231.08,2024-07-15,1,26,48936,2328,MX,Sí
2093,192,2,2088.72,2024-01-05,9,37,29473,2654,MX,Sí
2094,190,1,4163.3,2024-01-20,8,26,37992,2193,México,Sí
2095,558,2,1752.82,2024-10-17,9,65,38789,1231,MX,Sí
2096,699,4,2182.9,2024-02-09,2,64,40863,547,México,Sí
2097,391,2,2292.7,2024-07-14,7,45,36057,1667,mex,Sí
2098,879,3,4733.83,2024-03-22,1,43,7591,1541,mex,Sí
2099,583,4,3724.0,2024-11-29,2,62,44173,2912,USA,Sí
2100,677,5,1031.05,2024-09-11,10,29,37285,810,MX,Sí
2101,309,2,4312.62,2024-06-14,2,41,28364,1206,USA,Sí
2102,563,2,4016.18,2024-03-22,5,57,24884,258,México,Sí
2103,731,1,4346.67,2024-12-25,1,50,29594,1215,MX,Sí
2104,915,3,3851.7,2024-06-05,3,23,10784,1374,USA,Sí
2105,550,4,3475.06,2024-09-13,6,65,18963,2273,MX,Sí
2106,111,3,3199.26,2024-09-30,9,23,43946,2787,México,Sí
2107,644,3,2912.48,2024-08-02,5,25,28234,188,México,Sí
2108,869,5,1946.12,2025-04-09,6,60,36243,227,MX,Sí
2109,791,2,1241.88,2024-05-12,7,45,47580,765,México,Sí
2110,329,3,2319.01,2025-04-14,4,20,42290,1260,MX,Sí
2111,852,1,2207.31,2024-10-24,7,64,24482,190,mex,Sí
2112,643,5,710.43,2024-12-12,1,59,49717,665,USA,Sí
2113,347,1,4960.74,2024-08-01,2,45,7252,2214,MX,Sí
2114,687,4,2911.69,2025-01-06,10,51,13256,1829,mex,Sí
2115,773,4,2739.18,2024-07-28,5,27,13370,964,mex,Sí
2116,242,2,1200.04,2024-03-04,10,29,32445,2330,USA,Sí
2117,417,5,2881.69,2024-01-28,6,52,41084,2234,México,Sí
2118,761,5,2337.98,2024-09-02,1,28,30927,2244,MX,Sí
2119,940,3,1717.79,2024-07-11,10,47,36993,2282,MX,Sí
2120,539,4,4062.57,2024-01-27,9,23,31722,2119,mex,Sí
2121,200,5,3316.79,2024-05-16,5,54,8565,1465,México,Sí
2122,296,5,3503.81,2025-02-26,2,56,42733,1693,mex,Sí
2123,323,4,590.58,2024-04-24,9,28,25689,2020,mex,Sí
2124,463,3,3127.14,2024-07-09,1,41,35826,1703,mex,Sí
2125,238,3,2472.68,2024-11-23,9,52,13284,1350,USA,Sí
2126,244,2,755.65,2025-01-01,3,55,29630,863,MX,Sí
2127,100,2,2179.88,2024-05-16,1,39,46401,2892,mex,Sí
2128,643,4,154.89,2025-02-06,10,59,49717,665,USA,No
2129,463,1,2198.44,2025-01-16,6,41,35826,1703,mex,Sí
2130,410,1,3504.91,2024-01-10,1,45,22622,22,MX,Sí
2131,145,1,3967.66,2024-06-27,5,45,48995,580,mex,Sí
2132,195,2,4061.01,2024-06-18,3,58,45449,798,USA,Sí
2133,473,2,4291.28,2024-10-19,4,49,16476,489,USA,Sí
2134,218,3,1260.81,2024-11-10,5,42,5394,308,MX,Sí
2135,276,4,357.29,2024-02-29,5,34,21112,384,mex,Sí
2136,709,1,4082.58,2024-09-21,3,32,5394,54,México,Sí
2137,594,1,3426.69,2024-04-01,9,39,12878,2446,MX,Sí
2138,894,4,752.53,2024-08-02,8,25,17607,2324,México,Sí
2139,383,3,741.33,2024-08-08,8,46,35224,1323,México,Sí
2140,657,4,4049.83,2025-02-06,7,37,25352,1829,MX,Sí
2141,744,4,1801.17,2024-11-22,3,37,16638,2262,México,Sí
2142,198,5,1061.11,2024-05-26,9,43,29539,1283,mex,Sí
2143,469,3,901.28,2024-07-23,6,20,25564,479,mex,Sí
2144,510,4,4993.63,2025-04-09,7,35,7385,2489,MX,Sí
2145,637,5,5042.66,2024-02-28,6,61,24975,895,MX,Sí
2146,651,2,2928.76,2024-01-16,5,46,45390,1266,México,Sí
2147,141,5,2999.17,2024-02-26,8,65,31158,961,USA,Sí
2148,673,5,539.14,2024-02-11,2,60,49216,2591,USA,Sí
2149,417,3,4879.85,2024-11-03,2,52,41084,2234,México,Sí
2150,126,4,221.67,2024-05-28,4,59,16735,992,USA,No
2151,127,1,4611.6,2024-10-06,1,52,49268,866,USA,Sí
2152,637,5,1697.6,2024-03-28,9,61,24975,895,MX,Sí
2153,901,5,1794.49,2024-06-15,7,39,15923,752,mex,Sí
2154,173,3,2804.11,2024-02-08,8,40,30127,2270,MX,Sí
2155,496,1,3444.73,2024-07-15,10,49,47573,1281,USA,Sí
2156,532,4,3023.02,2024-03-16,10,37,15076,298,mex,Sí
2157,451,1,343.68,2024-03-19,7,34,35639,8,MX,Sí
2158,599,5,777.24,2025-02-24,8,42,10859,2455,USA,Sí
2159,376,2,1370.47,2024-10-31,3,39,45788,2390,mex,Sí
2160,511,3,1028.57,2024-08-07,7,46,12209,148,MX,Sí
2161,737,4,2573.06,2024-06-22,3,36,34108,515,MX,Sí
2162,140,3,3772.6,2025-05-12,8,34,5201,482,USA,Sí
2163,739,2,2780.02,2024-12-27,10,54,48658,39,mex,Sí
2164,760,4,2236.42,2024-01-02,7,35,39928,744,mex,Sí
2165,542,2,1629.41,2024-09-09,6,25,13189,586,mex,Sí
2166,441,1,3384.19,2025-03-01,3,61,17372,355,MX,Sí
2167,738,4,4177.28,2025-01-12,3,47,35774,95,USA,Sí
2168,303,2,2585.9,2025-02-16,6,52,49751,1015,mex,Sí
2169,569,5,2575.38,2024-02-11,9,40,20433,1559,mex,Sí
2170,312,3,3757.91,2024-04-29,10,29,21745,961,mex,Sí
2171,206,4,549.79,2024-08-01,9,46,25056,2521,mex,Sí
2172,909,5,1220.86,2024-04-16,4,29,24914,2286,USA,Sí
2173,243,4,612.41,2024-07-23,8,23,48734,2399,México,Sí
2174,369,2,92.25,2025-03-25,5,47,33542,2757,MX,No
2175,678,5,703.8,2024-04-18,7,27,11370,2936,mex,Sí
2176,847,1,4143.6,2025-03-29,1,46,44537,333,USA,Sí
2177,715,1,4232.1,2024-11-20,8,41,40761,933,mex,Sí
2178,744,2,3896.89,2024-12-14,2,37,16638,2262,México,Sí
2179,803,2,2965.36,2025-01-14,1,26,48936,2328,MX,Sí
2180,947,3,406.43,2024-11-05,9,46,23243,2966,mex,Sí
2181,574,1,2352.44,2024-05-18,1,56,10434,1204,México,Sí
2182,260,5,4543.28,2025-02-20,5,54,16529,2119,USA,Sí
2183,863,5,3136.97,2024-10-21,1,47,20139,2074,MX,Sí
2184,743,2,1468.7,2024-10-07,10,53,32688,1473,MX,Sí
2185,172,3,2500.7,2025-02-09,6,50,43324,1640,mex,Sí
2186,540,4,87.77,2025-04-20,8,59,39690,2249,mex,No
2187,839,5,246.95,2024-09-04,4,20,23816,2706,USA,No
2188,370,3,1372.13,2024-01-11,4,36,30411,1632,mex,Sí
2189,557,3,2326.29,2024-09-01,1,49,40372,2873,USA,Sí
2190,936,3,1297.68,2024-01-13,4,45,16295,2189,USA,Sí
2191,842,5,2247.68,2024-05-04,10,28,24230,689,México,Sí
2192,901,4,3434.02,2024-07-06,9,39,15923,752,mex,Sí
2193,187,5,2451.15,2024-09-25,3,44,16569,1990,México,Sí
2194,654,2,4430.04,2024-06-21,1,56,31616,1539,USA,Sí
2195,503,5,2130.03,2024-04-21,9,37,33100,892,USA,Sí
2196,703,4,3741.09,2024-08-08,10,29,21492,1237,mex,Sí
2197,656,1,3956.42,2024-09-19,3,31,14038,621,México,Sí
2198,845,2,81.77,2024-03-09,7,19,32257,587,USA,No
2199,941,4,2651.47,2024-10-30,5,48,43156,1670,MX,Sí
2200,590,2,4494.3,2024-09-22,10,25,37181,1698,USA,Sí
2201,403,4,3232.46,2025-05-11,1,30,11716,134,México,Sí
2202,373,2,4221.03,2024-03-02,2,54,38915,1108,MX,Sí
2203,284,4,3977.08,2025-03-19,1,18,28950,1304,mex,Sí
2204,751,2,3937.68,2024-12-24,3,55,5270,2914,MX,Sí
2205,216,5,95.57,2024-07-22,1,34,13475,704,MX,No
2206,817,5,2562.98,2024-10-14,4,50,19625,1879,USA,Sí
2207,208,3,621.29,2024-02-12,1,52,8003,1531,mex,Sí
2208,250,3,2042.39,2024-05-06,1,21,11095,355,mex,Sí
2209,633,4,5006.55,2024-12-13,5,19,45077,843,USA,Sí
2210,459,3,1811.58,2024-04-25,1,45,6750,1749,México,Sí
2211,803,4,3933.79,2024-01-06,8,26,48936,2328,MX,Sí
2212,630,4,571.93,2024-04-08,7,21,9364,1185,USA,Sí
2213,810,5,1130.81,2024-06-14,1,57,22688,120,MX,Sí
2214,121,1,2413.7,2024-01-19,8,49,22929,615,USA,Sí
2215,768,2,3877.96,2024-11-12,9,46,42961,2893,USA,Sí
2216,481,3,1906.15,2024-05-14,3,44,7420,1084,USA,Sí
2217,429,1,2673.01,2024-05-04,7,36,38668,1660,México,Sí
2218,660,1,2943.6,2024-11-09,4,48,9588,1272,USA,Sí
2219,183,2,719.12,2025-02-14,8,44,24036,654,USA,Sí
2220,154,1,3862.88,2024-05-02,10,27,12894,901,México,Sí
2221,976,1,1449.12,2024-05-19,6,48,10049,109,mex,Sí
2222,950,1,2220.52,2024-01-05,8,29,19325,1431,MX,Sí
2223,734,2,1587.54,2024-12-07,5,55,33221,1362,mex,Sí
2224,490,4,478.77,2024-07-17,8,35,6529,379,MX,Sí
2225,494,1,3863.6,2025-01-18,6,63,33640,532,México,Sí
2226,482,3,920.2,2024-07-19,5,41,36320,385,MX,Sí
2227,288,3,1883.51,2024-01-19,1,37,31797,214,México,Sí
2228,380,2,3019.76,2024-01-26,5,29,49432,1053,MX,Sí
2229,310,4,4905.53,2024-11-22,4,26,40677,2458,mex,Sí
2230,806,5,310.71,2024-11-03,10,36,9398,1489,USA,Sí
2231,785,1,4700.72,2024-09-17,9,45,18821,410,mex,Sí
2232,573,1,1507.46,2025-04-13,9,56,19669,2269,USA,Sí
2233,306,4,4671.78,2024-08-15,6,29,19184,2093,USA,Sí
2234,227,2,3013.47,2024-06-25,10,29,39883,859,mex,Sí
2235,895,3,3070.85,2024-11-30,6,30,15768,848,MX,Sí
2236,675,4,679.73,2025-02-06,7,58,5439,2797,México,Sí
2237,819,1,4835.69,2024-10-13,10,32,40078,2369,USA,Sí
2238,304,1,917.65,2024-06-26,3,53,36653,125,MX,Sí
2239,268,1,1911.76,2024-05-30,4,56,11580,472,mex,Sí
2240,136,1,312.98,2024-03-20,7,64,38475,1183,MX,Sí
2241,740,4,532.9,2024-09-28,5,18,11912,892,mex,Sí
2242,553,2,3423.54,2024-11-27,3,60,16125,2775,mex,Sí
2243,511,3,3684.47,2024-07-06,7,46,12209,148,MX,Sí
2244,412,4,1126.62,2024-03-02,10,19,23465,1787,mex,Sí
2245,529,3,4881.55,2024-07-15,1,55,19855,335,MX,Sí
2246,219,3,4968.19,2024-09-01,5,41,34876,2688,MX,Sí
2247,121,4,315.84,2024-07-14,8,49,22929,615,USA,Sí
2248,806,3,2049.95,2024-06-22,6,36,9398,1489,USA,Sí
2249,677,3,380.01,2024-09-24,5,29,37285,810,MX,Sí
2250,809,3,830.64,2024-05-14,9,65,12603,779,USA,Sí
2251,605,1,1300.03,2024-12-10,7,56,9318,2847,MX,Sí
2252,480,1,4144.46,2024-01-22,8,62,33629,2359,USA,Sí
2253,692,1,623.34,2024-09-17,3,58,5956,838,México,Sí
2254,754,5,768.48,2024-03-02,2,44,26745,1238,mex,Sí
2255,582,1,480.25,2024-01-07,9,41,5865,1143,mex,Sí
2256,106,4,76.72,2024-04-15,1,30,16855,2477,USA,No
2257,615,4,4916.09,2024-11-21,4,37,17547,2162,mex,Sí
2258,766,4,1040.51,2025-04-14,2,54,49621,588,mex,Sí
2259,723,1,3586.73,2024-02-02,3,28,26994,1331,MX,Sí
2260,847,3,1036.71,2024-07-05,3,46,44537,333,USA,Sí
2261,315,2,1020.07,2025-02-15,6,31,32200,1575,USA,Sí
2262,271,2,1131.61,2024-01-05,4,33,33579,2979,mex,Sí
2263,952,3,4694.61,2025-05-05,2,36,7569,1957,México,Sí
2264,688,5,3017.78,2024-04-27,4,19,22280,547,USA,Sí
2265,331,1,3879.09,2024-09-10,3,37,15430,2177,México,Sí
2266,711,4,1791.86,2024-12-20,6,42,47447,92,mex,Sí
2267,438,2,3822.87,2024-11-18,10,32,31586,1398,mex,Sí
2268,864,2,1767.74,2024-10-18,9,26,43680,2987,USA,Sí
2269,697,4,1913.85,2025-02-26,2,23,44923,1626,MX,Sí
2270,998,4,1821.92,2025-01-16,8,59,8025,475,USA,Sí
2271,526,1,722.23,2024-06-18,3,24,43585,936,MX,Sí
2272,490,2,1007.08,2024-01-31,8,35,6529,379,MX,Sí
2273,536,2,3386.93,2024-11-27,4,33,43466,1901,USA,Sí
2274,613,5,4455.9,2024-11-20,7,50,45618,283,mex,Sí
2275,166,3,2883.32,2024-03-20,1,40,18855,498,mex,Sí
2276,106,4,3556.15,2024-05-16,3,30,16855,2477,USA,Sí
2277,529,4,3129.36,2024-05-05,5,55,19855,335,MX,Sí
2278,349,1,104.91,2024-10-01,8,55,43068,613,México,No
2279,928,3,2755.86,2024-06-11,10,58,15339,479,mex,Sí
2280,122,1,2846.14,2024-07-26,4,61,19814,597,MX,Sí
2281,767,3,1839.94,2024-04-30,2,55,15902,145,México,Sí
2282,919,1,751.81,2024-03-30,5,41,8035,2189,México,Sí
2283,841,4,259.67,2024-02-20,4,26,20737,541,MX,No
2284,652,5,3780.29,2025-05-03,7,34,41797,2639,USA,Sí
2285,386,4,1280.22,2024-06-03,9,20,16072,410,USA,Sí
2286,214,2,3157.41,2024-09-10,7,20,20086,1071,MX,Sí
2287,832,1,4543.78,2024-05-25,8,58,25207,2863,USA,Sí
2288,917,2,3279.12,2024-07-22,1,28,49992,707,MX,Sí
2289,329,5,1008.71,2025-05-07,4,20,42290,1260,MX,Sí
2290,798,5,4471.03,2025-03-22,9,18,11536,114,México,Sí
2291,462,3,3103.27,2024-06-29,10,34,17097,35,USA,Sí
2292,815,1,4305.99,2024-02-27,1,48,43440,478,MX,Sí
2293,770,4,694.54,2024-11-09,8,38,42260,241,mex,Sí
2294,854,5,1544.24,2024-10-29,2,44,44543,2558,mex,Sí
2295,854,4,2428.34,2025-05-07,5,44,44543,2558,mex,Sí
2296,566,1,4997.74,2024-11-06,2,34,14738,68,México,Sí
2297,838,4,5031.35,2025-03-29,6,63,47727,1941,USA,Sí
2298,109,3,242.43,2025-04-20,7,24,26963,2615,USA,No
2299,394,4,3418.88,2024-03-28,9,36,36365,2915,México,Sí
2300,765,1,2383.09,2025-04-06,3,60,28896,357,USA,Sí
2301,376,5,2713.44,2025-05-10,4,39,45788,2390,mex,Sí
2302,822,5,1686.07,2025-02-01,10,18,12223,438,México,Sí
2303,637,5,1031.16,2025-05-08,4,61,24975,895,MX,Sí
2304,801,5,4698.25,2024-02-13,7,23,12043,1760,mex,Sí
2305,968,5,2792.12,2024-02-08,8,21,28535,1179,MX,Sí
2306,512,1,152.05,2025-03-08,3,36,41750,1494,México,No
2307,745,4,4233.05,2025-01-30,5,49,33926,208,USA,Sí
2308,865,5,249.47,2024-08-10,2,50,15662,1129,mex,No
2309,268,4,2794.06,2025-03-15,8,56,11580,472,mex,Sí
2310,180,2,4065.24,2024-07-04,5,58,27973,774,México,Sí
2311,217,2,715.81,2025-01-10,4,32,46078,1055,mex,Sí
2312,575,3,1417.66,2024-11-22,5,54,44615,1842,MX,Sí
2313,335,5,563.14,2024-10-16,6,27,40807,1474,mex,Sí
2314,295,2,4587.32,2024-10-27,3,20,29968,1553,mex,Sí
2315,667,2,2906.46,2025-05-03,2,18,22747,1138,MX,Sí
2316,949,1,756.84,2024-03-02,2,18,29596,1959,MX,Sí
2317,611,2,3520.28,2024-11-11,1,38,22073,2739,MX,Sí
2318,529,1,1945.91,2024-07-24,10,55,19855,335,MX,Sí
2319,399,5,3235.69,2024-07-20,2,63,21176,306,mex,Sí
2320,397,2,3230.36,2024-04-12,2,26,30715,2936,USA,Sí
2321,963,3,1955.04,2024-10-02,7,36,37497,923,mex,Sí
2322,449,1,2162.1,2025-01-15,6,30,5384,1548,USA,Sí
2323,446,2,2466.89,2024-08-04,8,34,46564,2492,mex,Sí
2324,347,2,1727.72,2025-05-05,9,45,7252,2214,MX,Sí
2325,587,1,2380.65,2024-05-17,10,39,9302,743,mex,Sí
2326,170,3,76.05,2024-12-06,4,31,29813,1437,mex,No
2327,931,3,2132.87,2025-01-19,6,56,44745,1087,México,Sí
2328,720,4,949.58,2025-04-19,3,61,35046,2192,USA,Sí
2329,275,2,800.99,2024-12-21,2,21,23290,749,México,Sí
2330,441,3,4165.02,2024-06-17,3,61,17372,355,MX,Sí
2331,169,4,2218.59,2025-04-29,6,56,19741,1636,MX,Sí
2332,832,3,3773.62,2024-07-24,9,58,25207,2863,USA,Sí
2333,894,5,424.34,2024-09-26,5,25,17607,2324,México,Sí
2334,778,2,2364.7,2024-05-20,1,48,32231,479,México,Sí
2335,297,1,3272.48,2024-01-21,3,35,27833,2923,mex,Sí
2336,313,2,741.51,2024-10-17,5,61,33352,1749,USA,Sí
2337,745,1,1970.0,2024-10-26,9,49,33926,208,USA,Sí
2338,487,4,4008.17,2024-02-23,2,39,49318,1823,mex,Sí
2339,541,5,1787.41,2025-02-27,2,19,24875,831,mex,Sí
2340,468,3,895.77,2024-07-22,6,56,10655,2117,México,Sí
2341,465,3,375.04,2025-04-22,6,57,32638,1664,mex,Sí
2342,117,2,3961.79,2025-02-07,7,38,21131,258,USA,Sí
2343,121,1,959.71,2025-01-14,3,49,22929,615,USA,Sí
2344,956,1,1313.76,2024-04-09,3,47,23801,1725,mex,Sí
2345,639,2,3030.56,2024-03-12,10,34,13828,1321,USA,Sí
2346,296,2,4281.47,2024-06-14,2,56,42733,1693,mex,Sí
2347,640,4,2187.85,2024-04-10,8,25,28342,1552,mex,Sí
2348,991,4,129.73,2024-12-09,4,30,13749,2220,USA,No
2349,896,2,3148.24,2024-06-16,9,18,12285,2324,MX,Sí
2350,152,5,583.47,2025-04-26,5,60,8588,1616,México,Sí
2351,643,3,4044.89,2024-08-02,8,59,49717,665,USA,Sí
2352,498,5,2879.58,2025-03-22,8,42,40079,2325,MX,Sí
2353,223,2,2919.89,2024-12-05,7,31,37280,2939,México,Sí
2354,394,4,555.68,2024-11-24,10,36,36365,2915,México,Sí
2355,933,4,3539.31,2024-07-20,10,28,5541,214,USA,Sí
2356,450,1,3899.15,2024-05-23,2,20,10584,1518,México,Sí
2357,786,3,4651.76,2024-05-17,7,24,40823,511,mex,Sí
2358,333,3,2304.38,2025-04-03,3,47,20788,1827,México,Sí
2359,462,2,2026.37,2024-01-08,9,34,17097,35,USA,Sí
2360,459,2,2376.72,2024-06-12,3,45,6750,1749,México,Sí
2361,302,3,1708.55,2024-08-15,3,40,9441,1381,México,Sí
2362,113,2,1015.17,2024-04-21,6,32,44422,1674,USA,Sí
2363,105,3,644.53,2024-06-04,3,33,11282,190,México,Sí
2364,160,4,2442.82,2024-04-02,5,44,47669,2237,USA,Sí
2365,888,5,4988.98,2024-03-25,9,48,35029,1740,USA,Sí
2366,916,5,3585.48,2025-03-15,3,35,10853,305,MX,Sí
2367,755,5,4709.43,2024-04-04,2,56,16589,2046,México,Sí
2368,261,3,3581.98,2024-04-02,9,50,8961,137,México,Sí
2369,533,5,2486.13,2024-08-26,10,18,9775,18,MX,Sí
2370,255,1,72.84,2024-12-20,6,28,33941,2072,mex,No
2371,560,5,1756.1,2025-01-25,9,20,12758,1943,México,Sí
2372,157,4,993.55,2025-04-02,1,55,42752,1124,USA,Sí
2373,368,3,2209.09,2025-01-16,6,62,12018,1685,mex,Sí
2374,381,1,424.51,2024-07-02,7,53,6522,2088,México,Sí
2375,945,5,2793.54,2024-03-02,10,30,38925,1855,México,Sí
2376,538,3,768.64,2024-03-18,4,58,23479,2218,MX,Sí
2377,339,2,3356.93,2024-08-03,2,25,17164,1909,USA,Sí
2378,597,2,3136.23,2024-06-09,8,33,37995,77,MX,Sí
2379,839,5,3660.35,2024-02-18,4,20,23816,2706,USA,Sí
2380,381,3,357.44,2024-09-10,4,53,6522,2088,México,Sí
2381,327,1,1209.56,2024-10-09,2,60,8368,2584,USA,Sí
2382,962,3,697.86,2024-08-10,9,19,5657,2234,México,Sí
2383,846,4,3865.49,2025-03-08,1,33,13935,2584,mex,Sí
2384,614,4,469.0,2024-03-10,5,18,6911,2546,USA,Sí
2385,830,4,907.76,2024-12-12,10,48,12652,280,México,Sí
2386,711,3,3436.46,2025-01-13,8,42,47447,92,mex,Sí
2387,532,1,1646.04,2024-03-10,8,37,15076,298,mex,Sí
2388,361,2,1304.16,2024-10-17,2,34,26293,555,MX,Sí
2389,130,4,2098.61,2025-04-15,5,62,27659,752,MX,Sí
2390,614,3,1991.0,2024-12-05,3,18,6911,2546,USA,Sí
2391,201,5,205.94,2024-09-24,6,33,48192,2392,MX,No
2392,359,4,3396.78,2024-04-23,2,36,14279,394,MX,Sí
2393,941,2,3658.43,2024-12-12,4,48,43156,1670,MX,Sí
2394,482,2,4211.42,2024-09-05,10,41,36320,385,MX,Sí
2395,513,2,1302.97,2024-05-17,7,47,36204,186,mex,Sí
2396,377,4,1950.02,2025-04-03,5,30,20055,902,MX,Sí
2397,519,1,3114.22,2024-01-29,5,38,25610,2426,mex,Sí
2398,152,5,3067.67,2024-03-15,10,60,8588,1616,México,Sí
2399,319,3,1510.42,2024-05-02,4,23,22875,738,USA,Sí
2400,117,1,880.65,2024-12-13,10,38,21131,258,USA,Sí
2401,825,1,377.39,2024-01-19,10,44,26214,2215,México,Sí
2402,836,1,1105.11,2024-11-24,7,31,8998,2844,mex,Sí
2403,348,3,1778.47,2024-07-30,1,58,19758,1081,MX,Sí
2404,215,3,3148.2,2025-03-24,7,53,46317,2366,USA,Sí
2405,480,2,4884.83,2024-02-16,6,62,33629,2359,USA,Sí
2406,599,1,3567.04,2024-05-27,4,42,10859,2455,USA,Sí
2407,962,4,2823.46,2024-12-23,10,19,5657,2234,México,Sí
2408,463,2,1256.4,2024-06-16,10,41,35826,1703,mex,Sí
2409,768,5,540.0,2025-03-23,2,46,42961,2893,USA,Sí
2410,287,3,4641.55,2024-02-02,6,43,40301,2369,mex,Sí
2411,681,3,3509.88,2025-03-16,4,27,16885,2671,USA,Sí
2412,121,1,2633.91,2024-04-25,7,49,22929,615,USA,Sí
2413,392,5,567.98,2024-02-05,1,37,12377,2732,USA,Sí
2414,993,5,1185.63,2024-11-02,4,48,19122,1270,MX,Sí
2415,163,2,4235.74,2024-10-04,3,21,30877,1104,mex,Sí
2416,696,3,3062.15,2024-08-16,5,19,29863,560,USA,Sí
2417,112,4,837.45,2025-03-09,9,59,39523,1788,MX,Sí
2418,749,1,4587.29,2024-09-03,8,60,44177,1095,MX,Sí
2419,321,5,1200.85,2024-03-26,2,19,44705,2324,México,Sí
2420,361,5,4993.41,2024-01-14,2,34,26293,555,MX,Sí
2421,792,2,1925.5,2025-03-08,3,37,44106,2958,mex,Sí
2422,470,3,165.95,2025-01-16,8,63,25565,2875,mex,No
2423,474,5,334.96,2024-12-16,4,58,30402,2035,USA,Sí
2424,608,5,2188.41,2024-11-28,1,23,22477,2189,USA,Sí
2425,287,5,4965.39,2024-03-15,9,43,40301,2369,mex,Sí
2426,595,2,617.56,2024-09-11,3,59,20473,623,MX,Sí
2427,531,4,2755.33,2024-06-07,10,65,45874,2186,México,Sí
2428,874,3,2494.12,2024-04-11,6,54,14189,1204,mex,Sí
2429,211,5,2731.49,2025-01-03,1,37,17993,2396,MX,Sí
2430,236,3,1326.61,2024-11-21,5,37,11582,1704,USA,Sí
2431,532,5,1441.49,2024-10-06,10,37,15076,298,mex,Sí
2432,217,4,2275.72,2025-04-06,3,32,46078,1055,mex,Sí
2433,681,2,4860.74,2024-12-01,5,27,16885,2671,USA,Sí
2434,385,1,5047.06,2024-07-31,2,45,32562,997,USA,Sí
2435,439,3,1705.72,2024-03-30,9,59,28815,893,México,Sí
2436,961,1,2952.91,2024-11-11,5,57,17122,1259,México,Sí
2437,269,4,4501.91,2024-07-08,3,58,42786,2218,USA,Sí
2438,983,2,1203.46,2024-08-12,6,43,38115,2324,mex,Sí
2439,476,3,4591.77,2024-05-01,5,34,42520,913,México,Sí
2440,761,1,3868.64,2024-04-29,9,28,30927,2244,MX,Sí
2441,806,2,3899.65,2024-03-28,6,36,9398,1489,USA,Sí
2442,366,4,353.96,2025-04-11,5,51,22561,1,mex,Sí
2443,667,4,2923.44,2025-01-31,3,18,22747,1138,MX,Sí
2444,859,3,4517.9,2024-01-07,4,33,25192,1897,México,Sí
2445,881,1,1959.84,2024-06-08,5,53,35212,1809,MX,Sí
2446,342,1,1371.2,2024-05-18,6,64,8378,1254,USA,Sí
2447,215,5,4734.16,2024-02-15,7,53,46317,2366,USA,Sí
2448,973,5,3140.39,2024-07-05,1,23,13458,560,MX,Sí
2449,922,3,119.07,2024-07-26,1,45,25485,1114,México,No
2450,949,4,961.38,2024-02-21,10,18,29596,1959,MX,Sí
2451,594,5,2546.44,2024-01-05,6,39,12878,2446,MX,Sí
2452,726,5,829.73,2024-04-26,7,43,14852,2606,MX,Sí
2453,800,5,3518.32,2024-01-26,2,50,40885,2251,México,Sí
2454,749,1,1345.19,2024-01-20,5,60,44177,1095,MX,Sí
2455,994,4,2652.23,2024-09-07,10,39,28542,979,mex,Sí
2456,300,2,3612.8,2025-01-02,6,63,49018,453,MX,Sí
2457,534,5,2840.0,2024-07-12,3,58,32231,2047,USA,Sí
2458,212,5,4535.6,2025-04-06,10,21,35974,1658,MX,Sí
2459,856,3,3343.29,2025-05-07,10,40,41356,2399,México,Sí
2460,829,1,2654.48,2024-01-17,7,65,26821,2538,mex,Sí
2461,932,5,1389.35,2025-04-02,8,63,22591,1690,USA,Sí
2462,183,1,2708.36,2024-03-27,3,44,24036,654,USA,Sí
2463,842,2,669.91,2024-11-26,10,28,24230,689,México,Sí
2464,697,3,3431.1,2025-01-24,9,23,44923,1626,MX,Sí
2465,114,3,1531.83,2024-02-07,5,61,45187,1455,mex,Sí
2466,265,3,4138.98,2024-11-30,9,58,36250,2817,mex,Sí
2467,490,3,1216.18,2024-11-18,6,35,6529,379,MX,Sí
2468,720,5,1545.89,2025-03-13,5,61,35046,2192,USA,Sí
2469,786,2,3103.55,2025-04-02,8,24,40823,511,mex,Sí
2470,968,3,529.57,2024-12-08,2,21,28535,1179,MX,Sí
2471,679,5,403.16,2025-04-20,6,23,49058,899,mex,Sí
2472,878,4,4429.75,2024-05-28,9,48,27583,2663,mex,Sí
2473,456,3,4357.2,2024-02-08,8,56,41711,1577,mex,Sí
2474,784,3,3890.0,2024-10-31,8,45,31043,340,México,Sí
2475,903,2,2400.29,2024-11-26,9,25,21619,1973,USA,Sí
2476,557,5,3604.33,2024-01-06,10,49,40372,2873,USA,Sí
2477,640,2,1560.02,2025-02-27,4,25,28342,1552,mex,Sí
2478,211,4,3631.69,2024-12-30,5,37,17993,2396,MX,Sí
2479,373,1,1114.18,2025-05-09,4,54,38915,1108,MX,Sí
2480,609,5,4364.23,2024-10-15,3,47,38145,933,mex,Sí
2481,771,5,4943.0,2024-06-30,9,40,34781,745,México,Sí
2482,385,5,3873.9,2025-05-11,7,45,32562,997,USA,Sí
2483,440,5,1307.38,2024-11-08,4,44,23669,1110,MX,Sí
2484,986,5,481.24,2024-01-04,8,21,26993,683,USA,Sí
2485,865,5,582.7,2025-01-03,4,50,15662,1129,mex,Sí
2486,660,1,991.63,2025-03-30,10,48,9588,1272,USA,Sí
2487,245,5,4506.33,2025-02-19,5,22,14192,505,USA,Sí
2488,920,1,4316.68,2025-04-01,1,57,27776,2960,MX,Sí
2489,351,2,518.14,2024-06-03,3,21,45433,1970,USA,Sí
2490,456,1,3747.56,2024-03-11,5,56,41711,1577,mex,Sí
2491,114,4,199.75,2024-05-31,5,61,45187,1455,mex,No
2492,299,5,2429.2,2025-03-23,1,23,34748,2517,mex,Sí
2493,604,4,2983.74,2025-05-01,2,47,37764,1477,mex,Sí
2494,648,4,4176.01,2025-04-11,2,60,17397,2430,MX,Sí
2495,241,2,3018.22,2024-06-13,9,37,32182,1193,USA,Sí
2496,386,1,547.57,2024-08-20,1,20,16072,410,USA,Sí
2497,749,3,2688.78,2024-01-12,6,60,44177,1095,MX,Sí
2498,643,3,1341.2,2024-01-25,5,59,49717,665,USA,Sí
2499,294,4,3343.51,2024-06-03,6,21,5565,1288,México,Sí
2500,934,5,4216.98,2024-07-17,5,31,6023,2845,MX,Sí
2501,326,4,1025.59,2024-10-30,5,20,5315,2160,USA,Sí
2502,466,4,1464.65,2024-06-04,8,21,46409,1677,México,Sí
2503,654,5,4586.88,2024-12-07,7,56,31616,1539,USA,Sí
2504,468,5,3190.34,2024-04-23,3,56,10655,2117,México,Sí
2505,618,1,4586.47,2024-03-18,1,21,26606,1944,México,Sí
2506,811,5,3237.71,2025-01-25,10,39,14665,1670,mex,Sí
2507,665,1,4558.59,2024-01-19,5,55,35108,1791,México,Sí
2508,357,5,601.28,2024-10-11,6,43,10649,2612,USA,Sí
2509,888,5,2603.53,2024-02-05,9,48,35029,1740,USA,Sí
2510,911,1,2542.93,2024-07-04,4,37,38383,2167,USA,Sí
2511,699,2,1620.17,2025-01-26,10,64,40863,547,México,Sí
2512,578,4,269.83,2024-01-19,1,59,36612,2456,USA,No
2513,236,3,2750.55,2025-03-28,10,37,11582,1704,USA,Sí
2514,816,2,4935.55,2024-02-03,5,60,47101,41,USA,Sí
2515,838,5,5004.36,2024-05-21,5,63,47727,1941,USA,Sí
2516,414,3,538.17,2024-04-10,8,36,49576,301,México,Sí
2517,954,4,1187.6,2024-05-26,8,65,21651,28,mex,Sí
2518,123,4,4383.49,2025-04-28,3,29,24120,2911,MX,Sí
2519,326,3,514.15,2025-01-12,5,20,5315,2160,USA,Sí
2520,294,3,1637.65,2025-02-07,1,21,5565,1288,México,Sí
2521,103,4,4039.42,2024-12-18,2,28,6225,1183,USA,Sí
2522,576,2,3651.23,2025-02-12,10,43,24487,2113,México,Sí
2523,233,5,2431.97,2024-08-02,8,42,18358,788,mex,Sí
2524,361,2,3362.97,2024-07-15,10,34,26293,555,MX,Sí
2525,720,3,2855.07,2024-04-24,5,61,35046,2192,USA,Sí
2526,646,4,2471.54,2024-08-06,8,19,46539,2587,mex,Sí
2527,430,4,196.52,2024-05-14,3,52,13669,298,MX,No
2528,524,3,2725.17,2025-03-28,10,55,24401,1981,mex,Sí
2529,915,4,319.77,2024-01-04,9,23,10784,1374,USA,Sí
2530,414,1,2895.34,2024-08-25,7,36,49576,301,México,Sí
2531,931,4,1378.86,2024-09-10,8,56,44745,1087,México,Sí
2532,256,4,3692.74,2024-12-12,3,62,23555,2273,México,Sí
2533,396,5,174.16,2024-12-23,6,41,33749,378,mex,No
2534,433,2,3007.23,2025-04-13,10,20,26707,1417,México,Sí
2535,752,5,1792.63,2024-01-15,1,54,21417,964,México,Sí
2536,460,4,1824.35,2024-11-16,2,39,11124,641,USA,Sí
2537,787,3,3758.04,2024-09-01,3,28,6971,2670,mex,Sí
2538,670,3,3234.87,2024-11-27,5,20,45307,2822,México,Sí
2539,113,5,1679.45,2024-01-04,1,32,44422,1674,USA,Sí
2540,335,1,4573.01,2024-02-24,9,27,40807,1474,mex,Sí
2541,861,4,538.25,2024-06-01,3,59,14790,2894,México,Sí
2542,335,3,1126.48,2024-05-18,8,27,40807,1474,mex,Sí
2543,873,1,4207.25,2025-04-01,1,41,43004,2735,mex,Sí
2544,634,4,412.54,2024-01-26,1,61,46650,1776,mex,Sí
2545,117,5,4585.73,2024-10-05,1,38,21131,258,USA,Sí
2546,689,1,2149.48,2025-03-10,1,55,25492,410,MX,Sí
2547,845,5,4605.21,2025-04-03,9,19,32257,587,USA,Sí
2548,574,1,3814.32,2024-10-08,6,56,10434,1204,México,Sí
2549,202,5,509.29,2025-02-03,8,50,49488,2620,USA,Sí
2550,276,5,2769.25,2024-04-29,6,34,21112,384,mex,Sí
2551,195,5,4340.65,2025-01-27,4,58,45449,798,USA,Sí
2552,462,5,2973.85,2024-01-25,5,34,17097,35,USA,Sí
2553,357,5,100.84,2024-03-05,7,43,10649,2612,USA,No
2554,718,3,4539.71,2024-12-22,9,21,17595,1382,mex,Sí
2555,309,3,5013.79,2024-06-23,8,41,28364,1206,USA,Sí
2556,823,4,638.73,2024-08-23,1,37,27933,1965,MX,Sí
2557,653,1,2232.53,2024-01-07,8,48,30478,2700,MX,Sí
2558,780,3,1218.28,2024-11-29,7,50,24134,1786,USA,Sí
2559,269,1,2906.84,2025-01-22,2,58,42786,2218,USA,Sí
2560,524,5,4998.62,2024-06-01,6,55,24401,1981,mex,Sí
2561,893,4,55.81,2025-02-12,1,38,47894,1218,USA,No
2562,979,4,1102.53,2024-03-24,3,33,14416,1590,MX,Sí
2563,560,5,1119.35,2024-04-20,5,20,12758,1943,México,Sí
2564,682,5,1584.18,2025-05-07,1,34,12822,196,MX,Sí
2565,170,2,3108.43,2025-04-20,10,31,29813,1437,mex,Sí
2566,774,5,3431.85,2024-08-01,2,55,40030,1635,México,Sí
2567,329,5,84.11,2024-03-26,9,20,42290,1260,MX,No
2568,679,4,3575.7,2024-06-20,7,23,49058,899,mex,Sí
2569,976,1,2171.67,2025-04-01,3,48,10049,109,mex,Sí
2570,751,4,2774.7,2024-09-03,9,55,5270,2914,MX,Sí
2571,721,5,3408.55,2024-09-13,6,38,46783,1062,USA,Sí
2572,287,2,1812.39,2024-10-14,9,43,40301,2369,mex,Sí
2573,424,2,3451.41,2024-06-20,7,26,26797,2359,México,Sí
2574,424,4,3875.86,2024-09-15,3,26,26797,2359,México,Sí
2575,903,4,1656.75,2025-02-06,1,25,21619,1973,USA,Sí
2576,919,2,322.64,2024-04-10,9,41,8035,2189,México,Sí
2577,627,3,1756.89,2024-08-11,3,30,27847,880,MX,Sí
2578,729,5,1456.81,2025-01-24,1,65,25160,2559,USA,Sí
2579,907,2,322.14,2024-04-21,10,62,48748,2939,USA,Sí
2580,191,4,4602.61,2024-11-08,4,21,30465,775,mex,Sí
2581,166,2,4025.84,2024-07-01,5,40,18855,498,mex,Sí
2582,190,1,3134.53,2024-09-24,9,26,37992,2193,México,Sí
2583,550,1,3601.93,2024-07-30,10,65,18963,2273,MX,Sí
2584,702,2,4603.84,2024-07-19,3,28,17381,982,México,Sí
2585,259,1,3844.3,2024-11-05,9,52,7067,2006,mex,Sí
2586,316,4,55.34,2025-01-20,9,36,8267,2651,mex,No
2587,958,2,919.42,2024-05-04,8,20,34025,2025,México,Sí
2588,879,1,1147.32,2024-10-30,4,43,7591,1541,mex,Sí
2589,143,1,2325.92,2025-04-03,3,37,26479,2663,mex,Sí
2590,399,1,383.15,2024-05-27,3,63,21176,306,mex,Sí
2591,541,4,3400.04,2024-08-20,4,19,24875,831,mex,Sí
2592,254,5,405.67,2024-10-29,9,63,13917,1074,mex,Sí
2593,315,4,603.98,2024-05-08,10,31,32200,1575,USA,Sí
2594,973,1,739.87,2024-11-25,9,23,13458,560,MX,Sí
2595,503,3,2990.83,2024-03-31,2,37,33100,892,USA,Sí
2596,224,2,133.26,2024-04-21,1,31,28373,2009,MX,No
2597,699,1,3236.31,2025-02-06,2,64,40863,547,México,Sí
2598,249,3,4622.34,2024-03-02,9,32,48257,2112,MX,Sí
2599,104,3,4984.38,2025-01-01,8,47,43769,2213,USA,Sí
2600,385,3,2176.95,2024-12-16,3,45,32562,997,USA,Sí
2601,145,3,3247.13,2024-09-18,7,45,48995,580,mex,Sí
2602,928,3,3962.79,2024-07-12,6,58,15339,479,mex,Sí
2603,780,1,4509.66,2024-06-30,2,50,24134,1786,USA,Sí
2604,654,4,2247.46,2024-04-22,9,56,31616,1539,USA,Sí
2605,409,2,2612.36,2024-11-14,7,63,49720,188,MX,Sí
2606,375,4,548.09,2024-12-09,2,46,28134,1084,MX,Sí
2607,648,4,2077.32,2024-02-13,3,60,17397,2430,MX,Sí
2608,840,3,4315.13,2025-03-12,9,62,42521,2045,mex,Sí
2609,456,3,3473.35,2024-12-15,5,56,41711,1577,mex,Sí
2610,189,1,3069.01,2024-08-26,6,63,30959,295,México,Sí
2611,504,3,1218.26,2024-11-05,4,65,33636,2026,USA,Sí
2612,217,3,4609.47,2024-03-29,2,32,46078,1055,mex,Sí
2613,282,3,1375.49,2024-10-27,3,32,7721,2037,mex,Sí
2614,329,4,2201.53,2024-04-27,9,20,42290,1260,MX,Sí
2615,734,5,1458.09,2025-01-20,1,55,33221,1362,mex,Sí
2616,751,3,4156.06,2024-06-04,1,55,5270,2914,MX,Sí
2617,556,2,4325.95,2024-08-12,7,64,11791,2506,MX,Sí
2618,142,1,4300.76,2024-11-24,8,20,16788,1802,MX,Sí
2619,719,2,859.41,2024-02-07,9,39,7300,173,mex,Sí
2620,282,2,993.95,2025-03-08,8,32,7721,2037,mex,Sí
2621,285,4,689.31,2024-07-14,6,26,18398,2786,USA,Sí
2622,727,4,3658.29,2024-06-09,5,36,46819,2051,MX,Sí
2623,301,5,1927.17,2024-08-12,2,26,16730,2608,mex,Sí
2624,310,5,2060.74,2024-10-01,6,26,40677,2458,mex,Sí
2625,141,4,4741.4,2025-02-26,5,65,31158,961,USA,Sí
2626,566,2,1253.22,2024-03-03,10,34,14738,68,México,Sí
2627,245,1,4790.19,2024-08-27,6,22,14192,505,USA,Sí
2628,393,5,4452.78,2024-08-31,8,65,26867,2067,mex,Sí
2629,565,1,2283.36,2024-11-12,9,37,26830,1600,USA,Sí
2630,316,4,4384.07,2024-03-31,4,36,8267,2651,mex,Sí
2631,982,5,95.46,2024-02-07,4,55,30335,1789,MX,No
2632,547,3,3925.57,2024-09-14,3,54,45304,142,México,Sí
2633,750,5,462.04,2025-03-07,1,56,40215,2870,mex,Sí
2634,761,3,1052.72,2024-10-06,2,28,30927,2244,MX,Sí
2635,375,5,3940.93,2024-02-06,1,46,28134,1084,MX,Sí
2636,940,3,510.68,2024-12-27,4,47,36993,2282,MX,Sí
2637,588,4,4057.04,2025-04-19,4,28,23278,196,mex,Sí
2638,868,2,3491.81,2024-12-11,4,60,14635,2043,USA,Sí
2639,896,2,3008.91,2024-04-15,3,18,12285,2324,MX,Sí
2640,787,5,3081.16,2024-02-16,7,28,6971,2670,mex,Sí
2641,963,5,2002.98,2024-07-14,8,36,37497,923,mex,Sí
2642,779,3,4128.38,2025-02-19,8,62,44279,2204,México,Sí
2643,132,1,1084.98,2025-02-27,7,19,23762,338,mex,Sí
2644,560,4,601.24,2024-06-30,5,20,12758,1943,México,Sí
2645,412,2,1633.9,2025-01-19,9,19,23465,1787,mex,Sí
2646,260,1,2353.77,2024-12-19,2,54,16529,2119,USA,Sí
2647,668,4,3225.65,2024-01-30,4,52,6535,137,MX,Sí
2648,781,4,4318.47,2024-07-16,5,32,26462,719,MX,Sí
2649,877,1,4359.98,2024-01-20,7,20,31522,1326,MX,Sí
2650,921,4,5025.19,2025-01-02,7,53,38307,815,MX,Sí
2651,329,1,1128.15,2024-09-02,9,20,42290,1260,MX,Sí
2652,605,2,1350.99,2024-03-07,9,56,9318,2847,MX,Sí
2653,128,3,2013.19,2024-08-23,2,64,21480,696,México,Sí
2654,533,5,4617.39,2025-04-20,1,18,9775,18,MX,Sí
2655,314,1,4890.01,2024-08-02,3,45,33997,454,USA,Sí
2656,938,5,4190.79,2024-07-02,4,23,9769,868,México,Sí
2657,697,2,1587.45,2025-01-13,9,23,44923,1626,MX,Sí
2658,153,4,1575.81,2024-08-06,3,35,13582,1068,México,Sí
2659,115,2,2018.59,2024-02-21,4,38,17096,1181,mex,Sí
2660,407,4,2944.42,2024-12-31,10,49,46150,1562,USA,Sí
2661,467,2,953.03,2024-01-30,8,43,45424,42,México,Sí
2662,633,4,3673.56,2024-09-18,5,19,45077,843,USA,Sí
2663,657,4,371.05,2025-04-28,7,37,25352,1829,MX,Sí
2664,399,4,3073.53,2025-03-07,5,63,21176,306,mex,Sí
2665,909,1,1742.81,2024-11-30,4,29,24914,2286,USA,Sí
2666,690,2,2219.96,2024-06-13,4,32,22424,1901,México,Sí
2667,755,4,4396.85,2024-09-14,10,56,16589,2046,México,Sí
2668,360,3,4346.81,2024-11-26,8,24,17632,2218,MX,Sí
2669,680,1,1557.42,2024-07-02,10,58,45476,2920,México,Sí
2670,581,5,4372.08,2024-11-16,7,19,18392,2025,USA,Sí
2671,219,5,3808.7,2024-05-14,1,41,34876,2688,MX,Sí
2672,677,5,3874.34,2024-01-06,8,29,37285,810,MX,Sí
2673,791,3,2591.61,2025-03-02,8,45,47580,765,México,Sí
2674,222,3,4610.78,2024-03-25,2,60,21725,1688,MX,Sí
2675,120,4,4594.03,2024-03-20,1,47,31272,2063,MX,Sí
2676,870,1,4226.56,2025-04-12,2,19,21362,1259,mex,Sí
2677,131,4,1278.76,2024-04-19,4,19,31043,450,México,Sí
2678,217,3,2573.23,2025-01-27,5,32,46078,1055,mex,Sí
2679,749,2,3224.14,2024-02-17,6,60,44177,1095,MX,Sí
2680,601,1,3761.47,2024-08-19,1,38,5630,575,México,Sí
2681,137,5,3153.44,2024-05-08,5,23,21119,139,México,Sí
2682,405,3,733.42,2024-07-14,6,25,17009,250,USA,Sí
2683,587,1,3957.08,2024-11-27,10,39,9302,743,mex,Sí
2684,874,2,1925.01,2024-12-17,4,54,14189,1204,mex,Sí
2685,837,5,1270.49,2024-07-18,3,49,27114,1852,USA,Sí
2686,219,5,4649.29,2024-01-05,3,41,34876,2688,MX,Sí
2687,457,1,2425.99,2025-05-02,5,40,45270,2948,México,Sí
2688,392,2,2008.62,2024-03-10,6,37,12377,2732,USA,Sí
2689,269,2,1655.89,2024-08-25,5,58,42786,2218,USA,Sí
2690,659,5,2788.35,2024-02-15,9,28,34997,1030,USA,Sí
2691,790,3,3882.52,2024-10-22,7,39,39752,1946,mex,Sí
2692,565,4,2591.66,2024-12-18,1,37,26830,1600,USA,Sí
2693,899,3,2703.92,2024-06-17,1,54,41273,896,MX,Sí
2694,498,5,1965.04,2024-02-14,3,42,40079,2325,MX,Sí
2695,277,1,4826.27,2024-08-11,4,57,37090,363,México,Sí
2696,571,3,4697.21,2024-03-13,10,18,36294,2972,USA,Sí
2697,342,3,4051.56,2024-08-06,8,64,8378,1254,USA,Sí
2698,646,4,3085.35,2025-05-03,1,19,46539,2587,mex,Sí
2699,467,5,4812.18,2024-05-08,5,43,45424,42,México,Sí
2700,414,3,1678.89,2024-04-12,1,36,49576,301,México,Sí
2701,664,5,453.61,2024-07-31,9,65,14630,2136,MX,Sí
2702,229,1,4556.3,2024-06-02,9,50,12112,961,MX,Sí
2703,313,4,3763.49,2024-11-16,10,61,33352,1749,USA,Sí
2704,964,5,2410.95,2025-01-09,4,19,44200,273,México,Sí
2705,467,1,67.73,2025-03-16,4,43,45424,42,México,No
2706,404,3,2486.22,2025-04-12,3,29,13871,2788,MX,Sí
2707,348,4,4166.64,2025-04-07,2,58,19758,1081,MX,Sí
2708,116,4,91.0,2024-04-11,10,62,40224,1703,mex,No
2709,424,5,177.51,2024-11-27,3,26,26797,2359,México,No
2710,269,2,3172.13,2024-07-22,2,58,42786,2218,USA,Sí
2711,644,3,4208.06,2024-10-11,4,25,28234,188,México,Sí
2712,148,2,4506.14,2025-02-16,5,28,25799,1088,MX,Sí
2713,806,3,2443.62,2024-12-13,1,36,9398,1489,USA,Sí
2714,185,2,2793.7,2024-11-18,6,32,17191,2728,USA,Sí
2715,945,5,362.29,2024-07-10,8,30,38925,1855,México,Sí
2716,537,2,3954.19,2024-03-21,5,32,16383,2007,mex,Sí
2717,858,5,2845.26,2024-06-20,1,60,22267,277,MX,Sí
2718,239,4,4343.46,2024-05-29,10,48,14581,2684,MX,Sí
2719,735,4,3648.03,2024-05-27,4,37,43843,1661,México,Sí
2720,735,3,3830.29,2024-01-28,1,37,43843,1661,México,Sí
2721,896,2,1654.38,2024-07-28,2,18,12285,2324,MX,Sí
2722,447,3,2896.74,2024-04-15,4,43,29367,2251,MX,Sí
2723,181,3,4135.1,2025-02-20,8,35,13328,551,MX,Sí
2724,159,1,3817.28,2024-04-08,8,48,35024,1989,MX,Sí
2725,127,5,4113.36,2024-03-01,2,52,49268,866,USA,Sí
2726,511,4,3057.65,2024-11-07,4,46,12209,148,MX,Sí
2727,734,3,3936.05,2024-03-16,5,55,33221,1362,mex,Sí
2728,695,1,1108.88,2025-04-15,1,47,36026,921,mex,Sí
2729,572,3,2587.29,2024-05-23,10,39,10726,604,México,Sí
2730,745,5,245.83,2024-12-06,3,49,33926,208,USA,No
2731,459,1,2342.61,2025-03-25,2,45,6750,1749,México,Sí
2732,899,1,4057.92,2024-12-29,3,54,41273,896,MX,Sí
2733,974,1,4626.1,2024-02-09,7,27,18665,1687,México,Sí
2734,993,1,878.48,2025-01-05,3,48,19122,1270,MX,Sí
2735,842,3,67.38,2024-09-22,7,28,24230,689,México,No
2736,651,1,4362.24,2025-03-22,9,46,45390,1266,México,Sí
2737,729,5,1383.71,2024-12-22,8,65,25160,2559,USA,Sí
2738,729,1,4397.44,2025-01-18,3,65,25160,2559,USA,Sí
2739,837,3,3427.77,2024-02-18,5,49,27114,1852,USA,Sí
2740,101,4,826.49,2025-03-16,10,35,48360,676,mex,Sí
2741,139,3,4571.83,2024-05-30,8,59,28606,365,USA,Sí
2742,143,5,1065.3,2024-07-22,5,37,26479,2663,mex,Sí
2743,925,2,3819.95,2025-03-09,1,33,42169,2564,MX,Sí
2744,791,4,4003.74,2024-02-18,2,45,47580,765,México,Sí
2745,336,5,720.17,2024-12-23,2,24,33845,946,MX,Sí
2746,762,1,2795.74,2024-05-25,9,38,30295,1181,MX,Sí
2747,244,2,2170.31,2025-05-03,7,55,29630,863,MX,Sí
2748,234,5,287.9,2024-09-26,6,59,8383,763,México,No
2749,241,1,719.15,2024-06-01,2,37,32182,1193,USA,Sí
2750,743,1,4242.53,2024-10-28,5,53,32688,1473,MX,Sí
2751,701,5,1424.58,2025-02-07,3,40,28671,1506,USA,Sí
2752,668,3,3767.75,2024-03-08,5,52,6535,137,MX,Sí
2753,817,4,4715.88,2024-12-01,6,50,19625,1879,USA,Sí
2754,800,2,3807.86,2024-02-22,3,50,40885,2251,México,Sí
2755,135,2,4080.98,2025-03-13,10,25,11953,329,MX,Sí
2756,260,1,2586.96,2024-09-12,1,54,16529,2119,USA,Sí
2757,673,1,2535.51,2024-04-30,8,60,49216,2591,USA,Sí
2758,862,1,4702.44,2024-07-03,1,50,36632,26,MX,Sí
2759,241,4,3412.78,2024-08-25,4,37,32182,1193,USA,Sí
2760,440,5,4604.79,2024-03-04,10,44,23669,1110,MX,Sí
2761,212,5,1215.41,2024-07-19,4,21,35974,1658,MX,Sí
2762,386,4,2217.08,2024-03-08,4,20,16072,410,USA,Sí
2763,519,2,3303.01,2024-11-07,2,38,25610,2426,mex,Sí
2764,949,2,1640.43,2025-03-26,6,18,29596,1959,MX,Sí
2765,156,4,448.77,2024-08-06,10,61,9507,730,México,Sí
2766,492,2,1767.96,2024-12-29,7,45,26748,434,mex,Sí
2767,856,2,2144.54,2025-04-10,4,40,41356,2399,México,Sí
2768,278,4,2025.99,2024-10-17,8,29,12107,1592,mex,Sí
2769,874,1,662.27,2024-04-04,6,54,14189,1204,mex,Sí
2770,398,5,2984.89,2024-04-03,2,23,36059,853,USA,Sí
2771,370,5,232.81,2024-04-19,10,36,30411,1632,mex,No
2772,349,3,1511.44,2024-04-03,1,55,43068,613,México,Sí
2773,759,3,1251.39,2025-01-04,10,28,8214,537,mex,Sí
2774,669,2,1969.89,2024-03-16,6,54,5392,2466,México,Sí
2775,589,5,4946.54,2024-03-06,8,24,33899,258,USA,Sí
2776,258,4,913.14,2024-11-17,7,20,32647,1773,MX,Sí
2777,594,4,3317.7,2024-05-23,5,39,12878,2446,MX,Sí
2778,554,1,160.88,2025-01-28,9,27,17733,2357,mex,No
2779,999,2,4554.9,2024-07-01,2,42,18315,2021,mex,Sí
2780,566,2,2836.26,2024-02-29,10,34,14738,68,México,Sí
2781,340,3,93.07,2024-06-27,8,57,31090,1657,USA,No
2782,739,2,1518.78,2024-11-02,2,54,48658,39,mex,Sí
2783,181,5,1038.74,2024-06-02,10,35,13328,551,MX,Sí
2784,813,1,1533.7,2024-02-09,6,58,9545,2937,México,Sí
2785,353,5,3241.48,2024-09-07,6,47,23622,1524,México,Sí
2786,521,3,1944.73,2024-04-22,10,65,18750,1866,mex,Sí
2787,330,2,4243.1,2024-04-24,7,63,6658,2786,USA,Sí
2788,523,3,4459.7,2024-01-17,6,28,35564,2650,mex,Sí
2789,543,5,438.24,2024-11-22,1,54,46083,1915,MX,Sí
2790,294,5,1153.13,2024-03-31,3,21,5565,1288,México,Sí
2791,724,4,2816.75,2024-10-19,3,29,6289,1870,USA,Sí
2792,613,1,2952.04,2024-12-29,9,50,45618,283,mex,Sí
2793,345,4,3244.13,2024-03-01,7,34,7122,2312,MX,Sí
2794,162,2,1188.13,2024-05-18,8,35,28502,38,USA,Sí
2795,716,2,2623.75,2024-11-12,7,46,43435,2224,USA,Sí
2796,272,1,4761.42,2024-07-19,2,54,6682,2298,USA,Sí
2797,734,5,3974.18,2025-05-06,6,55,33221,1362,mex,Sí
2798,882,4,3337.75,2024-06-13,7,41,19372,2065,MX,Sí
2799,437,5,904.28,2024-05-18,9,33,38329,546,MX,Sí
2800,560,5,1185.24,2024-05-19,8,20,12758,1943,México,Sí
2801,757,3,1936.67,2024-06-21,6,40,39817,2985,México,Sí
2802,928,5,2023.31,2024-08-27,3,58,15339,479,mex,Sí
2803,656,3,2228.84,2025-02-06,8,31,14038,621,México,Sí
2804,246,4,4325.36,2024-05-14,8,52,6705,271,México,Sí
2805,183,1,1744.33,2024-06-11,7,44,24036,654,USA,Sí
2806,145,3,279.0,2025-03-31,5,45,48995,580,mex,No
2807,403,3,1097.35,2024-12-23,10,30,11716,134,México,Sí
2808,634,1,4243.79,2025-02-15,6,61,46650,1776,mex,Sí
2809,558,4,1391.73,2024-02-02,6,65,38789,1231,MX,Sí
2810,458,3,5014.43,2024-11-21,3,34,7314,756,mex,Sí
2811,486,2,1538.67,2024-09-25,8,27,40105,2289,MX,Sí
2812,418,2,4477.57,2024-05-09,7,58,29443,2674,México,Sí
2813,484,2,3974.66,2024-05-22,1,41,9016,1168,mex,Sí
2814,533,2,3026.65,2024-06-25,10,18,9775,18,MX,Sí
2815,836,1,1918.47,2024-07-04,8,31,8998,2844,mex,Sí
2816,615,4,2711.89,2024-12-21,10,37,17547,2162,mex,Sí
2817,709,3,2298.77,2025-01-15,5,32,5394,54,México,Sí
2818,993,3,147.8,2024-05-29,5,48,19122,1270,MX,No
2819,348,1,2854.26,2024-10-12,2,58,19758,1081,MX,Sí
2820,224,1,2564.76,2025-04-26,4,31,28373,2009,MX,Sí
2821,679,2,2889.99,2025-04-15,10,23,49058,899,mex,Sí
2822,244,5,2952.33,2024-08-21,6,55,29630,863,MX,Sí
2823,590,5,861.75,2025-04-11,2,25,37181,1698,USA,Sí
2824,185,5,2118.88,2024-05-04,1,32,17191,2728,USA,Sí
2825,341,2,4390.64,2024-06-16,1,56,19983,1738,mex,Sí
2826,429,4,4752.03,2025-03-15,6,36,38668,1660,México,Sí
2827,291,2,768.83,2024-11-20,9,43,10254,1322,USA,Sí
2828,212,1,2723.92,2024-03-04,1,21,35974,1658,MX,Sí
2829,811,5,4409.18,2025-02-10,5,39,14665,1670,mex,Sí
2830,825,4,71.61,2025-04-28,9,44,26214,2215,México,No
2831,300,4,2645.87,2024-12-07,9,63,49018,453,MX,Sí
2832,331,4,3708.7,2024-10-05,6,37,15430,2177,México,Sí
2833,344,3,840.44,2024-01-03,6,45,42134,633,USA,Sí
2834,783,1,1887.43,2024-08-13,2,19,21000,2674,México,Sí
2835,463,3,3179.08,2024-07-31,3,41,35826,1703,mex,Sí
2836,981,1,3943.71,2024-08-19,10,35,13197,910,USA,Sí
2837,561,4,2912.09,2025-05-12,3,18,11879,2046,MX,Sí
2838,386,5,457.45,2025-05-08,7,20,16072,410,USA,Sí
2839,525,2,553.64,2024-10-23,7,27,16922,2099,México,Sí
2840,578,4,3901.71,2025-02-20,9,59,36612,2456,USA,Sí
2841,775,2,3941.12,2024-05-16,1,50,7222,1379,USA,Sí
2842,390,3,3480.2,2025-02-22,2,35,9790,2386,MX,Sí
2843,210,2,4054.96,2024-05-31,2,34,44130,1779,USA,Sí
2844,691,5,3830.83,2025-04-17,5,25,23287,144,México,Sí
2845,488,4,3565.28,2024-02-28,5,20,11911,1012,mex,Sí
2846,114,4,1348.14,2024-06-05,8,61,45187,1455,mex,Sí
2847,996,4,599.78,2024-12-11,2,63,24280,336,USA,Sí
2848,588,2,526.99,2024-08-09,10,28,23278,196,mex,Sí
2849,383,4,5019.85,2024-10-30,1,46,35224,1323,México,Sí
2850,497,1,4673.69,2024-08-25,6,46,38927,309,mex,Sí
2851,607,1,2313.2,2024-03-28,6,49,21304,2368,USA,Sí
2852,171,5,4712.89,2024-03-20,1,27,35971,2001,MX,Sí
2853,573,4,2858.55,2025-04-07,10,56,19669,2269,USA,Sí
2854,915,4,4582.91,2024-06-27,1,23,10784,1374,USA,Sí
2855,333,1,3613.38,2024-05-14,3,47,20788,1827,México,Sí
2856,304,3,4542.39,2025-04-17,1,53,36653,125,MX,Sí
2857,363,2,421.9,2024-04-09,8,40,44677,1424,MX,Sí
2858,345,1,1957.07,2025-01-28,8,34,7122,2312,MX,Sí
2859,649,4,2598.66,2024-09-28,2,28,45523,2996,mex,Sí
2860,387,1,911.1,2025-01-26,4,22,38335,2070,USA,Sí
2861,678,1,850.25,2025-01-08,3,27,11370,2936,mex,Sí
2862,145,3,1174.66,2024-12-15,9,45,48995,580,mex,Sí
2863,108,3,4463.55,2024-11-29,7,59,25543,2000,USA,Sí
2864,495,1,1748.24,2024-05-31,6,61,41851,1590,México,Sí
2865,631,3,2454.16,2024-01-27,9,59,21291,29,MX,Sí
2866,960,2,3512.97,2024-09-19,6,28,8432,568,USA,Sí
2867,264,2,3714.6,2025-03-24,3,48,8520,1280,mex,Sí
2868,754,4,3830.71,2024-07-27,9,44,26745,1238,mex,Sí
2869,856,4,1101.9,2025-02-10,5,40,41356,2399,México,Sí
2870,757,2,2885.75,2025-01-25,2,40,39817,2985,México,Sí
2871,689,4,2168.04,2024-02-12,2,55,25492,410,MX,Sí
2872,562,1,69.97,2024-12-12,5,58,30084,2331,mex,No
2873,250,3,4819.47,2024-05-27,7,21,11095,355,mex,Sí
2874,274,1,167.4,2025-01-12,8,46,32023,2591,USA,No
2875,319,1,4238.79,2025-02-27,8,23,22875,738,USA,Sí
2876,176,2,4984.57,2024-04-04,10,58,20943,2387,México,Sí
2877,423,5,670.56,2024-02-19,2,30,39430,1886,USA,Sí
2878,390,2,1281.81,2024-09-08,8,35,9790,2386,MX,Sí
2879,419,3,1176.02,2025-01-10,1,29,21061,1431,USA,Sí
2880,245,3,1593.07,2025-03-09,5,22,14192,505,USA,Sí
2881,492,5,2451.89,2024-09-21,3,45,26748,434,mex,Sí
2882,494,3,2872.58,2024-02-17,8,63,33640,532,México,Sí
2883,658,4,4696.12,2024-07-05,1,64,27977,482,MX,Sí
2884,326,1,2196.81,2024-01-19,9,20,5315,2160,USA,Sí
2885,423,1,2593.08,2024-04-05,5,30,39430,1886,USA,Sí
2886,601,3,4421.47,2025-02-25,6,38,5630,575,México,Sí
2887,506,3,5000.24,2024-09-28,8,26,7564,2525,mex,Sí
2888,183,2,4383.89,2024-11-19,7,44,24036,654,USA,Sí
2889,324,2,4632.18,2024-10-18,2,34,14684,2841,USA,Sí
2890,164,5,637.32,2025-05-08,6,19,11171,1591,MX,Sí
2891,974,1,2876.75,2024-09-26,10,27,18665,1687,México,Sí
2892,440,5,1782.93,2024-01-22,2,44,23669,1110,MX,Sí
2893,773,2,4222.74,2024-09-19,2,27,13370,964,mex,Sí
2894,121,4,3744.79,2024-07-22,9,49,22929,615,USA,Sí
2895,897,5,889.49,2025-04-16,3,60,49370,2787,México,Sí
2896,316,3,469.11,2025-01-02,5,36,8267,2651,mex,Sí
2897,926,2,4236.91,2024-04-25,7,43,44527,393,mex,Sí
2898,566,4,3899.66,2025-03-03,10,34,14738,68,México,Sí
2899,330,2,874.59,2024-11-28,9,63,6658,2786,USA,Sí
2900,249,2,850.59,2025-02-07,6,32,48257,2112,MX,Sí
2901,400,1,539.15,2024-08-02,9,63,13344,1078,México,Sí
2902,964,2,2007.29,2024-04-06,8,19,44200,273,México,Sí
2903,449,3,3187.27,2024-08-19,5,30,5384,1548,USA,Sí
2904,788,3,1900.75,2024-05-05,2,42,47622,1242,México,Sí
2905,988,3,2544.76,2024-01-09,6,50,16699,1012,USA,Sí
2906,913,4,82.67,2025-02-05,10,64,14325,651,México,No
2907,602,5,2016.12,2024-09-19,5,65,9780,2039,mex,Sí
2908,674,5,2131.5,2024-08-28,2,51,28758,415,USA,Sí
2909,423,2,2493.33,2024-09-08,1,30,39430,1886,USA,Sí
2910,770,3,3155.5,2024-07-15,1,38,42260,241,mex,Sí
2911,379,2,1939.58,2024-02-21,4,38,30651,2441,mex,Sí
2912,641,5,2539.9,2025-03-30,1,37,27667,2812,MX,Sí
2913,567,3,3481.77,2024-02-12,4,19,26297,1043,mex,Sí
2914,627,5,1868.35,2024-06-21,7,30,27847,880,MX,Sí
2915,229,5,3201.85,2024-12-23,7,50,12112,961,MX,Sí
2916,329,2,2165.66,2024-07-20,8,20,42290,1260,MX,Sí
2917,552,2,4743.5,2025-02-16,4,27,20511,1318,MX,Sí
2918,156,2,3858.85,2024-11-15,10,61,9507,730,México,Sí
2919,680,3,2588.73,2024-02-06,9,58,45476,2920,México,Sí
2920,974,2,4131.03,2024-01-21,8,27,18665,1687,México,Sí
2921,710,1,2653.02,2024-05-14,8,24,19043,149,USA,Sí
2922,193,1,2808.11,2024-04-30,6,58,48641,1943,MX,Sí
2923,114,3,725.09,2024-07-01,5,61,45187,1455,mex,Sí
2924,118,5,591.3,2024-01-20,9,25,22755,504,USA,Sí
2925,299,3,4421.63,2025-02-27,7,23,34748,2517,mex,Sí
2926,571,4,1661.88,2024-05-18,5,18,36294,2972,USA,Sí
2927,314,5,267.05,2024-06-30,7,45,33997,454,USA,No
2928,381,3,3518.52,2025-03-20,4,53,6522,2088,México,Sí
2929,226,4,3374.57,2024-08-24,4,62,7997,1327,mex,Sí
2930,499,1,934.92,2024-10-16,4,63,5043,573,USA,Sí
2931,180,2,2438.89,2024-06-20,3,58,27973,774,México,Sí
2932,421,5,3626.05,2024-12-17,4,62,26012,339,MX,Sí
2933,770,4,4225.3,2024-06-15,2,38,42260,241,mex,Sí
2934,806,3,4637.06,2024-04-22,4,36,9398,1489,USA,Sí
2935,255,4,1369.12,2024-01-25,5,28,33941,2072,mex,Sí
2936,225,2,1090.53,2024-02-01,7,20,32631,2520,USA,Sí
2937,356,2,4291.83,2024-04-19,6,35,32064,1740,USA,Sí
2938,182,5,3899.46,2024-07-30,9,48,40380,318,México,Sí
2939,774,2,2243.74,2024-03-31,6,55,40030,1635,México,Sí
2940,464,2,390.24,2024-10-12,7,59,31496,2508,USA,Sí
2941,568,4,3826.03,2025-01-28,7,48,48493,202,México,Sí
2942,974,5,2023.08,2024-07-12,8,27,18665,1687,México,Sí
2943,622,4,2773.59,2025-01-11,2,33,20627,556,mex,Sí
2944,447,3,2886.12,2024-04-10,4,43,29367,2251,MX,Sí
2945,909,3,1494.16,2024-11-21,4,29,24914,2286,USA,Sí
2946,102,5,1001.89,2024-08-04,6,33,48910,134,USA,Sí
2947,692,3,3159.73,2024-10-02,9,58,5956,838,México,Sí
2948,813,2,592.9,2024-11-21,10,58,9545,2937,México,Sí
2949,709,4,164.11,2024-05-20,4,32,5394,54,México,No
2950,848,1,1441.8,2025-04-08,9,54,43349,484,mex,Sí
2951,307,4,220.66,2025-04-12,6,63,17467,2005,mex,No
2952,153,3,3573.4,2025-02-01,9,35,13582,1068,México,Sí
2953,917,5,595.78,2024-11-18,9,28,49992,707,MX,Sí
2954,600,1,3883.02,2024-10-12,6,43,27094,709,México,Sí
2955,164,4,1125.68,2024-01-09,5,19,11171,1591,MX,Sí
2956,251,3,260.8,2024-12-06,3,23,22344,107,USA,No
2957,433,1,4593.55,2024-09-22,10,20,26707,1417,México,Sí
2958,141,3,559.8,2024-03-23,6,65,31158,961,USA,Sí
2959,197,5,2929.53,2025-04-14,10,29,18448,719,México,Sí
2960,106,1,3481.14,2024-01-04,10,30,16855,2477,USA,Sí
2961,872,2,1258.3,2024-02-29,9,63,43730,1526,mex,Sí
2962,988,2,3521.8,2024-08-26,4,50,16699,1012,USA,Sí
2963,183,3,2331.8,2024-11-16,9,44,24036,654,USA,Sí
2964,345,5,2065.25,2024-08-29,3,34,7122,2312,MX,Sí
2965,618,2,3065.38,2024-04-18,3,21,26606,1944,México,Sí
2966,741,4,3028.19,2025-01-03,10,47,38425,2486,USA,Sí
2967,368,4,142.81,2025-01-07,7,62,12018,1685,mex,No
2968,211,4,3250.72,2024-07-15,1,37,17993,2396,MX,Sí
2969,159,1,3565.69,2025-05-02,8,48,35024,1989,MX,Sí
2970,921,2,2918.43,2024-02-10,7,53,38307,815,MX,Sí
2971,244,4,1675.41,2024-06-19,8,55,29630,863,MX,Sí
2972,676,1,498.17,2024-08-08,10,49,30814,2373,USA,Sí
2973,440,1,1129.67,2025-03-10,7,44,23669,1110,MX,Sí
2974,883,2,3650.29,2025-02-04,9,36,5602,2401,México,Sí
2975,849,4,3123.64,2024-04-12,2,37,5964,1284,USA,Sí
2976,365,5,3792.86,2025-04-26,6,58,34656,2564,USA,Sí
2977,973,1,3871.42,2024-07-27,8,23,13458,560,MX,Sí
2978,723,1,2129.8,2025-01-26,7,28,26994,1331,MX,Sí
2979,993,5,4146.57,2024-04-18,7,48,19122,1270,MX,Sí
2980,543,3,2096.01,2024-06-05,4,54,46083,1915,MX,Sí
2981,777,4,2441.81,2024-03-16,4,28,37563,2208,USA,Sí
2982,218,4,784.79,2024-10-31,7,42,5394,308,MX,Sí
2983,289,2,2649.89,2025-03-30,10,57,27742,2146,MX,Sí
2984,262,5,1335.13,2024-07-21,3,44,10318,2926,USA,Sí
2985,166,3,3843.15,2024-01-03,8,40,18855,498,mex,Sí
2986,742,2,2664.09,2024-11-03,6,49,37946,1244,USA,Sí
2987,732,5,4102.31,2024-02-20,1,55,19096,2362,mex,Sí
2988,161,1,1981.66,2024-10-15,8,26,45934,67,mex,Sí
2989,909,2,4543.09,2024-09-24,10,29,24914,2286,USA,Sí
2990,355,3,2969.91,2024-08-17,6,45,19510,2531,MX,Sí
2991,390,5,93.97,2024-01-29,3,35,9790,2386,MX,No
2992,222,5,366.13,2024-11-12,10,60,21725,1688,MX,Sí
2993,991,1,652.38,2024-09-30,4,30,13749,2220,USA,Sí
2994,301,1,1742.51,2024-12-08,5,26,16730,2608,mex,Sí
2995,108,5,120.94,2024-11-18,2,59,25543,2000,USA,No
2996,975,2,3407.41,2024-07-21,1,49,32624,1532,MX,Sí
2997,840,1,4989.77,2024-11-29,4,62,42521,2045,mex,Sí
2998,860,1,354.63,2025-04-18,6,59,17544,95,mex,Sí
2999,920,5,4009.46,2024-05-02,9,57,27776,2960,MX,Sí
3000,546,5,1223.25,2024-06-18,10,45,27786,39,MX,Sí
3001,939,4,3441.81,2024-06-01,5,30,28226,451,MX,Sí
3002,588,2,2874.11,2024-02-24,9,28,23278,196,mex,Sí
3003,916,5,1407.32,2024-06-29,10,35,10853,305,MX,Sí
3004,876,2,832.59,2025-01-02,3,40,17022,1048,USA,Sí
3005,834,3,4539.68,2024-02-10,8,57,48899,1480,MX,Sí
3006,391,3,2154.72,2024-11-30,1,45,36057,1667,mex,Sí
3007,465,4,3521.18,2024-03-02,6,57,32638,1664,mex,Sí
3008,375,5,3587.02,2025-01-15,7,46,28134,1084,MX,Sí
3009,221,4,3660.99,2025-01-01,6,25,23086,2876,MX,Sí
3010,381,1,1761.61,2024-09-28,7,53,6522,2088,México,Sí
3011,825,5,2209.91,2024-05-04,10,44,26214,2215,México,Sí
3012,111,2,4999.49,2024-06-15,7,23,43946,2787,México,Sí
3013,532,2,685.46,2024-12-13,1,37,15076,298,mex,Sí
3014,439,4,4620.96,2025-01-06,10,59,28815,893,México,Sí
3015,679,2,2799.69,2025-03-06,7,23,49058,899,mex,Sí
3016,703,3,97.01,2025-02-20,2,29,21492,1237,mex,No
3017,276,3,1216.33,2024-08-24,7,34,21112,384,mex,Sí
3018,906,3,3964.33,2024-08-03,9,38,43454,1110,MX,Sí
3019,759,2,268.73,2024-08-24,3,28,8214,537,mex,No
3020,789,1,1502.06,2024-02-19,7,47,38220,1584,MX,Sí
3021,839,2,3681.2,2025-04-02,5,20,23816,2706,USA,Sí
3022,331,1,3219.11,2025-04-08,8,37,15430,2177,México,Sí
3023,893,2,2100.86,2024-07-27,9,38,47894,1218,USA,Sí
3024,135,4,4981.69,2024-02-04,4,25,11953,329,MX,Sí
3025,753,3,928.18,2024-08-20,9,64,44009,2589,USA,Sí
3026,648,4,1959.06,2025-05-06,8,60,17397,2430,MX,Sí
3027,921,2,2510.02,2024-12-26,2,53,38307,815,MX,Sí
3028,546,1,4683.29,2024-07-11,2,45,27786,39,MX,Sí
3029,608,2,1374.3,2024-03-15,10,23,22477,2189,USA,Sí
3030,376,4,2507.33,2024-07-23,6,39,45788,2390,mex,Sí
3031,679,3,2806.69,2024-05-13,7,23,49058,899,mex,Sí
3032,630,5,4038.96,2024-05-04,9,21,9364,1185,USA,Sí
3033,574,1,3895.4,2024-11-13,9,56,10434,1204,México,Sí
3034,490,3,2694.8,2025-04-18,2,35,6529,379,MX,Sí
3035,898,5,1701.57,2024-11-24,3,56,46822,381,USA,Sí
3036,554,4,3426.07,2024-08-19,3,27,17733,2357,mex,Sí
3037,139,2,3428.23,2024-05-26,5,59,28606,365,USA,Sí
3038,390,2,2551.5,2024-11-05,6,35,9790,2386,MX,Sí
3039,210,5,3855.42,2024-06-12,4,34,44130,1779,USA,Sí
3040,809,5,175.96,2024-09-03,4,65,12603,779,USA,No
3041,509,1,1125.77,2024-12-29,10,41,45104,375,México,Sí
3042,800,5,1207.17,2024-07-28,4,50,40885,2251,México,Sí
3043,755,3,461.6,2024-01-26,1,56,16589,2046,México,Sí
3044,888,2,961.27,2025-02-16,6,48,35029,1740,USA,Sí
3045,490,3,4150.44,2025-02-17,7,35,6529,379,MX,Sí
3046,894,2,1767.04,2024-09-17,6,25,17607,2324,México,Sí
3047,381,5,1275.59,2024-12-24,9,53,6522,2088,México,Sí
3048,173,5,560.98,2025-03-27,3,40,30127,2270,MX,Sí
3049,398,1,920.39,2025-01-19,4,23,36059,853,USA,Sí
3050,377,3,4712.31,2025-04-19,10,30,20055,902,MX,Sí
3051,887,3,455.05,2025-01-26,7,47,24842,559,mex,Sí
3052,997,5,4554.59,2024-10-11,2,19,39370,1117,mex,Sí
3053,113,4,888.27,2025-03-30,1,32,44422,1674,USA,Sí
3054,552,2,1879.23,2024-12-18,5,27,20511,1318,MX,Sí
3055,110,4,4463.45,2024-02-01,7,37,6329,2874,mex,Sí
3056,224,4,390.72,2024-05-05,1,31,28373,2009,MX,Sí
3057,539,2,142.58,2024-04-11,10,23,31722,2119,mex,No
3058,269,1,3811.18,2024-10-12,6,58,42786,2218,USA,Sí
3059,345,3,292.8,2024-09-18,5,34,7122,2312,MX,No
3060,788,3,4209.46,2025-03-17,10,42,47622,1242,México,Sí
3061,961,1,1246.65,2024-03-05,10,57,17122,1259,México,Sí
3062,338,3,4364.61,2024-12-26,1,47,20944,8,MX,Sí
3063,911,3,3313.97,2025-02-28,3,37,38383,2167,USA,Sí
3064,896,3,961.31,2024-04-14,5,18,12285,2324,MX,Sí
3065,861,4,1081.75,2025-01-27,4,59,14790,2894,México,Sí
3066,248,5,434.6,2024-11-16,10,60,24637,1534,mex,Sí
3067,956,5,1627.1,2024-02-07,5,47,23801,1725,mex,Sí
3068,915,2,2808.25,2025-05-12,4,23,10784,1374,USA,Sí
3069,668,1,229.5,2024-11-06,10,52,6535,137,MX,No
3070,218,4,4554.56,2024-09-20,10,42,5394,308,MX,Sí
3071,188,4,652.32,2024-10-03,5,50,16731,188,mex,Sí
3072,419,3,3860.33,2024-02-27,3,29,21061,1431,USA,Sí
3073,185,4,3921.55,2024-01-18,9,32,17191,2728,USA,Sí
3074,253,2,4674.26,2025-01-15,1,62,28540,2977,mex,Sí
3075,898,2,53.96,2024-01-04,1,56,46822,381,USA,No
3076,217,3,2195.51,2024-08-14,10,32,46078,1055,mex,Sí
3077,564,4,3720.71,2024-12-16,4,24,44347,1317,MX,Sí
3078,474,1,2989.53,2024-08-07,5,58,30402,2035,USA,Sí
3079,844,5,3868.91,2024-05-16,1,49,31393,2156,mex,Sí
3080,581,3,3634.71,2024-04-05,9,19,18392,2025,USA,Sí
3081,507,5,4497.93,2025-03-25,9,22,8400,2171,mex,Sí
3082,479,4,4668.95,2024-12-18,8,35,13934,323,mex,Sí
3083,705,1,2156.97,2025-02-25,10,46,42823,2402,MX,Sí
3084,321,2,430.42,2024-05-26,3,19,44705,2324,México,Sí
3085,358,4,4169.62,2025-03-30,1,22,25474,1452,MX,Sí
3086,667,5,4053.41,2024-04-04,6,18,22747,1138,MX,Sí
3087,217,1,4008.18,2025-02-27,9,32,46078,1055,mex,Sí
3088,797,2,535.63,2024-11-12,9,23,34102,2264,USA,Sí
3089,506,4,4521.22,2024-09-17,10,26,7564,2525,mex,Sí
3090,152,3,2088.37,2024-09-01,3,60,8588,1616,México,Sí
3091,688,3,137.51,2024-05-30,5,19,22280,547,USA,No
3092,405,2,3800.51,2024-12-10,2,25,17009,250,USA,Sí
3093,921,5,783.04,2025-02-04,6,53,38307,815,MX,Sí
3094,487,3,4918.19,2024-09-11,7,39,49318,1823,mex,Sí
3095,624,1,2507.91,2024-06-06,1,65,38506,963,México,Sí
3096,588,3,2497.27,2024-03-29,5,28,23278,196,mex,Sí
3097,577,3,2505.64,2024-04-13,6,50,10991,2299,mex,Sí
3098,257,2,2432.27,2025-01-25,5,49,40490,1784,mex,Sí
3099,121,4,2170.47,2024-01-12,9,49,22929,615,USA,Sí
3100,240,2,3859.45,2024-02-05,1,33,32076,1424,México,Sí
3101,212,3,3720.19,2024-07-21,9,21,35974,1658,MX,Sí
3102,915,1,2889.7,2024-11-29,7,23,10784,1374,USA,Sí
3103,258,5,1754.61,2025-01-26,9,20,32647,1773,MX,Sí
3104,189,5,4298.37,2025-01-14,3,63,30959,295,México,Sí
3105,964,1,2170.17,2025-04-13,5,19,44200,273,México,Sí
3106,308,5,4952.93,2024-02-18,6,31,9854,2131,México,Sí
3107,488,3,1664.16,2024-01-22,3,20,11911,1012,mex,Sí
3108,208,5,4530.25,2025-04-07,10,52,8003,1531,mex,Sí
3109,931,4,1183.65,2025-01-02,10,56,44745,1087,México,Sí
3110,777,4,3478.61,2024-02-01,3,28,37563,2208,USA,Sí
3111,190,4,1772.32,2024-09-24,7,26,37992,2193,México,Sí
3112,633,1,2325.34,2024-03-08,4,19,45077,843,USA,Sí
3113,229,4,2653.62,2024-04-26,6,50,12112,961,MX,Sí
3114,363,4,2475.18,2024-07-22,6,40,44677,1424,MX,Sí
3115,694,3,4512.63,2025-01-04,1,29,28813,2844,MX,Sí
3116,870,2,3112.86,2024-06-26,10,19,21362,1259,mex,Sí
3117,661,2,3347.92,2024-07-08,10,24,42441,2890,USA,Sí
3118,499,3,203.93,2025-01-02,6,63,5043,573,USA,No
3119,751,5,695.92,2024-02-02,10,55,5270,2914,MX,Sí
3120,557,4,374.23,2024-03-26,7,49,40372,2873,USA,Sí
3121,800,5,1325.99,2024-09-17,9,50,40885,2251,México,Sí
3122,685,4,3345.34,2024-03-05,7,59,38938,2532,USA,Sí
3123,965,4,606.99,2024-03-20,5,18,46059,551,México,Sí
3124,838,4,848.2,2024-11-08,7,63,47727,1941,USA,Sí
3125,432,5,2039.07,2024-05-22,3,49,32424,2293,MX,Sí
3126,362,4,4965.59,2024-10-27,1,23,13521,833,mex,Sí
3127,518,1,2197.33,2024-11-22,10,49,18793,823,México,Sí
3128,926,4,2875.71,2025-02-21,5,43,44527,393,mex,Sí
3129,892,5,1173.74,2024-04-11,4,45,14026,1634,mex,Sí
3130,195,3,925.93,2024-07-09,4,58,45449,798,USA,Sí
3131,773,4,3981.7,2024-02-26,3,27,13370,964,mex,Sí
3132,730,5,1449.64,2025-01-20,1,56,13499,232,MX,Sí
3133,799,5,4120.45,2024-10-18,5,48,36992,451,México,Sí
3134,669,4,3845.78,2024-10-28,8,54,5392,2466,México,Sí
3135,874,1,4703.12,2024-06-21,10,54,14189,1204,mex,Sí
3136,683,3,1033.32,2024-12-15,10,45,9383,1936,MX,Sí
3137,489,3,4731.59,2024-06-19,9,19,10346,2204,México,Sí
3138,495,3,1442.86,2025-02-21,4,61,41851,1590,México,Sí
3139,284,5,1891.35,2025-03-01,2,18,28950,1304,mex,Sí
3140,297,4,2574.35,2024-11-09,7,35,27833,2923,mex,Sí
3141,281,1,1024.04,2024-09-04,9,65,47329,2192,USA,Sí
3142,957,1,3340.72,2025-05-05,10,46,38480,2980,MX,Sí
3143,727,4,2167.8,2024-01-05,8,36,46819,2051,MX,Sí
3144,853,5,4166.83,2024-09-15,2,18,38119,2702,USA,Sí
3145,108,4,2743.39,2024-10-03,2,59,25543,2000,USA,Sí
3146,168,5,2414.36,2024-09-28,3,56,41170,2577,MX,Sí
3147,880,3,2984.29,2024-11-06,4,42,8477,2364,mex,Sí
3148,871,2,3588.97,2025-01-20,8,30,36116,1563,mex,Sí
3149,399,3,1995.16,2024-09-13,4,63,21176,306,mex,Sí
3150,499,1,4194.39,2024-01-24,8,63,5043,573,USA,Sí
3151,643,4,344.85,2025-04-30,7,59,49717,665,USA,Sí
3152,540,3,2871.71,2024-10-27,4,59,39690,2249,mex,Sí
3153,786,5,424.48,2025-01-13,6,24,40823,511,mex,Sí
3154,580,5,1733.82,2024-12-26,6,53,27930,2884,MX,Sí
3155,810,1,2679.64,2024-02-16,9,57,22688,120,MX,Sí
3156,229,1,4596.71,2024-06-19,10,50,12112,961,MX,Sí
3157,884,3,2448.54,2024-03-12,3,58,28625,1412,USA,Sí
3158,947,5,3052.2,2024-06-22,10,46,23243,2966,mex,Sí
3159,678,3,447.03,2024-04-06,8,27,11370,2936,mex,Sí
3160,145,1,1134.52,2025-03-08,7,45,48995,580,mex,Sí
3161,782,4,3240.17,2025-02-24,3,41,42786,1796,mex,Sí
3162,951,5,2008.59,2024-07-29,10,34,28312,2136,México,Sí
3163,456,1,3755.2,2024-03-14,6,56,41711,1577,mex,Sí
3164,202,1,4281.41,2024-02-29,1,50,49488,2620,USA,Sí
3165,917,2,1016.12,2025-02-11,5,28,49992,707,MX,Sí
3166,132,4,1847.41,2024-12-23,6,19,23762,338,mex,Sí
3167,418,2,1459.1,2024-10-28,2,58,29443,2674,México,Sí
3168,135,4,1708.47,2024-10-20,10,25,11953,329,MX,Sí
3169,955,5,3874.52,2024-01-28,10,29,29557,1971,MX,Sí
3170,769,4,3211.31,2025-02-25,4,55,43313,1447,mex,Sí
3171,161,2,3621.67,2024-07-28,10,26,45934,67,mex,Sí
3172,563,4,62.13,2025-03-18,5,57,24884,258,México,No
3173,476,5,5029.89,2024-08-02,2,34,42520,913,México,Sí
3174,542,5,2439.01,2024-07-27,7,25,13189,586,mex,Sí
3175,123,1,3732.8,2024-04-06,8,29,24120,2911,MX,Sí
3176,292,4,1652.05,2024-04-22,2,60,46057,1485,México,Sí
3177,225,2,3153.29,2024-08-28,6,20,32631,2520,USA,Sí
3178,333,4,3105.76,2024-01-11,3,47,20788,1827,México,Sí
3179,375,4,3198.87,2024-01-10,3,46,28134,1084,MX,Sí
3180,980,2,2077.5,2024-04-22,10,59,36755,483,USA,Sí
3181,862,3,438.53,2025-02-12,9,50,36632,26,MX,Sí
3182,831,3,456.05,2025-03-23,3,51,42506,184,México,Sí
3183,524,4,4565.47,2024-09-19,10,55,24401,1981,mex,Sí
3184,102,2,1694.23,2025-02-24,3,33,48910,134,USA,Sí
3185,629,2,3032.48,2024-03-24,1,25,30839,2063,MX,Sí
3186,735,3,4667.12,2024-07-14,2,37,43843,1661,México,Sí
3187,792,2,557.31,2024-11-26,10,37,44106,2958,mex,Sí
3188,109,1,1366.43,2024-03-10,10,24,26963,2615,USA,Sí
3189,191,4,3513.91,2024-02-02,3,21,30465,775,mex,Sí
3190,121,2,4416.97,2024-04-10,4,49,22929,615,USA,Sí
3191,370,2,4600.58,2024-08-19,6,36,30411,1632,mex,Sí
3192,590,5,982.56,2024-01-20,7,25,37181,1698,USA,Sí
3193,161,3,4778.62,2024-08-07,4,26,45934,67,mex,Sí
3194,505,1,3153.92,2024-09-17,8,28,49605,2726,USA,Sí
3195,219,3,4277.31,2025-03-16,9,41,34876,2688,MX,Sí
3196,721,5,1075.78,2024-08-17,7,38,46783,1062,USA,Sí
3197,113,1,840.77,2024-11-30,9,32,44422,1674,USA,Sí
3198,405,1,2173.23,2025-03-05,1,25,17009,250,USA,Sí
3199,556,3,4653.11,2024-03-09,10,64,11791,2506,MX,Sí
3200,287,2,3686.76,2025-02-16,10,43,40301,2369,mex,Sí
3201,315,2,715.37,2024-10-03,4,31,32200,1575,USA,Sí
3202,266,5,2736.78,2024-04-25,6,34,35562,1609,MX,Sí
3203,116,3,1371.99,2025-04-10,9,62,40224,1703,mex,Sí
3204,563,5,2103.39,2024-02-09,2,57,24884,258,México,Sí
3205,631,3,2551.36,2024-03-10,2,59,21291,29,MX,Sí
3206,590,1,589.23,2024-02-16,2,25,37181,1698,USA,Sí
3207,495,4,2579.0,2024-04-27,7,61,41851,1590,México,Sí
3208,619,5,4299.21,2024-09-07,10,48,32090,672,MX,Sí
3209,342,3,3082.84,2024-10-19,2,64,8378,1254,USA,Sí
3210,783,3,931.68,2024-07-23,6,19,21000,2674,México,Sí
3211,401,1,3544.68,2024-02-05,3,62,10600,1302,México,Sí
3212,181,4,455.26,2024-07-15,8,35,13328,551,MX,Sí
3213,490,1,3599.87,2024-09-28,6,35,6529,379,MX,Sí
3214,355,4,2627.88,2024-10-05,3,45,19510,2531,MX,Sí
3215,572,5,4807.89,2024-01-22,4,39,10726,604,México,Sí
3216,700,2,1516.57,2024-12-10,6,64,5742,2265,MX,Sí
3217,792,1,2073.01,2024-10-25,8,37,44106,2958,mex,Sí
3218,141,5,2614.1,2025-01-21,4,65,31158,961,USA,Sí
3219,386,4,512.26,2024-11-12,9,20,16072,410,USA,Sí
3220,595,1,3811.66,2024-09-16,4,59,20473,623,MX,Sí
3221,237,4,1173.73,2025-04-01,9,57,47645,2747,México,Sí
3222,758,5,3463.79,2024-08-31,4,25,6784,1757,México,Sí
3223,518,1,2330.31,2025-01-19,5,49,18793,823,México,Sí
3224,180,1,3956.33,2025-03-13,1,58,27973,774,México,Sí
3225,593,4,2774.67,2025-02-08,5,41,5498,2825,MX,Sí
3226,678,5,4703.57,2025-01-03,9,27,11370,2936,mex,Sí
3227,337,4,1963.87,2024-01-05,9,55,22493,1416,México,Sí
3228,502,3,2188.6,2024-08-26,1,61,44395,79,USA,Sí
3229,154,1,4420.81,2024-06-17,1,27,12894,901,México,Sí
3230,359,2,2308.11,2024-08-22,10,36,14279,394,MX,Sí
3231,570,4,3655.24,2024-11-11,10,23,30514,1878,México,Sí
3232,170,3,4060.64,2025-01-29,6,31,29813,1437,mex,Sí
3233,385,5,4665.92,2024-12-11,7,45,32562,997,USA,Sí
3234,431,4,3945.11,2024-10-09,5,39,22227,917,USA,Sí
3235,753,1,3668.41,2024-02-08,3,64,44009,2589,USA,Sí
3236,849,3,699.17,2024-02-06,10,37,5964,1284,USA,Sí
3237,682,2,3296.62,2024-05-25,6,34,12822,196,MX,Sí
3238,707,5,1066.17,2024-08-27,8,54,17489,478,MX,Sí
3239,540,1,4977.1,2024-11-23,4,59,39690,2249,mex,Sí
3240,668,2,593.69,2025-04-15,4,52,6535,137,MX,Sí
3241,166,2,4705.13,2025-04-26,1,40,18855,498,mex,Sí
3242,313,1,4252.04,2025-03-11,9,61,33352,1749,USA,Sí
3243,582,1,1858.18,2024-04-22,1,41,5865,1143,mex,Sí
3244,584,3,1022.84,2024-05-23,9,51,24374,2226,MX,Sí
3245,464,3,607.36,2024-03-21,5,59,31496,2508,USA,Sí
3246,885,5,755.1,2025-02-28,9,46,44465,2080,USA,Sí
3247,599,2,4636.22,2024-11-13,5,42,10859,2455,USA,Sí
3248,307,5,3382.96,2024-12-24,6,63,17467,2005,mex,Sí
3249,800,1,1710.18,2024-05-10,4,50,40885,2251,México,Sí
3250,768,4,3901.21,2024-08-14,10,46,42961,2893,USA,Sí
3251,454,1,2167.51,2025-01-11,5,19,8430,838,MX,Sí
3252,302,4,2531.92,2024-10-16,5,40,9441,1381,México,Sí
3253,358,2,1323.78,2024-10-28,3,22,25474,1452,MX,Sí
3254,506,3,771.95,2024-04-21,7,26,7564,2525,mex,Sí
3255,766,4,390.36,2024-07-02,7,54,49621,588,mex,Sí
3256,129,2,1652.77,2025-01-11,8,23,11160,1445,USA,Sí
3257,765,2,1426.78,2024-08-28,6,60,28896,357,USA,Sí
3258,506,3,1330.05,2024-12-22,8,26,7564,2525,mex,Sí
3259,863,5,3558.93,2025-04-25,7,47,20139,2074,MX,Sí
3260,648,5,4671.55,2025-01-20,1,60,17397,2430,MX,Sí
3261,183,2,4173.2,2024-08-18,9,44,24036,654,USA,Sí
3262,805,3,3726.14,2024-07-31,10,33,25706,2151,mex,Sí
3263,379,5,421.73,2025-04-29,7,38,30651,2441,mex,Sí
3264,276,1,5048.38,2024-11-19,3,34,21112,384,mex,Sí
3265,302,3,2330.24,2024-01-01,7,40,9441,1381,México,Sí
3266,278,1,3803.33,2024-09-30,5,29,12107,1592,mex,Sí
3267,778,2,2117.84,2024-02-01,1,48,32231,479,México,Sí
3268,249,4,3061.04,2024-03-16,10,32,48257,2112,MX,Sí
3269,342,3,3851.96,2024-05-10,1,64,8378,1254,USA,Sí
3270,412,4,1259.57,2024-04-29,5,19,23465,1787,mex,Sí
3271,678,4,288.05,2025-03-02,2,27,11370,2936,mex,No
3272,152,5,2244.78,2024-07-31,9,60,8588,1616,México,Sí
3273,797,3,4503.04,2024-03-03,10,23,34102,2264,USA,Sí
3274,436,1,4946.86,2025-02-22,3,29,17963,295,USA,Sí
3275,748,5,827.97,2024-04-03,5,25,41340,2481,mex,Sí
3276,820,3,2616.95,2025-02-13,6,54,27793,2715,México,Sí
3277,375,5,2250.89,2024-10-20,7,46,28134,1084,MX,Sí
3278,374,4,2600.96,2024-09-05,10,32,5280,2398,USA,Sí
3279,338,3,2892.75,2024-07-31,5,47,20944,8,MX,Sí
3280,832,5,3231.26,2025-01-02,8,58,25207,2863,USA,Sí
3281,665,5,1615.11,2024-01-24,3,55,35108,1791,México,Sí
3282,409,5,547.78,2024-01-10,9,63,49720,188,MX,Sí
3283,950,2,3957.36,2025-04-13,4,29,19325,1431,MX,Sí
3284,901,3,2443.79,2024-02-22,1,39,15923,752,mex,Sí
3285,204,2,1403.68,2024-07-09,1,38,49066,2418,USA,Sí
3286,404,3,5037.94,2025-01-24,10,29,13871,2788,MX,Sí
3287,273,2,3318.02,2024-09-20,7,57,40797,2476,MX,Sí
3288,829,1,3308.18,2024-04-13,1,65,26821,2538,mex,Sí
3289,820,4,1738.95,2024-08-10,3,54,27793,2715,México,Sí
3290,758,1,4511.86,2024-07-23,4,25,6784,1757,México,Sí
3291,661,1,872.08,2025-02-04,6,24,42441,2890,USA,Sí
3292,236,2,3388.78,2024-11-28,4,37,11582,1704,USA,Sí
3293,667,1,4978.47,2024-07-20,1,18,22747,1138,MX,Sí
3294,159,1,3224.93,2024-12-03,5,48,35024,1989,MX,Sí
3295,391,2,453.41,2025-01-20,7,45,36057,1667,mex,Sí
3296,794,1,3576.29,2024-09-14,5,41,33754,2651,México,Sí
3297,776,2,3300.7,2024-02-23,6,21,38223,518,USA,Sí
3298,646,2,2948.16,2024-01-29,6,19,46539,2587,mex,Sí
3299,596,1,4921.8,2024-09-03,6,52,35579,1702,México,Sí
3300,326,4,1703.28,2025-02-05,1,20,5315,2160,USA,Sí
3301,723,3,4790.62,2024-09-19,8,28,26994,1331,MX,Sí
3302,377,2,715.06,2024-01-16,8,30,20055,902,MX,Sí
3303,719,1,4041.99,2024-08-24,10,39,7300,173,mex,Sí
3304,506,2,1620.17,2024-10-11,10,26,7564,2525,mex,Sí
3305,825,2,1002.89,2025-05-09,4,44,26214,2215,México,Sí
3306,890,2,4008.26,2024-02-21,2,54,38701,2597,mex,Sí
3307,445,3,1936.15,2024-07-03,8,28,46120,2380,MX,Sí
3308,495,1,267.18,2025-05-14,9,61,41851,1590,México,No
3309,402,1,2052.33,2025-01-13,6,25,36298,2753,MX,Sí
3310,665,3,705.82,2024-08-11,9,55,35108,1791,México,Sí
3311,865,4,813.66,2024-09-27,3,50,15662,1129,mex,Sí
3312,633,2,2088.28,2024-06-12,5,19,45077,843,USA,Sí
3313,152,1,939.74,2024-12-04,9,60,8588,1616,México,Sí
3314,313,4,2116.87,2024-04-05,8,61,33352,1749,USA,Sí
3315,109,5,2476.4,2024-12-23,2,24,26963,2615,USA,Sí
3316,515,5,1745.94,2025-03-06,3,40,22589,2049,México,Sí
3317,863,2,1940.53,2025-01-03,6,47,20139,2074,MX,Sí
3318,569,5,1471.76,2024-09-13,8,40,20433,1559,mex,Sí
3319,107,5,2746.14,2025-04-24,2,54,29036,356,USA,Sí
3320,994,3,1368.44,2025-04-30,1,39,28542,979,mex,Sí
3321,462,5,4585.94,2024-02-03,7,34,17097,35,USA,Sí
3322,887,3,183.25,2024-09-27,7,47,24842,559,mex,No
3323,561,4,4361.64,2024-05-15,8,18,11879,2046,MX,Sí
3324,142,5,2339.38,2024-09-21,3,20,16788,1802,MX,Sí
3325,790,1,4157.66,2024-01-17,8,39,39752,1946,mex,Sí
3326,469,5,2530.28,2024-11-18,8,20,25564,479,mex,Sí
3327,755,3,297.75,2025-03-29,4,56,16589,2046,México,No
3328,275,5,2773.08,2024-05-02,6,21,23290,749,México,Sí
3329,312,2,1385.11,2024-03-16,10,29,21745,961,mex,Sí
3330,378,4,2635.21,2024-09-16,1,56,15940,282,mex,Sí
3331,688,1,3804.78,2024-06-12,4,19,22280,547,USA,Sí
3332,951,3,137.53,2024-07-06,9,34,28312,2136,México,No
3333,986,3,1742.91,2024-06-07,6,21,26993,683,USA,Sí
3334,905,4,827.36,2024-08-24,9,62,38493,2849,México,Sí
3335,161,4,282.89,2024-05-20,3,26,45934,67,mex,No
3336,547,4,4660.61,2024-10-07,1,54,45304,142,México,Sí
3337,567,3,4114.81,2024-11-17,8,19,26297,1043,mex,Sí
3338,944,2,270.14,2024-02-22,4,31,19894,629,USA,No
3339,684,1,2012.12,2025-01-13,7,53,12406,1882,USA,Sí
3340,808,1,683.26,2024-06-19,4,50,19786,1403,USA,Sí
3341,645,1,2318.68,2024-02-22,2,44,8806,2526,MX,Sí
3342,546,5,2476.83,2024-08-09,8,45,27786,39,MX,Sí
3343,509,1,3338.59,2024-05-17,5,41,45104,375,México,Sí
3344,273,4,1000.0,2024-12-10,9,57,40797,2476,MX,Sí
3345,366,5,2172.15,2024-09-24,5,51,22561,1,mex,Sí
3346,463,5,4364.22,2025-03-10,8,41,35826,1703,mex,Sí
3347,260,4,2836.6,2025-04-11,10,54,16529,2119,USA,Sí
3348,230,4,1925.1,2024-10-21,9,22,17157,985,USA,Sí
3349,385,1,3674.91,2024-04-19,10,45,32562,997,USA,Sí
3350,961,1,1144.57,2024-01-20,6,57,17122,1259,México,Sí
3351,625,2,3693.36,2025-01-13,6,58,29578,1240,México,Sí
3352,734,4,3029.44,2025-01-11,10,55,33221,1362,mex,Sí
3353,651,1,4388.2,2025-04-02,10,46,45390,1266,México,Sí
3354,204,4,4896.48,2025-03-04,4,38,49066,2418,USA,Sí
3355,364,2,4431.06,2024-06-12,1,48,49893,1002,USA,Sí
3356,138,2,4411.16,2025-01-15,2,45,16256,1991,USA,Sí
3357,690,4,3163.14,2025-04-24,10,32,22424,1901,México,Sí
3358,765,5,2166.73,2024-06-15,4,60,28896,357,USA,Sí
3359,958,3,733.23,2025-03-18,1,20,34025,2025,México,Sí
3360,461,5,3446.53,2024-08-20,3,23,25018,213,USA,Sí
3361,145,2,3901.53,2024-12-15,2,45,48995,580,mex,Sí
3362,830,3,702.76,2024-02-26,2,48,12652,280,México,Sí
3363,592,2,1942.13,2024-05-19,3,22,36969,271,USA,Sí
3364,524,3,2321.69,2024-10-01,4,55,24401,1981,mex,Sí
3365,343,2,1006.66,2024-06-26,3,24,13893,2515,México,Sí
3366,953,1,4103.75,2024-11-26,9,45,42329,1618,USA,Sí
3367,446,2,1857.99,2025-03-25,5,34,46564,2492,mex,Sí
3368,404,3,1773.7,2024-06-02,6,29,13871,2788,MX,Sí
3369,639,3,3160.89,2024-11-25,5,34,13828,1321,USA,Sí
3370,235,3,4759.99,2024-05-16,6,36,31241,1944,mex,Sí
3371,891,4,1338.56,2025-04-20,10,41,24848,985,México,Sí
3372,136,2,1147.25,2024-05-26,9,64,38475,1183,MX,Sí
3373,227,2,369.21,2024-07-31,10,29,39883,859,mex,Sí
3374,463,2,4251.3,2024-10-12,4,41,35826,1703,mex,Sí
3375,952,4,4394.0,2024-02-28,10,36,7569,1957,México,Sí
3376,590,4,1539.27,2024-03-05,8,25,37181,1698,USA,Sí
3377,449,4,1134.16,2024-01-28,7,30,5384,1548,USA,Sí
3378,949,5,2298.12,2024-12-05,1,18,29596,1959,MX,Sí
3379,271,5,2574.07,2024-02-09,9,33,33579,2979,mex,Sí
3380,244,1,1763.88,2024-04-19,1,55,29630,863,MX,Sí
3381,710,1,4679.95,2024-01-27,5,24,19043,149,USA,Sí
3382,337,5,2749.94,2024-02-20,9,55,22493,1416,México,Sí
3383,212,5,2377.74,2024-07-30,8,21,35974,1658,MX,Sí
3384,397,3,2375.78,2025-03-02,9,26,30715,2936,USA,Sí
3385,793,2,4943.28,2024-02-29,7,45,38553,1814,México,Sí
3386,931,4,2476.46,2024-08-24,10,56,44745,1087,México,Sí
3387,206,5,5014.59,2024-06-27,9,46,25056,2521,mex,Sí
3388,944,2,3186.18,2024-05-15,5,31,19894,629,USA,Sí
3389,589,2,4524.57,2024-10-06,2,24,33899,258,USA,Sí
3390,886,1,2950.32,2025-01-24,2,28,21719,980,MX,Sí
3391,485,4,705.31,2024-10-29,7,49,46962,740,mex,Sí
3392,422,5,1847.36,2024-03-09,7,62,13156,279,México,Sí
3393,649,2,1917.33,2024-03-13,7,28,45523,2996,mex,Sí
3394,611,1,2596.93,2024-07-27,6,38,22073,2739,MX,Sí
3395,590,1,3013.12,2025-02-17,4,25,37181,1698,USA,Sí
3396,373,3,1745.05,2024-06-20,8,54,38915,1108,MX,Sí
3397,532,2,212.48,2024-05-19,3,37,15076,298,mex,No
3398,671,2,2803.97,2025-03-16,8,65,48660,2686,MX,Sí
3399,216,2,2672.84,2024-08-25,9,34,13475,704,MX,Sí
3400,629,3,4524.59,2025-03-15,8,25,30839,2063,MX,Sí
3401,926,3,2724.6,2024-05-30,9,43,44527,393,mex,Sí
3402,632,2,2764.67,2025-04-06,10,34,26577,853,mex,Sí
3403,249,5,4265.95,2024-11-01,6,32,48257,2112,MX,Sí
3404,823,3,3916.37,2024-10-04,5,37,27933,1965,MX,Sí
3405,653,4,3475.22,2024-06-02,5,48,30478,2700,MX,Sí
3406,540,1,2722.02,2024-12-01,8,59,39690,2249,mex,Sí
3407,754,2,3947.47,2024-12-26,3,44,26745,1238,mex,Sí
3408,260,1,4511.81,2024-04-12,4,54,16529,2119,USA,Sí
3409,226,4,4133.09,2024-03-11,3,62,7997,1327,mex,Sí
3410,854,3,3393.4,2024-01-17,2,44,44543,2558,mex,Sí
3411,723,5,4373.93,2024-06-28,2,28,26994,1331,MX,Sí
3412,919,5,402.17,2024-08-23,2,41,8035,2189,México,Sí
3413,383,1,3782.52,2024-06-07,4,46,35224,1323,México,Sí
3414,802,5,4938.45,2024-05-28,6,57,24240,2477,MX,Sí
3415,875,4,3518.06,2024-09-07,5,26,32184,2564,USA,Sí
3416,669,5,2547.1,2025-03-05,8,54,5392,2466,México,Sí
3417,470,4,528.72,2024-08-27,2,63,25565,2875,mex,Sí
3418,203,2,4366.44,2024-10-22,4,40,31161,36,USA,Sí
3419,166,2,466.6,2024-11-12,10,40,18855,498,mex,Sí
3420,706,4,639.01,2024-12-18,2,38,37073,1711,USA,Sí
3421,756,1,2613.62,2024-03-12,2,63,14957,1447,mex,Sí
3422,523,5,3257.77,2025-01-23,10,28,35564,2650,mex,Sí
3423,511,3,3551.4,2024-05-09,2,46,12209,148,MX,Sí
3424,258,2,129.84,2024-03-17,8,20,32647,1773,MX,No
3425,231,3,1978.2,2024-04-27,1,41,5389,2257,mex,Sí
3426,433,5,4739.01,2024-05-09,5,20,26707,1417,México,Sí
3427,662,4,2789.68,2024-12-08,8,32,37927,2303,MX,Sí
3428,881,5,1648.53,2024-11-18,3,53,35212,1809,MX,Sí
3429,441,1,2136.08,2025-01-11,6,61,17372,355,MX,Sí
3430,359,5,3573.53,2025-01-26,8,36,14279,394,MX,Sí
3431,672,4,333.94,2025-03-27,4,25,30257,1104,USA,Sí
3432,130,1,2639.47,2024-04-18,6,62,27659,752,MX,Sí
3433,102,3,515.74,2024-04-12,8,33,48910,134,USA,Sí
3434,213,2,2774.98,2024-10-12,3,51,24819,1846,México,Sí
3435,449,2,1215.04,2024-06-12,10,30,5384,1548,USA,Sí
3436,724,4,1310.75,2024-05-09,6,29,6289,1870,USA,Sí
3437,935,1,1557.82,2024-08-15,4,43,8016,1837,mex,Sí
3438,556,3,2723.35,2024-08-07,6,64,11791,2506,MX,Sí
3439,683,3,1839.86,2024-07-23,10,45,9383,1936,MX,Sí
3440,657,1,463.85,2025-03-01,1,37,25352,1829,MX,Sí
3441,514,2,540.13,2024-10-28,8,59,22221,1556,México,Sí
3442,805,4,2428.95,2024-02-11,10,33,25706,2151,mex,Sí
3443,702,2,4905.65,2024-11-30,5,28,17381,982,México,Sí
3444,233,3,4048.19,2024-11-21,9,42,18358,788,mex,Sí
3445,400,1,2463.01,2024-03-02,2,63,13344,1078,México,Sí
3446,508,4,2685.37,2024-05-30,10,20,30758,327,USA,Sí
3447,757,5,861.74,2024-04-09,6,40,39817,2985,México,Sí
3448,961,2,1974.19,2024-03-26,7,57,17122,1259,México,Sí
3449,986,5,979.31,2024-08-10,7,21,26993,683,USA,Sí
3450,982,5,3206.16,2024-07-25,2,55,30335,1789,MX,Sí
3451,650,3,4560.71,2025-03-10,7,53,5388,2855,México,Sí
3452,625,1,1402.61,2024-06-18,9,58,29578,1240,México,Sí
3453,472,3,4050.75,2025-01-23,5,60,24479,2135,mex,Sí
3454,169,5,2470.46,2024-10-22,6,56,19741,1636,MX,Sí
3455,759,1,3052.43,2024-09-18,9,28,8214,537,mex,Sí
3456,564,1,459.94,2024-01-17,10,24,44347,1317,MX,Sí
3457,540,4,115.9,2025-05-03,9,59,39690,2249,mex,No
3458,351,5,2641.49,2025-05-04,4,21,45433,1970,USA,Sí
3459,767,4,1486.6,2024-06-13,8,55,15902,145,México,Sí
3460,943,2,4309.72,2024-05-10,8,22,42131,767,mex,Sí
3461,959,3,4038.13,2024-07-14,6,65,23767,1312,MX,Sí
3462,668,3,2433.52,2025-04-25,4,52,6535,137,MX,Sí
3463,998,5,1619.05,2025-05-07,10,59,8025,475,USA,Sí
3464,947,4,209.41,2025-02-26,2,46,23243,2966,mex,No
3465,212,2,3892.8,2024-03-19,5,21,35974,1658,MX,Sí
3466,918,1,4450.57,2024-01-18,6,41,15225,1712,USA,Sí
3467,607,2,2088.65,2024-07-08,7,49,21304,2368,USA,Sí
3468,286,1,2716.69,2024-10-13,3,22,46404,2109,USA,Sí
3469,656,2,3019.29,2024-02-19,8,31,14038,621,México,Sí
3470,347,2,1742.83,2025-05-12,10,45,7252,2214,MX,Sí
3471,811,1,437.52,2024-02-28,4,39,14665,1670,mex,Sí
3472,484,1,287.24,2024-01-21,1,41,9016,1168,mex,No
3473,266,4,809.11,2024-09-24,3,34,35562,1609,MX,Sí
3474,536,4,2085.07,2024-12-24,4,33,43466,1901,USA,Sí
3475,711,2,2311.03,2024-07-02,5,42,47447,92,mex,Sí
3476,355,5,553.47,2024-09-22,4,45,19510,2531,MX,Sí
3477,262,5,3241.28,2024-12-08,6,44,10318,2926,USA,Sí
3478,531,5,4842.77,2024-03-17,9,65,45874,2186,México,Sí
3479,107,2,3899.74,2025-01-21,6,54,29036,356,USA,Sí
3480,512,4,3774.06,2025-03-02,1,36,41750,1494,México,Sí
3481,629,5,2549.36,2025-04-15,3,25,30839,2063,MX,Sí
3482,279,2,1655.47,2024-08-14,4,59,32132,2478,MX,Sí
3483,253,5,774.44,2025-04-10,3,62,28540,2977,mex,Sí
3484,387,5,3475.71,2024-11-15,2,22,38335,2070,USA,Sí
3485,816,3,1930.51,2024-04-20,10,60,47101,41,USA,Sí
3486,301,1,1361.82,2025-01-10,10,26,16730,2608,mex,Sí
3487,638,1,3022.99,2025-01-05,10,43,17842,2826,MX,Sí
3488,428,1,1436.78,2024-03-22,10,58,17802,2818,mex,Sí
3489,482,1,3111.93,2024-09-21,9,41,36320,385,MX,Sí
3490,508,5,4411.52,2025-02-14,5,20,30758,327,USA,Sí
3491,963,2,4243.54,2024-03-23,4,36,37497,923,mex,Sí
3492,128,2,677.59,2025-03-23,1,64,21480,696,México,Sí
3493,828,4,1714.85,2024-07-22,1,39,42660,2279,mex,Sí
3494,966,4,3198.7,2024-01-19,3,57,38333,362,mex,Sí
3495,445,1,4828.38,2024-12-22,8,28,46120,2380,MX,Sí
3496,432,4,3033.01,2025-01-14,1,49,32424,2293,MX,Sí
3497,791,5,3842.37,2024-06-26,5,45,47580,765,México,Sí
3498,477,4,3920.43,2024-01-26,10,33,11252,562,mex,Sí
3499,570,5,2388.52,2025-04-03,2,23,30514,1878,México,Sí
3500,242,2,3859.24,2024-02-03,1,29,32445,2330,USA,Sí
3501,131,1,421.81,2024-05-11,1,19,31043,450,México,Sí
3502,712,1,2817.62,2024-07-24,4,33,46042,572,USA,Sí
3503,766,3,1938.59,2024-06-13,6,54,49621,588,mex,Sí
3504,601,2,3188.3,2024-06-28,10,38,5630,575,México,Sí
3505,537,4,108.93,2025-05-03,9,32,16383,2007,mex,No
3506,367,5,4359.32,2024-08-16,8,38,27777,1863,USA,Sí
3507,218,3,1981.52,2024-05-11,2,42,5394,308,MX,Sí
3508,987,3,1870.18,2024-08-01,1,36,6967,81,mex,Sí
3509,949,3,462.97,2024-11-28,1,18,29596,1959,MX,Sí
3510,448,4,1876.51,2024-12-21,5,53,48456,2056,USA,Sí
3511,249,3,3805.44,2024-07-22,8,32,48257,2112,MX,Sí
3512,703,1,484.5,2024-07-06,7,29,21492,1237,mex,Sí
3513,954,5,3369.98,2024-11-02,1,65,21651,28,mex,Sí
3514,563,2,1435.63,2024-05-25,7,57,24884,258,México,Sí
3515,338,3,2094.88,2024-12-27,4,47,20944,8,MX,Sí
3516,782,4,4539.02,2024-10-20,3,41,42786,1796,mex,Sí
3517,486,3,4443.57,2024-02-16,9,27,40105,2289,MX,Sí
3518,894,5,4734.01,2025-04-11,9,25,17607,2324,México,Sí
3519,509,4,1334.64,2024-02-25,8,41,45104,375,México,Sí
3520,636,4,1683.56,2025-01-17,9,54,27244,482,México,Sí
3521,921,1,2386.69,2024-04-16,7,53,38307,815,MX,Sí
3522,708,2,4718.5,2024-09-02,7,40,48334,1351,mex,Sí
3523,813,1,3275.87,2024-04-15,2,58,9545,2937,México,Sí
3524,983,3,3768.71,2024-02-22,3,43,38115,2324,mex,Sí
3525,251,5,1256.13,2024-06-28,1,23,22344,107,USA,Sí
3526,351,1,442.82,2025-02-25,10,21,45433,1970,USA,Sí
3527,424,5,1366.1,2024-12-20,8,26,26797,2359,México,Sí
3528,694,1,842.46,2024-12-20,1,29,28813,2844,MX,Sí
3529,298,5,4121.82,2024-07-11,5,31,26682,557,México,Sí
3530,343,5,3409.74,2024-11-30,4,24,13893,2515,México,Sí
3531,680,2,1210.22,2024-08-17,7,58,45476,2920,México,Sí
3532,674,2,4952.69,2025-01-18,9,51,28758,415,USA,Sí
3533,232,1,4579.54,2024-06-09,9,54,23472,488,mex,Sí
3534,518,4,4774.41,2024-12-26,8,49,18793,823,México,Sí
3535,718,1,2870.11,2024-08-10,6,21,17595,1382,mex,Sí
3536,400,1,1684.66,2024-08-07,3,63,13344,1078,México,Sí
3537,768,1,886.06,2024-10-26,5,46,42961,2893,USA,Sí
3538,695,5,1010.94,2024-08-14,7,47,36026,921,mex,Sí
3539,191,3,4276.64,2025-04-13,2,21,30465,775,mex,Sí
3540,933,1,840.38,2024-04-24,7,28,5541,214,USA,Sí
3541,706,2,3792.96,2024-12-05,2,38,37073,1711,USA,Sí
3542,757,1,3845.8,2024-04-22,9,40,39817,2985,México,Sí
3543,615,2,4317.5,2024-06-11,1,37,17547,2162,mex,Sí
3544,401,3,2233.74,2024-12-25,3,62,10600,1302,México,Sí
3545,350,3,4061.88,2024-08-03,8,20,40739,2006,mex,Sí
3546,490,5,1924.25,2024-02-03,3,35,6529,379,MX,Sí
3547,883,4,4689.35,2024-09-14,8,36,5602,2401,México,Sí
3548,486,4,2652.69,2024-06-07,1,27,40105,2289,MX,Sí
3549,250,4,1656.07,2024-06-05,6,21,11095,355,mex,Sí
3550,152,3,1542.29,2024-01-04,2,60,8588,1616,México,Sí
3551,727,1,906.89,2024-12-15,10,36,46819,2051,MX,Sí
3552,836,1,1342.13,2025-03-07,6,31,8998,2844,mex,Sí
3553,209,5,2711.18,2024-12-27,1,37,20895,1376,MX,Sí
3554,941,4,1302.18,2024-07-28,4,48,43156,1670,MX,Sí
3555,518,2,353.73,2024-08-03,10,49,18793,823,México,Sí
3556,602,5,3765.44,2024-02-01,1,65,9780,2039,mex,Sí
3557,330,1,1517.95,2024-08-03,3,63,6658,2786,USA,Sí
3558,164,3,2431.91,2025-01-18,5,19,11171,1591,MX,Sí
3559,774,3,1656.41,2024-02-02,4,55,40030,1635,México,Sí
3560,655,5,704.19,2024-11-28,10,31,34732,1042,MX,Sí
3561,711,3,4622.05,2025-02-04,3,42,47447,92,mex,Sí
3562,913,4,4854.03,2024-10-27,2,64,14325,651,México,Sí
3563,829,4,4980.54,2025-03-16,5,65,26821,2538,mex,Sí
3564,619,3,222.9,2024-09-14,5,48,32090,672,MX,No
3565,810,3,1949.01,2024-05-04,2,57,22688,120,MX,Sí
3566,812,4,4074.13,2024-02-27,2,64,22856,2785,México,Sí
3567,519,5,4180.72,2024-10-24,5,38,25610,2426,mex,Sí
3568,732,1,5001.39,2025-03-22,5,55,19096,2362,mex,Sí
3569,807,3,4581.97,2024-03-27,2,40,25013,1521,México,Sí
3570,282,3,1524.02,2025-01-01,8,32,7721,2037,mex,Sí
3571,724,1,2967.32,2024-09-16,9,29,6289,1870,USA,Sí
3572,698,4,4911.68,2024-08-28,5,65,21389,1060,México,Sí
3573,987,3,2119.68,2024-11-19,10,36,6967,81,mex,Sí
3574,104,1,1432.94,2024-04-14,3,47,43769,2213,USA,Sí
3575,491,3,1948.37,2024-05-24,4,62,21479,314,México,Sí
3576,687,2,4096.24,2025-05-07,5,51,13256,1829,mex,Sí
3577,585,1,1947.84,2024-05-29,4,61,33558,1232,USA,Sí
3578,901,2,1134.75,2025-04-21,2,39,15923,752,mex,Sí
3579,731,1,3884.06,2024-06-04,3,50,29594,1215,MX,Sí
3580,389,5,1690.51,2024-02-01,4,48,41106,2281,mex,Sí
3581,535,3,3132.44,2025-02-24,4,32,48718,2734,México,Sí
3582,344,2,3007.44,2024-02-26,8,45,42134,633,USA,Sí
3583,652,4,3247.17,2024-02-24,7,34,41797,2639,USA,Sí
3584,830,1,2219.0,2024-11-20,10,48,12652,280,México,Sí
3585,777,5,2414.71,2024-09-19,3,28,37563,2208,USA,Sí
3586,521,4,936.9,2025-01-03,2,65,18750,1866,mex,Sí
3587,589,2,3602.14,2025-01-08,7,24,33899,258,USA,Sí
3588,786,1,3942.69,2025-03-02,10,24,40823,511,mex,Sí
3589,165,3,3591.46,2025-01-27,9,18,5714,299,MX,Sí
3590,697,5,2780.06,2024-01-04,4,23,44923,1626,MX,Sí
3591,967,4,1313.82,2024-07-07,2,18,17752,41,MX,Sí
3592,551,1,785.27,2024-06-20,3,62,42177,1115,MX,Sí
3593,411,5,2467.21,2024-12-18,1,40,24036,534,México,Sí
3594,321,1,1757.89,2024-11-25,3,19,44705,2324,México,Sí
3595,445,1,1809.32,2024-08-16,3,28,46120,2380,MX,Sí
3596,816,2,5030.1,2024-03-16,8,60,47101,41,USA,Sí
3597,430,3,3178.91,2024-09-03,6,52,13669,298,MX,Sí
3598,499,3,5026.19,2024-10-17,10,63,5043,573,USA,Sí
3599,864,3,4610.42,2024-02-12,7,26,43680,2987,USA,Sí
3600,253,4,2451.23,2024-01-04,6,62,28540,2977,mex,Sí
3601,942,5,3675.82,2025-03-29,4,26,9637,2119,MX,Sí
3602,150,2,4636.27,2025-04-12,10,21,35202,2063,México,Sí
3603,817,2,3728.09,2024-01-01,9,50,19625,1879,USA,Sí
3604,107,4,762.2,2025-02-09,7,54,29036,356,USA,Sí
3605,746,4,1777.26,2024-11-09,1,27,26464,2419,mex,Sí
3606,648,4,4688.06,2024-07-11,2,60,17397,2430,MX,Sí
3607,609,2,1463.88,2024-04-22,3,47,38145,933,mex,Sí
3608,749,4,3476.75,2024-02-28,6,60,44177,1095,MX,Sí
3609,347,5,933.17,2024-08-29,9,45,7252,2214,MX,Sí
3610,968,1,5029.89,2024-08-10,3,21,28535,1179,MX,Sí
3611,865,3,776.22,2024-02-24,2,50,15662,1129,mex,Sí
3612,298,4,1106.19,2025-01-01,1,31,26682,557,México,Sí
3613,946,4,1463.38,2024-10-02,10,34,23068,2117,México,Sí
3614,884,4,3133.92,2024-03-12,9,58,28625,1412,USA,Sí
3615,922,5,384.6,2024-08-12,1,45,25485,1114,México,Sí
3616,899,2,4189.69,2024-05-02,8,54,41273,896,MX,Sí
3617,959,3,4779.46,2024-01-22,4,65,23767,1312,MX,Sí
3618,781,4,62.33,2024-01-24,3,32,26462,719,MX,No
3619,110,2,3983.63,2025-02-24,9,37,6329,2874,mex,Sí
3620,734,5,4162.78,2024-03-16,3,55,33221,1362,mex,Sí
3621,973,1,532.07,2024-08-26,1,23,13458,560,MX,Sí
3622,129,5,1695.41,2025-05-09,10,23,11160,1445,USA,Sí
3623,851,2,4890.57,2025-04-22,9,30,9173,532,mex,Sí
3624,554,5,52.58,2024-05-26,5,27,17733,2357,mex,No
3625,485,4,2601.83,2024-05-17,9,49,46962,740,mex,Sí
3626,437,2,3374.3,2024-05-04,3,33,38329,546,MX,Sí
3627,568,5,3302.93,2024-12-28,7,48,48493,202,México,Sí
3628,269,5,316.88,2024-09-04,4,58,42786,2218,USA,Sí
3629,199,3,3230.16,2024-07-18,1,43,8007,1792,USA,Sí
3630,326,5,930.47,2025-04-06,1,20,5315,2160,USA,Sí
3631,691,1,962.42,2025-02-14,6,25,23287,144,México,Sí
3632,372,5,1919.7,2024-05-30,4,44,7580,2358,México,Sí
3633,996,5,1139.96,2024-10-10,2,63,24280,336,USA,Sí
3634,278,3,3402.82,2025-05-11,10,29,12107,1592,mex,Sí
3635,812,1,605.82,2024-05-11,10,64,22856,2785,México,Sí
3636,213,4,142.71,2024-01-28,3,51,24819,1846,México,No
3637,944,1,1733.64,2024-10-23,10,31,19894,629,USA,Sí
3638,976,1,886.69,2025-01-27,5,48,10049,109,mex,Sí
3639,765,3,5042.23,2024-11-26,4,60,28896,357,USA,Sí
3640,621,5,274.95,2024-06-26,7,60,25186,1,México,No
3641,239,5,3733.16,2024-03-22,7,48,14581,2684,MX,Sí
3642,576,5,3046.4,2024-08-29,7,43,24487,2113,México,Sí
3643,682,2,4728.98,2024-10-03,10,34,12822,196,MX,Sí
3644,225,5,3413.78,2025-03-30,6,20,32631,2520,USA,Sí
3645,909,5,4629.87,2025-02-09,4,29,24914,2286,USA,Sí
3646,189,3,2959.65,2024-04-01,2,63,30959,295,México,Sí
3647,356,5,3875.44,2024-01-28,10,35,32064,1740,USA,Sí
3648,743,4,531.56,2024-09-25,4,53,32688,1473,MX,Sí
3649,430,4,773.95,2025-01-23,5,52,13669,298,MX,Sí
3650,912,1,859.91,2024-05-24,10,54,33732,563,México,Sí
3651,921,4,3754.37,2024-11-04,9,53,38307,815,MX,Sí
3652,525,4,2181.51,2025-02-16,9,27,16922,2099,México,Sí
3653,771,2,3864.17,2024-04-16,8,40,34781,745,México,Sí
3654,313,5,2988.23,2024-06-28,1,61,33352,1749,USA,Sí
3655,177,2,2091.23,2024-01-21,10,44,27745,2614,México,Sí
3656,797,5,1879.34,2024-01-07,10,23,34102,2264,USA,Sí
3657,837,1,2306.7,2024-12-21,2,49,27114,1852,USA,Sí
3658,867,4,4154.96,2024-02-08,10,56,26275,869,MX,Sí
3659,430,1,1483.42,2024-04-10,2,52,13669,298,MX,Sí
3660,202,1,1836.25,2024-07-02,8,50,49488,2620,USA,Sí
3661,743,2,1449.19,2024-09-29,9,53,32688,1473,MX,Sí
3662,803,2,4795.89,2025-04-29,1,26,48936,2328,MX,Sí
3663,183,3,234.74,2025-02-01,9,44,24036,654,USA,No
3664,953,1,4297.46,2025-02-19,7,45,42329,1618,USA,Sí
3665,597,5,164.16,2024-06-01,5,33,37995,77,MX,No
3666,431,3,1306.67,2025-02-25,5,39,22227,917,USA,Sí
3667,799,3,898.9,2024-06-23,3,48,36992,451,México,Sí
3668,218,5,1802.15,2025-03-28,5,42,5394,308,MX,Sí
3669,705,5,3185.36,2024-06-23,9,46,42823,2402,MX,Sí
3670,332,4,3931.02,2025-01-09,5,64,10107,2983,MX,Sí
3671,870,1,2662.57,2024-10-05,3,19,21362,1259,mex,Sí
3672,484,3,502.52,2024-01-16,9,41,9016,1168,mex,Sí
3673,374,5,2655.5,2025-04-17,2,32,5280,2398,USA,Sí
3674,958,2,3197.46,2024-05-06,4,20,34025,2025,México,Sí
3675,201,3,4411.63,2024-01-18,6,33,48192,2392,MX,Sí
3676,717,4,3616.76,2024-06-01,4,55,16189,2919,MX,Sí
3677,998,5,1149.32,2024-10-12,2,59,8025,475,USA,Sí
3678,341,4,4820.44,2024-09-14,8,56,19983,1738,mex,Sí
3679,123,5,4309.88,2024-05-31,10,29,24120,2911,MX,Sí
3680,883,3,4154.81,2024-11-18,8,36,5602,2401,México,Sí
3681,890,1,4496.36,2024-03-06,10,54,38701,2597,mex,Sí
3682,590,4,958.01,2024-11-04,6,25,37181,1698,USA,Sí
3683,873,4,3897.31,2025-02-23,9,41,43004,2735,mex,Sí
3684,923,5,4189.52,2024-07-17,5,57,33784,52,México,Sí
3685,372,1,952.56,2025-02-28,8,44,7580,2358,México,Sí
3686,986,5,421.35,2025-04-21,6,21,26993,683,USA,Sí
3687,870,4,3465.57,2024-08-20,3,19,21362,1259,mex,Sí
3688,987,1,2774.01,2024-07-30,5,36,6967,81,mex,Sí
3689,213,1,2984.44,2024-06-26,1,51,24819,1846,México,Sí
3690,122,1,1416.18,2024-03-19,10,61,19814,597,MX,Sí
3691,423,5,2093.41,2024-06-24,6,30,39430,1886,USA,Sí
3692,648,3,2101.97,2024-12-20,4,60,17397,2430,MX,Sí
3693,498,2,164.11,2024-06-01,5,42,40079,2325,MX,No
3694,416,2,4729.24,2024-08-30,7,37,16940,2567,México,Sí
3695,677,2,4208.15,2024-02-21,1,29,37285,810,MX,Sí
3696,818,5,1267.67,2024-08-05,5,28,20814,732,MX,Sí
3697,906,1,676.24,2024-03-09,4,38,43454,1110,MX,Sí
3698,232,5,2862.85,2024-07-23,4,54,23472,488,mex,Sí
3699,623,5,1832.56,2024-06-10,6,27,8786,2991,MX,Sí
3700,765,1,801.08,2024-09-21,2,60,28896,357,USA,Sí
3701,464,3,4727.69,2024-07-12,2,59,31496,2508,USA,Sí
3702,521,5,2132.21,2024-04-04,7,65,18750,1866,mex,Sí
3703,934,3,4631.66,2025-04-26,1,31,6023,2845,MX,Sí
3704,481,5,2015.69,2024-03-24,7,44,7420,1084,USA,Sí
3705,796,5,1093.21,2024-06-11,10,29,8156,1516,MX,Sí
3706,106,1,1129.81,2025-04-13,1,30,16855,2477,USA,Sí
3707,444,4,4269.91,2025-02-15,6,59,48591,2080,USA,Sí
3708,517,3,2016.46,2024-05-28,4,24,23829,2455,México,Sí
3709,653,1,138.23,2024-10-12,9,48,30478,2700,MX,No
3710,365,1,2345.11,2024-02-14,1,58,34656,2564,USA,Sí
3711,174,2,3892.32,2024-04-26,9,51,18963,1867,mex,Sí
3712,622,2,4754.23,2024-12-13,7,33,20627,556,mex,Sí
3713,254,5,106.03,2024-06-19,7,63,13917,1074,mex,No
3714,382,3,4563.14,2025-02-07,4,62,31629,2967,mex,Sí
3715,285,1,3323.29,2024-02-24,6,26,18398,2786,USA,Sí
3716,633,2,1462.53,2025-01-22,1,19,45077,843,USA,Sí
3717,838,1,3123.44,2024-01-14,3,63,47727,1941,USA,Sí
3718,443,1,125.3,2025-05-04,9,26,29727,1400,USA,No
3719,367,5,4266.9,2024-07-06,4,38,27777,1863,USA,Sí
3720,654,1,1683.38,2024-09-21,7,56,31616,1539,USA,Sí
3721,747,4,4583.19,2024-12-13,8,22,33136,1663,USA,Sí
3722,723,1,4594.89,2025-04-21,1,28,26994,1331,MX,Sí
3723,384,3,2192.79,2024-12-24,4,23,48818,2104,mex,Sí
3724,417,5,1256.88,2024-11-09,5,52,41084,2234,México,Sí
3725,267,4,4502.71,2024-07-10,3,34,10707,1877,mex,Sí
3726,163,4,4531.81,2024-11-04,4,21,30877,1104,mex,Sí
3727,208,3,3716.13,2024-07-23,9,52,8003,1531,mex,Sí
3728,118,3,3516.26,2025-02-11,10,25,22755,504,USA,Sí
3729,559,3,1906.94,2024-02-27,5,46,40529,764,USA,Sí
3730,970,3,1742.82,2024-06-23,8,33,5153,1597,USA,Sí
3731,633,4,721.09,2024-06-10,3,19,45077,843,USA,Sí
3732,176,4,3556.12,2024-03-07,6,58,20943,2387,México,Sí
3733,473,2,3496.54,2024-05-22,4,49,16476,489,USA,Sí
3734,948,4,1714.29,2025-01-19,9,52,5212,876,USA,Sí
3735,923,1,2368.56,2024-04-06,6,57,33784,52,México,Sí
3736,376,5,503.28,2024-01-24,10,39,45788,2390,mex,Sí
3737,689,3,229.52,2025-05-04,8,55,25492,410,MX,No
3738,987,3,4699.91,2025-04-03,8,36,6967,81,mex,Sí
3739,301,4,5042.69,2025-01-30,10,26,16730,2608,mex,Sí
3740,477,2,4336.63,2024-11-04,6,33,11252,562,mex,Sí
3741,737,1,4607.19,2024-09-24,10,36,34108,515,MX,Sí
3742,187,4,249.0,2024-04-09,9,44,16569,1990,México,No
3743,811,2,1179.5,2024-03-26,2,39,14665,1670,mex,Sí
3744,434,2,2702.24,2024-11-28,8,34,37937,2827,USA,Sí
3745,691,1,2640.85,2024-05-28,10,25,23287,144,México,Sí
3746,766,5,2061.87,2024-04-28,10,54,49621,588,mex,Sí
3747,276,1,2983.93,2025-02-18,4,34,21112,384,mex,Sí
3748,487,1,3705.32,2024-11-16,1,39,49318,1823,mex,Sí
3749,218,4,3698.28,2025-01-21,7,42,5394,308,MX,Sí
3750,173,2,3026.34,2025-03-11,6,40,30127,2270,MX,Sí
3751,315,3,3614.76,2024-02-22,4,31,32200,1575,USA,Sí
3752,663,5,4816.35,2025-03-09,5,63,43037,480,MX,Sí
3753,792,3,4184.28,2025-03-02,8,37,44106,2958,mex,Sí
3754,414,3,4893.14,2024-11-12,3,36,49576,301,México,Sí
3755,455,1,4052.19,2024-07-24,7,30,24902,2029,USA,Sí
3756,146,2,1397.64,2024-09-03,7,32,31556,2673,USA,Sí
3757,833,1,289.68,2025-04-16,6,49,32532,741,mex,No
3758,133,3,1098.2,2024-11-24,7,31,34375,2946,mex,Sí
3759,359,3,2900.03,2024-07-13,3,36,14279,394,MX,Sí
3760,115,2,4139.76,2025-04-29,4,38,17096,1181,mex,Sí
3761,132,1,4888.39,2025-01-31,1,19,23762,338,mex,Sí
3762,938,3,2863.73,2024-07-18,4,23,9769,868,México,Sí
3763,407,4,4579.03,2024-03-25,2,49,46150,1562,USA,Sí
3764,234,2,1638.24,2024-09-20,7,59,8383,763,México,Sí
3765,865,1,2143.78,2024-09-12,3,50,15662,1129,mex,Sí
3766,956,5,2440.82,2025-01-30,6,47,23801,1725,mex,Sí
3767,320,4,2717.26,2024-12-18,10,25,23077,1179,USA,Sí
3768,573,5,3296.63,2024-12-20,6,56,19669,2269,USA,Sí
3769,882,3,691.37,2025-05-14,7,41,19372,2065,MX,Sí
3770,167,3,2134.23,2024-09-06,3,43,49671,709,México,Sí
3771,771,5,3440.79,2024-08-08,2,40,34781,745,México,Sí
3772,571,1,4995.97,2024-10-31,1,18,36294,2972,USA,Sí
3773,609,3,1394.38,2024-10-09,1,47,38145,933,mex,Sí
3774,445,5,1142.44,2024-08-22,7,28,46120,2380,MX,Sí
3775,154,2,4708.03,2025-05-09,2,27,12894,901,México,Sí
3776,807,3,177.43,2024-12-14,5,40,25013,1521,México,No
3777,975,4,1102.62,2024-03-28,3,49,32624,1532,MX,Sí
3778,710,4,1694.39,2024-11-08,2,24,19043,149,USA,Sí
3779,837,4,4736.67,2024-11-20,5,49,27114,1852,USA,Sí
3780,313,5,3306.54,2024-11-15,3,61,33352,1749,USA,Sí
3781,368,4,4591.34,2024-05-09,6,62,12018,1685,mex,Sí
3782,183,4,2185.43,2025-03-31,3,44,24036,654,USA,Sí
3783,689,3,1269.71,2025-03-22,8,55,25492,410,MX,Sí
3784,103,5,207.15,2024-12-31,6,28,6225,1183,USA,No
3785,652,2,461.04,2024-05-08,1,34,41797,2639,USA,Sí
3786,475,5,3151.52,2024-03-29,1,54,37696,1604,MX,Sí
3787,648,5,4910.4,2025-05-05,10,60,17397,2430,MX,Sí
3788,995,1,468.76,2024-07-07,7,51,28177,31,México,Sí
3789,133,2,1650.23,2025-01-05,8,31,34375,2946,mex,Sí
3790,544,2,3625.86,2025-03-05,2,47,25448,2633,USA,Sí
3791,234,2,589.99,2024-10-30,8,59,8383,763,México,Sí
3792,761,3,2600.98,2025-04-05,1,28,30927,2244,MX,Sí
3793,648,5,1531.2,2024-01-03,2,60,17397,2430,MX,Sí
3794,717,1,4938.29,2025-03-09,5,55,16189,2919,MX,Sí
3795,472,5,341.3,2024-12-21,4,60,24479,2135,mex,Sí
3796,799,4,1861.82,2024-10-24,9,48,36992,451,México,Sí
3797,701,4,1702.83,2024-11-22,3,40,28671,1506,USA,Sí
3798,450,1,2699.2,2024-04-25,6,20,10584,1518,México,Sí
3799,207,5,987.7,2024-04-15,5,47,8948,1169,USA,Sí
3800,846,4,4401.8,2024-06-16,1,33,13935,2584,mex,Sí
3801,395,3,1096.13,2024-12-31,1,37,47861,99,USA,Sí
3802,937,3,611.21,2025-02-13,8,41,13834,2821,MX,Sí
3803,388,2,3624.8,2024-10-11,8,38,47858,1486,USA,Sí
3804,830,5,1504.34,2024-11-05,3,48,12652,280,México,Sí
3805,330,4,1531.01,2024-11-17,4,63,6658,2786,USA,Sí
3806,715,3,1131.06,2024-12-26,10,41,40761,933,mex,Sí
3807,640,1,4731.45,2024-04-28,4,25,28342,1552,mex,Sí
3808,271,5,2491.34,2024-01-03,6,33,33579,2979,mex,Sí
3809,797,2,3435.05,2025-01-27,9,23,34102,2264,USA,Sí
3810,194,5,4754.22,2024-03-16,10,24,26286,356,MX,Sí
3811,269,1,1202.78,2024-12-03,7,58,42786,2218,USA,Sí
3812,456,5,2271.56,2024-08-09,9,56,41711,1577,mex,Sí
3813,162,4,1732.73,2024-10-04,8,35,28502,38,USA,Sí
3814,262,3,2229.52,2024-07-15,7,44,10318,2926,USA,Sí
3815,180,3,932.96,2024-07-26,6,58,27973,774,México,Sí
3816,539,5,2799.83,2024-06-18,1,23,31722,2119,mex,Sí
3817,305,5,1484.41,2024-08-13,4,21,15689,1136,MX,Sí
3818,647,5,2592.71,2025-04-16,2,27,15365,2932,México,Sí
3819,188,5,1981.53,2024-03-02,5,50,16731,188,mex,Sí
3820,921,1,1176.8,2024-10-01,1,53,38307,815,MX,Sí
3821,738,2,2722.86,2024-12-03,8,47,35774,95,USA,Sí
3822,848,5,3711.42,2024-03-03,5,54,43349,484,mex,Sí
3823,779,3,1145.79,2024-10-29,4,62,44279,2204,México,Sí
3824,136,1,1617.49,2024-06-02,6,64,38475,1183,MX,Sí
3825,143,3,814.24,2024-07-11,5,37,26479,2663,mex,Sí
3826,277,3,1398.46,2024-11-12,4,57,37090,363,México,Sí
3827,874,2,3323.25,2024-09-23,7,54,14189,1204,mex,Sí
3828,898,2,415.71,2024-06-11,5,56,46822,381,USA,Sí
3829,134,5,4078.03,2024-02-08,10,18,7001,3000,México,Sí
3830,629,1,2523.31,2024-06-07,2,25,30839,2063,MX,Sí
3831,607,3,4372.58,2025-01-29,4,49,21304,2368,USA,Sí
3832,433,5,4835.48,2024-06-20,9,20,26707,1417,México,Sí
3833,276,3,3245.37,2025-03-05,4,34,21112,384,mex,Sí
3834,374,2,353.47,2024-02-29,5,32,5280,2398,USA,Sí
3835,729,2,1198.93,2024-06-24,1,65,25160,2559,USA,Sí
3836,353,2,983.05,2024-06-06,1,47,23622,1524,México,Sí
3837,206,3,2112.51,2024-07-20,8,46,25056,2521,mex,Sí
3838,702,1,524.52,2024-07-25,8,28,17381,982,México,Sí
3839,690,5,3783.21,2025-03-28,3,32,22424,1901,México,Sí
3840,733,4,1220.33,2024-03-22,2,49,30426,2645,mex,Sí
3841,160,1,4110.62,2024-01-27,9,44,47669,2237,USA,Sí
3842,975,2,76.02,2025-03-12,4,49,32624,1532,MX,No
3843,203,3,1694.68,2024-01-21,3,40,31161,36,USA,Sí
3844,966,1,4636.74,2024-02-22,8,57,38333,362,mex,Sí
3845,578,2,835.72,2025-01-02,3,59,36612,2456,USA,Sí
3846,833,3,4401.66,2025-04-26,3,49,32532,741,mex,Sí
3847,204,5,2824.51,2025-02-19,5,38,49066,2418,USA,Sí
3848,975,2,5000.13,2025-02-06,1,49,32624,1532,MX,Sí
3849,890,2,2279.19,2024-10-16,6,54,38701,2597,mex,Sí
3850,159,4,226.06,2024-04-28,1,48,35024,1989,MX,No
3851,702,1,3051.31,2024-11-13,4,28,17381,982,México,Sí
3852,978,4,4203.55,2025-03-24,10,50,22797,2515,mex,Sí
3853,361,3,2217.38,2025-01-27,7,34,26293,555,MX,Sí
3854,790,5,2625.17,2024-12-08,9,39,39752,1946,mex,Sí
3855,408,1,1744.92,2024-08-25,4,32,30883,895,MX,Sí
3856,437,4,4290.06,2025-03-04,8,33,38329,546,MX,Sí
3857,201,2,2272.76,2024-03-17,5,33,48192,2392,MX,Sí
3858,716,1,3292.43,2025-02-13,2,46,43435,2224,USA,Sí
3859,377,1,2496.8,2024-04-08,6,30,20055,902,MX,Sí
3860,100,3,1176.91,2025-01-30,3,39,46401,2892,mex,Sí
3861,130,2,2668.46,2024-11-17,7,62,27659,752,MX,Sí
3862,358,3,3441.53,2025-03-09,3,22,25474,1452,MX,Sí
3863,907,3,1276.54,2024-08-20,6,62,48748,2939,USA,Sí
3864,582,5,58.25,2024-05-01,3,41,5865,1143,mex,No
3865,384,5,4163.47,2024-05-05,8,23,48818,2104,mex,Sí
3866,257,3,415.0,2025-02-06,9,49,40490,1784,mex,Sí
3867,668,4,3849.61,2024-10-29,8,52,6535,137,MX,Sí
3868,933,2,783.89,2024-10-16,5,28,5541,214,USA,Sí
3869,575,2,4225.79,2024-06-10,2,54,44615,1842,MX,Sí
3870,625,3,1001.29,2024-04-02,4,58,29578,1240,México,Sí
3871,306,1,3479.76,2024-04-12,10,29,19184,2093,USA,Sí
3872,308,2,2788.29,2025-05-11,4,31,9854,2131,México,Sí
3873,670,2,598.48,2025-04-15,4,20,45307,2822,México,Sí
3874,156,1,3647.43,2024-01-27,2,61,9507,730,México,Sí
3875,434,3,2979.86,2024-06-03,8,34,37937,2827,USA,Sí
3876,112,4,2423.25,2024-05-12,9,59,39523,1788,MX,Sí
3877,720,4,3642.58,2024-06-09,5,61,35046,2192,USA,Sí
3878,353,1,2408.0,2024-03-24,5,47,23622,1524,México,Sí
3879,645,4,106.19,2025-01-14,8,44,8806,2526,MX,No
3880,564,2,4936.43,2025-04-30,10,24,44347,1317,MX,Sí
3881,739,4,3884.98,2024-09-04,2,54,48658,39,mex,Sí
3882,445,2,4247.45,2024-01-02,5,28,46120,2380,MX,Sí
3883,521,5,4393.59,2025-01-24,3,65,18750,1866,mex,Sí
3884,212,4,1858.68,2024-10-10,8,21,35974,1658,MX,Sí
3885,126,5,2365.44,2024-10-19,6,59,16735,992,USA,Sí
3886,924,5,820.66,2025-02-18,7,22,43638,2734,mex,Sí
3887,917,3,4120.12,2024-09-29,3,28,49992,707,MX,Sí
3888,817,1,1204.54,2025-01-25,3,50,19625,1879,USA,Sí
3889,754,5,3960.49,2025-04-11,4,44,26745,1238,mex,Sí
3890,804,5,2467.8,2024-09-16,2,38,21957,482,MX,Sí
3891,235,2,1061.37,2024-01-10,5,36,31241,1944,mex,Sí
3892,432,2,4288.5,2024-02-02,8,49,32424,2293,MX,Sí
3893,753,2,1079.8,2024-04-09,4,64,44009,2589,USA,Sí
3894,365,2,4055.74,2025-05-12,6,58,34656,2564,USA,Sí
3895,886,4,3276.14,2024-05-13,4,28,21719,980,MX,Sí
3896,262,4,212.9,2024-01-10,10,44,10318,2926,USA,No
3897,925,4,1375.42,2024-09-14,8,33,42169,2564,MX,Sí
3898,418,3,462.26,2024-03-04,4,58,29443,2674,México,Sí
3899,589,3,1051.88,2024-05-31,10,24,33899,258,USA,Sí
3900,679,3,2648.3,2024-03-04,1,23,49058,899,mex,Sí
3901,997,4,4081.93,2025-01-11,4,19,39370,1117,mex,Sí
3902,522,2,763.41,2025-01-26,5,47,9778,2584,México,Sí
3903,173,5,2564.51,2024-11-29,9,40,30127,2270,MX,Sí
3904,199,1,595.85,2024-05-20,1,43,8007,1792,USA,Sí
3905,590,3,4151.76,2024-11-10,7,25,37181,1698,USA,Sí
3906,580,4,2512.16,2024-10-29,6,53,27930,2884,MX,Sí
3907,925,5,5014.54,2024-02-28,7,33,42169,2564,MX,Sí
3908,712,3,4433.46,2024-11-12,6,33,46042,572,USA,Sí
3909,788,2,4271.67,2024-09-25,2,42,47622,1242,México,Sí
3910,251,2,1838.15,2024-12-01,3,23,22344,107,USA,Sí
3911,448,1,1700.53,2024-06-26,8,53,48456,2056,USA,Sí
3912,867,5,57.17,2024-05-16,4,56,26275,869,MX,No
3913,969,4,4540.87,2024-04-16,4,48,47288,2524,mex,Sí
3914,307,1,2349.63,2024-04-14,7,63,17467,2005,mex,Sí
3915,716,3,727.13,2024-06-30,5,46,43435,2224,USA,Sí
3916,965,3,5009.41,2024-04-27,2,18,46059,551,México,Sí
3917,347,4,633.14,2024-04-19,8,45,7252,2214,MX,Sí
3918,145,1,51.61,2025-03-31,6,45,48995,580,mex,No
3919,115,3,723.1,2024-06-29,5,38,17096,1181,mex,Sí
3920,940,3,2475.36,2024-01-27,9,47,36993,2282,MX,Sí
3921,917,1,3894.1,2024-10-01,5,28,49992,707,MX,Sí
3922,577,2,734.24,2024-11-19,9,50,10991,2299,mex,Sí
3923,282,3,182.09,2024-10-02,7,32,7721,2037,mex,No
3924,747,3,3609.74,2025-02-22,1,22,33136,1663,USA,Sí
3925,774,3,3564.77,2025-01-06,7,55,40030,1635,México,Sí
3926,836,2,4317.78,2024-08-29,9,31,8998,2844,mex,Sí
3927,835,3,936.42,2024-06-03,1,30,5366,277,México,Sí
3928,235,4,442.66,2024-05-17,2,36,31241,1944,mex,Sí
3929,868,5,3821.59,2024-04-01,7,60,14635,2043,USA,Sí
3930,724,3,2727.16,2024-02-23,10,29,6289,1870,USA,Sí
3931,404,5,2365.17,2024-11-09,8,29,13871,2788,MX,Sí
3932,882,1,4376.55,2024-01-22,7,41,19372,2065,MX,Sí
3933,961,5,4118.8,2024-05-08,9,57,17122,1259,México,Sí
3934,494,4,180.87,2024-03-03,6,63,33640,532,México,No
3935,431,1,4371.51,2025-01-05,2,39,22227,917,USA,Sí
3936,391,2,2475.96,2024-10-03,4,45,36057,1667,mex,Sí
3937,886,3,3209.87,2025-02-07,2,28,21719,980,MX,Sí
3938,361,1,1348.3,2024-04-19,4,34,26293,555,MX,Sí
3939,924,4,2195.53,2024-04-29,10,22,43638,2734,mex,Sí
3940,857,3,4213.71,2025-01-09,3,44,43295,1344,mex,Sí
3941,988,1,159.34,2024-09-16,6,50,16699,1012,USA,No
3942,174,5,4543.21,2024-01-03,4,51,18963,1867,mex,Sí
3943,679,2,971.05,2024-05-05,8,23,49058,899,mex,Sí
3944,791,4,1751.09,2024-09-13,6,45,47580,765,México,Sí
3945,274,2,338.92,2024-06-01,4,46,32023,2591,USA,Sí
3946,872,2,2844.66,2024-02-27,9,63,43730,1526,mex,Sí
3947,214,5,1969.3,2024-01-31,2,20,20086,1071,MX,Sí
3948,617,3,1912.94,2024-10-29,10,51,9947,1279,USA,Sí
3949,750,5,1493.64,2025-01-19,10,56,40215,2870,mex,Sí
3950,633,1,1718.63,2024-10-27,1,19,45077,843,USA,Sí
3951,313,1,481.12,2025-04-21,6,61,33352,1749,USA,Sí
3952,699,5,468.07,2025-04-29,6,64,40863,547,México,Sí
3953,151,3,1935.27,2024-06-26,7,33,44852,468,MX,Sí
3954,243,5,4230.45,2024-10-22,5,23,48734,2399,México,Sí
3955,523,1,3098.77,2024-01-19,4,28,35564,2650,mex,Sí
3956,694,2,1138.25,2024-07-03,2,29,28813,2844,MX,Sí
3957,866,4,4362.33,2024-05-10,8,59,24460,2363,México,Sí
3958,839,5,1289.38,2024-07-25,4,20,23816,2706,USA,Sí
3959,419,5,240.92,2024-12-30,6,29,21061,1431,USA,No
3960,509,4,492.97,2024-07-04,6,41,45104,375,México,Sí
3961,845,2,2035.78,2025-03-04,1,19,32257,587,USA,Sí
3962,904,1,1430.97,2025-02-06,3,39,24753,1968,mex,Sí
3963,627,2,4429.77,2024-07-18,4,30,27847,880,MX,Sí
3964,692,1,4629.23,2024-01-23,5,58,5956,838,México,Sí
3965,309,4,132.7,2025-03-03,3,41,28364,1206,USA,No
3966,599,1,4282.93,2025-04-08,1,42,10859,2455,USA,Sí
3967,717,1,3523.88,2024-01-12,1,55,16189,2919,MX,Sí
3968,160,2,416.32,2024-10-27,8,44,47669,2237,USA,Sí
3969,225,2,1214.96,2024-03-28,2,20,32631,2520,USA,Sí
3970,404,1,4349.4,2025-01-22,3,29,13871,2788,MX,Sí
3971,226,5,3575.53,2024-01-25,2,62,7997,1327,mex,Sí
3972,551,1,456.06,2024-01-28,1,62,42177,1115,MX,Sí
3973,997,5,2285.96,2024-10-13,6,19,39370,1117,mex,Sí
3974,906,5,4423.18,2024-11-13,6,38,43454,1110,MX,Sí
3975,864,3,2157.84,2024-06-12,4,26,43680,2987,USA,Sí
3976,867,1,1436.62,2025-03-18,6,56,26275,869,MX,Sí
3977,363,4,3107.75,2025-04-26,10,40,44677,1424,MX,Sí
3978,114,1,3281.97,2025-02-11,2,61,45187,1455,mex,Sí
3979,296,4,4174.02,2024-01-18,8,56,42733,1693,mex,Sí
3980,471,5,2609.28,2024-12-21,1,31,38686,1054,MX,Sí
3981,950,4,2847.78,2025-01-15,2,29,19325,1431,MX,Sí
3982,422,3,4874.84,2024-10-26,2,62,13156,279,México,Sí
3983,751,2,1821.66,2025-03-04,3,55,5270,2914,MX,Sí
3984,566,5,810.5,2025-04-12,3,34,14738,68,México,Sí
3985,368,5,1277.31,2025-01-06,10,62,12018,1685,mex,Sí
3986,705,3,527.71,2024-04-14,8,46,42823,2402,MX,Sí
3987,249,3,1438.52,2024-12-27,8,32,48257,2112,MX,Sí
3988,758,2,2026.79,2024-01-12,10,25,6784,1757,México,Sí
3989,615,1,3399.07,2024-02-28,6,37,17547,2162,mex,Sí
3990,571,5,4574.02,2025-02-22,5,18,36294,2972,USA,Sí
3991,874,5,4148.6,2024-08-16,9,54,14189,1204,mex,Sí
3992,778,2,1151.57,2024-04-15,4,48,32231,479,México,Sí
3993,416,3,3900.4,2024-03-19,5,37,16940,2567,México,Sí
3994,892,5,1710.13,2024-12-03,4,45,14026,1634,mex,Sí
3995,890,2,3091.7,2024-05-27,7,54,38701,2597,mex,Sí
3996,444,5,3141.07,2024-04-25,3,59,48591,2080,USA,Sí
3997,815,1,239.82,2025-04-12,6,48,43440,478,MX,No
3998,108,2,3901.41,2025-01-20,6,59,25543,2000,USA,Sí
3999,473,3,4761.06,2024-07-18,2,49,16476,489,USA,Sí
4000,676,4,2972.22,2025-02-13,4,49,30814,2373,USA,Sí
4001,311,1,541.55,2024-01-05,8,39,25720,986,México,Sí
4002,766,3,4987.91,2024-11-01,1,54,49621,588,mex,Sí
4003,682,5,4014.15,2024-03-02,3,34,12822,196,MX,Sí
4004,836,2,2253.46,2024-02-02,1,31,8998,2844,mex,Sí
4005,855,1,1862.57,2024-05-21,4,42,21044,1684,México,Sí
4006,818,1,3157.27,2024-02-18,7,28,20814,732,MX,Sí
4007,830,1,2814.58,2024-03-26,2,48,12652,280,México,Sí
4008,530,4,2738.1,2024-06-01,10,32,46606,2841,mex,Sí
4009,686,3,3209.86,2024-10-30,2,32,33891,2437,México,Sí
4010,904,1,2638.62,2024-08-22,8,39,24753,1968,mex,Sí
4011,587,2,424.04,2024-06-26,6,39,9302,743,mex,Sí
4012,702,4,2718.39,2024-09-28,2,28,17381,982,México,Sí
4013,947,2,5032.44,2025-03-21,5,46,23243,2966,mex,Sí
4014,675,5,733.09,2024-05-05,9,58,5439,2797,México,Sí
4015,508,4,1879.07,2024-10-23,9,20,30758,327,USA,Sí
4016,607,2,1938.11,2024-05-03,1,49,21304,2368,USA,Sí
4017,778,3,544.73,2024-02-09,1,48,32231,479,México,Sí
4018,331,5,971.3,2025-04-18,2,37,15430,2177,México,Sí
4019,159,4,3747.91,2024-06-16,5,48,35024,1989,MX,Sí
4020,342,5,591.68,2024-10-22,7,64,8378,1254,USA,Sí
4021,450,1,436.44,2024-04-29,10,20,10584,1518,México,Sí
4022,186,3,3427.25,2024-10-26,10,32,42941,2872,MX,Sí
4023,142,2,2594.1,2024-10-03,3,20,16788,1802,MX,Sí
4024,590,1,1925.37,2025-03-10,3,25,37181,1698,USA,Sí
4025,545,5,3008.88,2024-09-12,8,51,18201,206,México,Sí
4026,447,3,3686.64,2025-03-28,4,43,29367,2251,MX,Sí
4027,107,1,86.71,2024-01-09,1,54,29036,356,USA,No
4028,348,1,495.17,2025-03-23,3,58,19758,1081,MX,Sí
4029,412,1,2751.66,2024-06-25,2,19,23465,1787,mex,Sí
4030,693,5,1816.42,2024-03-24,8,39,10596,435,USA,Sí
4031,445,3,4010.59,2024-04-06,6,28,46120,2380,MX,Sí
4032,444,1,2685.78,2024-04-25,6,59,48591,2080,USA,Sí
4033,249,1,404.61,2024-01-07,9,32,48257,2112,MX,Sí
4034,319,4,2607.78,2024-11-01,6,23,22875,738,USA,Sí
4035,801,2,1603.75,2024-10-08,9,23,12043,1760,mex,Sí
4036,768,1,290.09,2024-02-06,3,46,42961,2893,USA,No
4037,904,4,1621.51,2024-03-28,10,39,24753,1968,mex,Sí
4038,218,5,4690.97,2024-01-24,5,42,5394,308,MX,Sí
4039,201,2,3607.61,2025-04-09,6,33,48192,2392,MX,Sí
4040,777,2,4766.74,2025-05-13,2,28,37563,2208,USA,Sí
4041,786,2,2738.17,2024-10-22,4,24,40823,511,mex,Sí
4042,957,4,3926.77,2024-12-14,2,46,38480,2980,MX,Sí
4043,728,1,62.28,2025-04-21,8,55,18490,1228,mex,No
4044,942,3,1104.07,2025-02-25,6,26,9637,2119,MX,Sí
4045,428,1,1823.33,2024-09-08,5,58,17802,2818,mex,Sí
4046,783,3,4574.91,2024-04-17,4,19,21000,2674,México,Sí
4047,222,4,3366.83,2024-08-24,4,60,21725,1688,MX,Sí
4048,517,1,2829.6,2024-04-15,4,24,23829,2455,México,Sí
4049,369,2,3976.01,2025-04-03,3,47,33542,2757,MX,Sí
4050,447,2,472.65,2024-12-04,2,43,29367,2251,MX,Sí
4051,667,4,4444.74,2024-03-07,1,18,22747,1138,MX,Sí
4052,768,4,4593.21,2024-11-26,6,46,42961,2893,USA,Sí
4053,934,5,3358.82,2024-11-17,3,31,6023,2845,MX,Sí
4054,293,2,1565.52,2024-06-22,9,27,41519,2054,USA,Sí
4055,165,5,1399.49,2024-11-24,5,18,5714,299,MX,Sí
4056,448,3,2275.79,2024-11-27,10,53,48456,2056,USA,Sí
4057,904,3,162.85,2024-09-02,4,39,24753,1968,mex,No
4058,504,1,637.28,2024-06-03,2,65,33636,2026,USA,Sí
4059,125,3,3869.92,2024-02-25,3,64,44687,2772,USA,Sí
4060,968,1,1722.64,2024-09-24,7,21,28535,1179,MX,Sí
4061,791,5,3957.18,2024-08-15,10,45,47580,765,México,Sí
4062,356,4,1695.35,2025-01-02,7,35,32064,1740,USA,Sí
4063,294,1,2494.09,2024-06-30,4,21,5565,1288,México,Sí
4064,682,1,260.83,2024-11-05,10,34,12822,196,MX,No
4065,999,1,2113.25,2025-02-12,9,42,18315,2021,mex,Sí
4066,799,2,2114.35,2024-01-10,9,48,36992,451,México,Sí
4067,283,3,3592.6,2024-03-16,7,47,32971,154,mex,Sí
4068,720,3,3743.26,2024-01-05,9,61,35046,2192,USA,Sí
4069,214,1,1750.86,2024-05-13,4,20,20086,1071,MX,Sí
4070,794,5,1362.3,2024-10-09,1,41,33754,2651,México,Sí
4071,552,2,2390.26,2024-03-18,4,27,20511,1318,MX,Sí
4072,430,4,3041.11,2025-01-20,1,52,13669,298,MX,Sí
4073,979,4,3259.15,2024-02-02,4,33,14416,1590,MX,Sí
4074,806,4,1699.49,2024-08-07,3,36,9398,1489,USA,Sí
4075,743,5,3219.04,2024-05-30,7,53,32688,1473,MX,Sí
4076,214,5,3559.13,2024-01-30,2,20,20086,1071,MX,Sí
4077,796,2,938.3,2025-05-09,5,29,8156,1516,MX,Sí
4078,166,1,2577.33,2024-02-15,10,40,18855,498,mex,Sí
4079,489,2,2000.31,2025-04-14,6,19,10346,2204,México,Sí
4080,808,2,2621.18,2024-08-10,7,50,19786,1403,USA,Sí
4081,181,2,3614.76,2024-07-05,8,35,13328,551,MX,Sí
4082,574,3,3270.91,2025-03-19,5,56,10434,1204,México,Sí
4083,853,4,4654.23,2024-09-29,10,18,38119,2702,USA,Sí
4084,271,1,3610.24,2024-07-13,9,33,33579,2979,mex,Sí
4085,905,1,2583.38,2024-07-27,6,62,38493,2849,México,Sí
4086,624,2,1640.12,2025-04-20,8,65,38506,963,México,Sí
4087,219,2,4871.85,2024-01-03,2,41,34876,2688,MX,Sí
4088,678,5,874.95,2024-07-03,4,27,11370,2936,mex,Sí
4089,684,1,144.85,2024-09-14,6,53,12406,1882,USA,No
4090,124,3,4496.49,2024-11-27,7,55,10578,1128,USA,Sí
4091,340,2,573.5,2024-07-08,6,57,31090,1657,USA,Sí
4092,798,1,1716.54,2024-05-14,4,18,11536,114,México,Sí
4093,934,3,991.46,2024-03-20,3,31,6023,2845,MX,Sí
4094,724,4,3729.93,2024-07-14,8,29,6289,1870,USA,Sí
4095,589,3,4177.52,2024-11-22,8,24,33899,258,USA,Sí
4096,983,3,3923.81,2024-05-01,9,43,38115,2324,mex,Sí
4097,732,5,937.44,2024-06-06,1,55,19096,2362,mex,Sí
4098,354,2,2692.63,2025-02-12,5,19,8331,2173,mex,Sí
4099,137,4,2285.8,2024-02-15,2,23,21119,139,México,Sí
4100,382,2,692.64,2024-01-01,7,62,31629,2967,mex,Sí
4101,191,4,4643.01,2024-11-25,6,21,30465,775,mex,Sí
4102,745,5,3585.91,2024-11-05,10,49,33926,208,USA,Sí
4103,121,1,4416.76,2025-02-04,4,49,22929,615,USA,Sí
4104,552,2,1792.92,2024-11-10,1,27,20511,1318,MX,Sí
4105,649,4,4741.85,2024-08-02,4,28,45523,2996,mex,Sí
4106,443,5,2000.2,2024-04-24,10,26,29727,1400,USA,Sí
4107,258,5,1476.52,2024-09-26,9,20,32647,1773,MX,Sí
4108,615,2,264.1,2024-03-19,7,37,17547,2162,mex,No
4109,821,1,4210.4,2024-01-09,6,19,14563,863,MX,Sí
4110,908,4,4617.85,2024-07-20,3,25,28664,670,México,Sí
4111,239,5,1645.95,2024-12-28,7,48,14581,2684,MX,Sí
4112,258,5,4084.97,2024-08-05,8,20,32647,1773,MX,Sí
4113,510,1,3818.57,2024-12-13,3,35,7385,2489,MX,Sí
4114,994,2,3193.77,2024-03-29,10,39,28542,979,mex,Sí
4115,519,2,1349.13,2024-06-01,8,38,25610,2426,mex,Sí
4116,819,4,2331.95,2025-04-29,5,32,40078,2369,USA,Sí
4117,514,5,239.5,2024-09-25,6,59,22221,1556,México,No
4118,329,3,55.86,2024-06-22,8,20,42290,1260,MX,No
4119,651,5,2644.16,2025-05-05,4,46,45390,1266,México,Sí
4120,801,5,5018.8,2024-07-03,9,23,12043,1760,mex,Sí
4121,291,3,3643.52,2024-03-30,8,43,10254,1322,USA,Sí
4122,252,4,3075.59,2024-03-19,10,48,31771,1997,México,Sí
4123,446,1,4573.41,2024-08-31,8,34,46564,2492,mex,Sí
4124,230,3,1860.19,2024-03-07,6,22,17157,985,USA,Sí
4125,543,4,891.27,2024-11-22,8,54,46083,1915,MX,Sí
4126,861,5,1053.91,2024-03-21,2,59,14790,2894,México,Sí
4127,559,5,1382.27,2024-08-14,5,46,40529,764,USA,Sí
4128,967,3,1206.27,2025-03-17,8,18,17752,41,MX,Sí
4129,966,4,1812.54,2025-02-12,1,57,38333,362,mex,Sí
4130,720,2,3817.94,2024-12-02,2,61,35046,2192,USA,Sí
4131,571,2,4463.69,2024-09-27,1,18,36294,2972,USA,Sí
4132,705,1,4630.37,2024-01-10,4,46,42823,2402,MX,Sí
4133,709,2,3567.03,2024-08-25,3,32,5394,54,México,Sí
4134,914,4,4645.25,2024-07-26,4,58,30747,2582,México,Sí
4135,403,4,3408.38,2024-03-15,8,30,11716,134,México,Sí
4136,276,4,2011.79,2024-10-13,7,34,21112,384,mex,Sí
4137,747,3,2599.78,2025-04-19,3,22,33136,1663,USA,Sí
4138,307,3,4262.0,2024-12-11,10,63,17467,2005,mex,Sí
4139,613,1,3154.95,2025-03-28,7,50,45618,283,mex,Sí
4140,640,1,1334.22,2024-05-04,5,25,28342,1552,mex,Sí
4141,677,4,4768.68,2024-07-17,2,29,37285,810,MX,Sí
4142,629,3,3038.23,2024-10-12,1,25,30839,2063,MX,Sí
4143,637,4,1057.43,2024-11-02,5,61,24975,895,MX,Sí
4144,501,5,4875.44,2024-05-01,4,27,29698,686,MX,Sí
4145,892,3,2767.58,2024-07-22,4,45,14026,1634,mex,Sí
4146,802,4,904.89,2025-01-08,3,57,24240,2477,MX,Sí
4147,898,4,639.44,2024-06-10,3,56,46822,381,USA,Sí
4148,395,5,1731.77,2024-02-14,5,37,47861,99,USA,Sí
4149,918,2,2430.79,2024-11-25,9,41,15225,1712,USA,Sí
4150,409,1,3050.05,2024-11-06,4,63,49720,188,MX,Sí
4151,711,3,1590.54,2024-03-07,8,42,47447,92,mex,Sí
4152,377,2,3329.35,2024-06-14,7,30,20055,902,MX,Sí
4153,503,1,2737.14,2024-03-19,2,37,33100,892,USA,Sí
4154,467,3,1706.77,2024-03-02,7,43,45424,42,México,Sí
4155,775,5,809.79,2024-02-28,2,50,7222,1379,USA,Sí
4156,368,1,3144.67,2025-01-27,1,62,12018,1685,mex,Sí
4157,103,5,54.67,2024-10-25,10,28,6225,1183,USA,No
4158,211,4,4938.28,2025-03-15,5,37,17993,2396,MX,Sí
4159,702,5,4124.9,2024-03-31,5,28,17381,982,México,Sí
4160,770,2,2683.38,2024-10-15,4,38,42260,241,mex,Sí
4161,810,1,4080.75,2025-04-08,3,57,22688,120,MX,Sí
4162,356,4,492.23,2024-02-07,2,35,32064,1740,USA,Sí
4163,395,2,2869.36,2025-03-20,8,37,47861,99,USA,Sí
4164,205,2,1149.02,2024-03-19,2,49,12301,1419,México,Sí
4165,222,2,1005.78,2025-05-12,5,60,21725,1688,MX,Sí
4166,123,5,2758.05,2025-04-12,1,29,24120,2911,MX,Sí
4167,519,1,2172.35,2024-11-10,9,38,25610,2426,mex,Sí
4168,533,4,2459.51,2024-01-27,9,18,9775,18,MX,Sí
4169,959,2,3343.74,2024-07-08,10,65,23767,1312,MX,Sí
4170,524,3,2804.79,2025-05-02,3,55,24401,1981,mex,Sí
4171,259,2,2986.07,2024-05-12,6,52,7067,2006,mex,Sí
4172,130,3,1335.99,2025-03-11,6,62,27659,752,MX,Sí
4173,360,4,3426.3,2024-05-04,3,24,17632,2218,MX,Sí
4174,419,1,2599.57,2024-04-11,5,29,21061,1431,USA,Sí
4175,851,4,226.05,2024-01-26,2,30,9173,532,mex,No
4176,644,3,180.46,2024-08-01,1,25,28234,188,México,No
4177,988,4,4701.51,2024-06-06,8,50,16699,1012,USA,Sí
4178,985,3,4324.05,2024-10-22,4,34,34761,272,USA,Sí
4179,246,4,3962.97,2025-04-20,5,52,6705,271,México,Sí
4180,249,4,3092.99,2024-03-30,1,32,48257,2112,MX,Sí
4181,816,4,2608.07,2024-04-19,6,60,47101,41,USA,Sí
4182,228,1,3760.31,2024-10-31,9,25,26864,2300,MX,Sí
4183,322,4,1140.66,2024-12-23,10,51,26912,988,mex,Sí
4184,519,3,2166.95,2024-07-30,9,38,25610,2426,mex,Sí
4185,967,2,2524.68,2024-11-17,8,18,17752,41,MX,Sí
4186,760,3,780.27,2024-06-10,2,35,39928,744,mex,Sí
4187,908,5,858.65,2025-03-23,10,25,28664,670,México,Sí
4188,342,2,348.8,2024-03-30,8,64,8378,1254,USA,Sí
4189,121,5,4285.55,2024-05-22,9,49,22929,615,USA,Sí
4190,598,1,4883.49,2024-08-16,4,23,48140,482,USA,Sí
4191,580,3,204.83,2024-10-15,8,53,27930,2884,MX,No
4192,287,4,3887.17,2025-02-05,8,43,40301,2369,mex,Sí
4193,226,3,2253.6,2024-08-31,2,62,7997,1327,mex,Sí
4194,192,1,2930.22,2024-06-23,1,37,29473,2654,MX,Sí
4195,133,1,2905.02,2024-08-10,6,31,34375,2946,mex,Sí
4196,301,3,1316.0,2024-09-12,8,26,16730,2608,mex,Sí
4197,493,5,3631.15,2024-03-22,7,22,18300,1832,USA,Sí
4198,876,2,4602.92,2024-11-23,6,40,17022,1048,USA,Sí
4199,761,1,384.36,2024-03-27,7,28,30927,2244,MX,Sí
4200,806,5,1865.67,2025-05-07,9,36,9398,1489,USA,Sí
4201,300,4,1917.67,2024-01-22,1,63,49018,453,MX,Sí
4202,388,2,3657.71,2024-10-25,9,38,47858,1486,USA,Sí
4203,378,1,2580.16,2024-05-14,9,56,15940,282,mex,Sí
4204,407,2,356.19,2024-11-23,1,49,46150,1562,USA,Sí
4205,538,1,1853.93,2024-06-04,5,58,23479,2218,MX,Sí
4206,482,4,1448.06,2024-05-12,5,41,36320,385,MX,Sí
4207,675,4,3839.72,2024-10-19,7,58,5439,2797,México,Sí
4208,539,3,151.43,2024-11-01,10,23,31722,2119,mex,No
4209,205,4,3756.55,2025-03-01,1,49,12301,1419,México,Sí
4210,628,5,2569.51,2025-04-25,3,21,8137,116,mex,Sí
4211,609,5,631.33,2024-12-12,2,47,38145,933,mex,Sí
4212,539,1,265.46,2025-03-31,5,23,31722,2119,mex,No
4213,455,4,1586.08,2024-08-08,3,30,24902,2029,USA,Sí
4214,177,3,3414.05,2024-10-29,1,44,27745,2614,México,Sí
4215,298,1,3754.94,2024-08-19,1,31,26682,557,México,Sí
4216,177,1,2374.84,2025-03-21,1,44,27745,2614,México,Sí
4217,658,5,3893.92,2024-02-03,1,64,27977,482,MX,Sí
4218,932,3,4893.8,2024-04-09,1,63,22591,1690,USA,Sí
4219,852,5,582.0,2025-01-16,5,64,24482,190,mex,Sí
4220,260,3,2705.71,2024-07-26,5,54,16529,2119,USA,Sí
4221,257,3,2943.13,2024-11-11,5,49,40490,1784,mex,Sí
4222,293,5,2077.51,2024-10-25,8,27,41519,2054,USA,Sí
4223,141,5,2604.06,2025-01-17,3,65,31158,961,USA,Sí
4224,231,5,4600.31,2025-04-15,10,41,5389,2257,mex,Sí
4225,132,2,1120.58,2024-05-18,8,19,23762,338,mex,Sí
4226,913,2,3436.39,2024-10-03,8,64,14325,651,México,Sí
4227,996,4,4829.48,2024-07-25,2,63,24280,336,USA,Sí
4228,766,1,1882.19,2024-08-27,3,54,49621,588,mex,Sí
4229,124,2,1125.02,2024-05-28,9,55,10578,1128,USA,Sí
4230,372,5,488.68,2024-08-08,10,44,7580,2358,México,Sí
4231,437,1,866.47,2024-11-17,8,33,38329,546,MX,Sí
4232,731,2,2740.97,2024-12-18,10,50,29594,1215,MX,Sí
4233,502,3,825.14,2024-05-18,10,61,44395,79,USA,Sí
4234,780,1,4474.08,2024-06-14,1,50,24134,1786,USA,Sí
4235,119,1,2207.09,2025-03-05,1,54,33147,2785,MX,Sí
4236,481,1,1710.4,2024-05-28,5,44,7420,1084,USA,Sí
4237,604,2,4970.63,2025-04-05,7,47,37764,1477,mex,Sí
4238,534,3,4498.18,2024-01-23,6,58,32231,2047,USA,Sí
4239,691,4,398.41,2024-09-19,5,25,23287,144,México,Sí
4240,541,2,3043.49,2024-06-24,10,19,24875,831,mex,Sí
4241,777,5,778.9,2024-02-12,10,28,37563,2208,USA,Sí
4242,730,3,2755.02,2024-02-29,10,56,13499,232,MX,Sí
4243,556,4,2835.43,2025-04-14,1,64,11791,2506,MX,Sí
4244,369,3,1243.43,2025-03-31,9,47,33542,2757,MX,Sí
4245,521,5,3506.48,2025-05-14,10,65,18750,1866,mex,Sí
4246,652,2,3353.1,2024-07-20,1,34,41797,2639,USA,Sí
4247,955,4,2198.49,2024-03-31,7,29,29557,1971,MX,Sí
4248,568,4,1424.37,2024-02-05,6,48,48493,202,México,Sí
4249,510,4,155.25,2024-02-05,3,35,7385,2489,MX,No
4250,331,3,1318.94,2024-01-27,6,37,15430,2177,México,Sí
4251,417,2,1164.49,2024-06-22,1,52,41084,2234,México,Sí
4252,347,1,573.11,2025-04-27,6,45,7252,2214,MX,Sí
4253,708,5,809.39,2024-05-05,9,40,48334,1351,mex,Sí
4254,330,5,3033.46,2024-07-01,1,63,6658,2786,USA,Sí
4255,170,2,1118.57,2024-04-09,4,31,29813,1437,mex,Sí
4256,242,4,1204.49,2025-04-10,10,29,32445,2330,USA,Sí
4257,100,1,3261.69,2025-02-16,2,39,46401,2892,mex,Sí
4258,562,5,1749.01,2025-01-20,9,58,30084,2331,mex,Sí
4259,860,4,647.78,2024-07-21,7,59,17544,95,mex,Sí
4260,214,4,3912.52,2025-04-29,6,20,20086,1071,MX,Sí
4261,768,1,2006.76,2024-10-19,8,46,42961,2893,USA,Sí
4262,989,4,2679.51,2024-09-24,1,39,43694,1095,mex,Sí
4263,877,1,3078.02,2025-03-30,8,20,31522,1326,MX,Sí
4264,936,3,2409.37,2024-01-02,7,45,16295,2189,USA,Sí
4265,994,1,4316.55,2025-01-17,3,39,28542,979,mex,Sí
4266,140,3,4879.99,2024-10-11,10,34,5201,482,USA,Sí
4267,129,2,2520.57,2024-09-14,1,23,11160,1445,USA,Sí
4268,939,2,459.05,2024-05-20,2,30,28226,451,MX,Sí
4269,958,2,3050.3,2024-03-02,9,20,34025,2025,México,Sí
4270,730,1,1100.07,2025-03-07,7,56,13499,232,MX,Sí
4271,844,1,4823.19,2024-09-12,7,49,31393,2156,mex,Sí
4272,936,3,332.91,2024-10-15,8,45,16295,2189,USA,Sí
4273,842,5,2459.12,2024-08-05,8,28,24230,689,México,Sí
4274,425,4,4752.67,2025-03-20,7,56,26085,1994,mex,Sí
4275,488,2,1075.07,2024-03-03,1,20,11911,1012,mex,Sí
4276,714,2,4280.7,2024-02-16,10,58,42442,76,MX,Sí
4277,435,1,1240.07,2025-05-03,2,35,24310,2848,México,Sí
4278,916,1,2336.69,2024-03-30,6,35,10853,305,MX,Sí
4279,163,4,3729.21,2024-06-04,4,21,30877,1104,mex,Sí
4280,811,5,1224.28,2024-07-23,4,39,14665,1670,mex,Sí
4281,540,3,3070.77,2025-01-24,1,59,39690,2249,mex,Sí
4282,150,1,328.61,2024-03-13,6,21,35202,2063,México,Sí
4283,416,1,1948.32,2024-11-14,1,37,16940,2567,México,Sí
4284,393,3,2375.39,2025-03-05,9,65,26867,2067,mex,Sí
4285,927,5,3713.89,2025-04-29,7,56,34210,995,México,Sí
4286,410,4,4220.22,2025-02-28,8,45,22622,22,MX,Sí
4287,231,3,798.24,2024-04-07,6,41,5389,2257,mex,Sí
4288,138,4,340.15,2024-07-08,8,45,16256,1991,USA,Sí
4289,509,1,1202.34,2025-02-01,3,41,45104,375,México,Sí
4290,147,2,4250.93,2024-01-01,5,56,24778,73,México,Sí
4291,492,4,1395.86,2024-04-09,2,45,26748,434,mex,Sí
4292,415,1,4368.84,2025-01-19,3,60,29637,1994,mex,Sí
4293,979,1,3288.5,2025-03-21,6,33,14416,1590,MX,Sí
4294,880,5,2360.85,2025-03-12,10,42,8477,2364,mex,Sí
4295,344,3,1592.19,2024-05-13,5,45,42134,633,USA,Sí
4296,339,1,3238.17,2025-04-08,8,25,17164,1909,USA,Sí
4297,853,1,2855.73,2025-01-16,2,18,38119,2702,USA,Sí
4298,412,2,3782.48,2024-11-25,1,19,23465,1787,mex,Sí
4299,367,2,3661.85,2024-11-17,1,38,27777,1863,USA,Sí
4300,378,3,533.11,2024-05-13,1,56,15940,282,mex,Sí
4301,497,1,4953.39,2024-12-26,7,46,38927,309,mex,Sí
4302,218,4,149.25,2024-01-26,2,42,5394,308,MX,No
4303,830,3,4919.09,2024-07-30,2,48,12652,280,México,Sí
4304,733,5,2841.4,2025-05-10,3,49,30426,2645,mex,Sí
4305,466,2,4175.11,2024-09-05,1,21,46409,1677,México,Sí
4306,607,4,1271.74,2025-03-05,6,49,21304,2368,USA,Sí
4307,321,3,4716.21,2024-02-01,6,19,44705,2324,México,Sí
4308,466,3,827.58,2024-06-24,3,21,46409,1677,México,Sí
4309,468,1,3090.99,2024-09-26,9,56,10655,2117,México,Sí
4310,770,1,1556.43,2024-04-02,1,38,42260,241,mex,Sí
4311,586,4,3074.73,2024-02-14,7,46,47824,359,mex,Sí
4312,899,3,461.57,2025-01-16,6,54,41273,896,MX,Sí
4313,586,1,2099.73,2024-01-16,10,46,47824,359,mex,Sí
4314,571,5,3397.61,2025-02-05,1,18,36294,2972,USA,Sí
4315,676,1,4696.56,2024-03-09,9,49,30814,2373,USA,Sí
4316,160,4,250.28,2024-05-07,2,44,47669,2237,USA,No
4317,126,4,1346.75,2024-05-23,7,59,16735,992,USA,Sí
4318,497,2,4085.26,2024-06-26,4,46,38927,309,mex,Sí
4319,743,3,1946.39,2024-07-10,8,53,32688,1473,MX,Sí
4320,751,2,1656.45,2024-12-20,6,55,5270,2914,MX,Sí
4321,816,2,3735.07,2024-01-05,9,60,47101,41,USA,Sí
4322,247,2,158.95,2024-04-10,10,24,12303,1005,MX,No
4323,187,4,277.9,2024-04-22,10,44,16569,1990,México,No
4324,334,2,4723.9,2024-11-17,5,54,19331,1408,México,Sí
4325,219,3,3679.08,2024-06-26,6,41,34876,2688,MX,Sí
4326,934,5,2178.92,2024-10-28,8,31,6023,2845,MX,Sí
4327,909,2,3334.65,2024-08-23,4,29,24914,2286,USA,Sí
4328,561,3,2582.9,2024-06-01,1,18,11879,2046,MX,Sí
4329,209,3,2913.3,2024-02-19,8,37,20895,1376,MX,Sí
4330,643,4,2921.29,2025-02-23,5,59,49717,665,USA,Sí
4331,878,5,4423.33,2024-12-11,9,48,27583,2663,mex,Sí
4332,185,5,2990.05,2024-01-08,4,32,17191,2728,USA,Sí
4333,569,4,3899.95,2025-02-28,10,40,20433,1559,mex,Sí
4334,218,5,4294.81,2024-12-15,10,42,5394,308,MX,Sí
4335,687,3,610.67,2024-06-07,3,51,13256,1829,mex,Sí
4336,382,5,541.69,2024-02-04,1,62,31629,2967,mex,Sí
4337,119,5,4056.07,2024-02-13,1,54,33147,2785,MX,Sí
4338,889,2,4527.57,2024-10-07,2,44,38312,890,MX,Sí
4339,916,1,984.47,2024-07-13,4,35,10853,305,MX,Sí
4340,789,4,342.24,2024-05-18,3,47,38220,1584,MX,Sí
4341,303,3,4034.4,2024-09-06,2,52,49751,1015,mex,Sí
4342,132,5,1029.18,2024-07-17,4,19,23762,338,mex,Sí
4343,800,4,1133.26,2025-04-21,2,50,40885,2251,México,Sí
4344,741,2,4921.45,2024-04-11,1,47,38425,2486,USA,Sí
4345,870,5,2209.54,2024-03-20,6,19,21362,1259,mex,Sí
4346,135,4,1614.53,2024-09-09,6,25,11953,329,MX,Sí
4347,485,2,2970.01,2025-02-03,3,49,46962,740,mex,Sí
4348,836,2,1883.59,2025-01-04,6,31,8998,2844,mex,Sí
4349,794,1,5029.16,2025-01-31,10,41,33754,2651,México,Sí
4350,568,4,3753.73,2024-12-27,4,48,48493,202,México,Sí
4351,816,4,3112.32,2024-11-27,5,60,47101,41,USA,Sí
4352,447,3,1966.51,2024-07-14,9,43,29367,2251,MX,Sí
4353,860,5,2752.04,2024-05-08,7,59,17544,95,mex,Sí
4354,586,4,4852.49,2024-11-22,4,46,47824,359,mex,Sí
4355,966,4,2123.58,2024-02-15,3,57,38333,362,mex,Sí
4356,816,2,1576.09,2024-09-11,7,60,47101,41,USA,Sí
4357,668,2,2148.01,2024-06-03,3,52,6535,137,MX,Sí
4358,551,4,3777.14,2025-01-23,7,62,42177,1115,MX,Sí
4359,930,4,2763.17,2024-12-28,1,23,46482,2585,MX,Sí
4360,847,1,1287.46,2025-01-31,3,46,44537,333,USA,Sí
4361,779,1,1006.45,2024-12-07,9,62,44279,2204,México,Sí
4362,249,2,111.77,2024-03-18,8,32,48257,2112,MX,No
4363,295,5,3737.65,2024-01-27,1,20,29968,1553,mex,Sí
4364,210,3,4329.43,2025-04-17,2,34,44130,1779,USA,Sí
4365,938,2,1111.32,2024-08-16,7,23,9769,868,México,Sí
4366,868,2,599.21,2024-09-30,5,60,14635,2043,USA,Sí
4367,448,4,2234.91,2024-01-13,9,53,48456,2056,USA,Sí
4368,104,3,4341.44,2024-10-11,3,47,43769,2213,USA,Sí
4369,663,2,3994.94,2025-04-16,4,63,43037,480,MX,Sí
4370,937,3,1017.1,2024-03-28,3,41,13834,2821,MX,Sí
4371,959,5,2898.07,2024-04-03,3,65,23767,1312,MX,Sí
4372,614,1,949.08,2024-06-30,3,18,6911,2546,USA,Sí
4373,340,3,4105.74,2024-09-01,1,57,31090,1657,USA,Sí
4374,628,5,3793.52,2024-01-20,10,21,8137,116,mex,Sí
4375,648,2,1195.68,2024-09-12,9,60,17397,2430,MX,Sí
4376,841,3,252.12,2024-12-13,4,26,20737,541,MX,No
4377,725,3,4783.84,2024-09-14,8,35,40680,989,USA,Sí
4378,208,3,3342.15,2024-02-10,5,52,8003,1531,mex,Sí
4379,897,1,646.57,2024-03-05,3,60,49370,2787,México,Sí
4380,154,3,4994.67,2024-11-16,3,27,12894,901,México,Sí
4381,358,4,3472.65,2024-05-27,5,22,25474,1452,MX,Sí
4382,290,5,1897.55,2024-08-10,2,54,30022,795,USA,Sí
4383,322,5,3488.08,2025-01-25,9,51,26912,988,mex,Sí
4384,880,5,2259.55,2025-01-27,6,42,8477,2364,mex,Sí
4385,658,2,3687.15,2024-12-08,3,64,27977,482,MX,Sí
4386,229,1,2920.02,2025-03-09,7,50,12112,961,MX,Sí
4387,511,3,4502.93,2024-02-17,9,46,12209,148,MX,Sí
4388,762,2,708.67,2025-03-03,9,38,30295,1181,MX,Sí
4389,838,3,4526.79,2024-02-01,7,63,47727,1941,USA,Sí
4390,962,5,3253.8,2024-09-04,6,19,5657,2234,México,Sí
4391,336,4,2802.57,2025-01-09,1,24,33845,946,MX,Sí
4392,291,4,1572.96,2024-03-19,9,43,10254,1322,USA,Sí
4393,901,5,2541.41,2025-05-10,5,39,15923,752,mex,Sí
4394,377,1,4798.64,2024-04-21,3,30,20055,902,MX,Sí
4395,705,3,3889.05,2024-03-24,6,46,42823,2402,MX,Sí
4396,253,2,3732.97,2025-04-11,5,62,28540,2977,mex,Sí
4397,540,1,4547.06,2024-05-18,7,59,39690,2249,mex,Sí
4398,626,5,3246.75,2024-10-06,9,21,23358,111,mex,Sí
4399,740,5,2468.89,2024-11-20,8,18,11912,892,mex,Sí
4400,102,4,1110.49,2024-03-05,1,33,48910,134,USA,Sí
4401,689,2,1486.09,2024-12-08,6,55,25492,410,MX,Sí
4402,775,1,584.25,2024-06-08,3,50,7222,1379,USA,Sí
4403,463,2,4103.55,2024-08-07,8,41,35826,1703,mex,Sí
4404,563,2,4205.95,2024-06-13,2,57,24884,258,México,Sí
4405,809,3,70.41,2024-10-26,10,65,12603,779,USA,No
4406,215,4,251.15,2024-03-14,7,53,46317,2366,USA,No
4407,652,2,1783.89,2024-01-11,1,34,41797,2639,USA,Sí
4408,332,1,3662.73,2024-06-05,5,64,10107,2983,MX,Sí
4409,162,1,2495.69,2024-01-14,7,35,28502,38,USA,Sí
4410,343,2,4545.47,2024-08-22,7,24,13893,2515,México,Sí
4411,835,1,1561.97,2024-01-31,4,30,5366,277,México,Sí
4412,815,4,2809.75,2024-07-18,4,48,43440,478,MX,Sí
4413,537,3,3268.15,2025-04-23,9,32,16383,2007,mex,Sí
4414,471,3,1205.58,2024-12-02,7,31,38686,1054,MX,Sí
4415,410,4,2524.63,2024-06-27,3,45,22622,22,MX,Sí
4416,482,2,4320.1,2024-10-23,5,41,36320,385,MX,Sí
4417,325,1,2117.56,2025-04-29,7,33,42578,1192,USA,Sí
4418,200,4,2070.37,2025-01-23,7,54,8565,1465,México,Sí
4419,124,1,2685.46,2024-05-15,8,55,10578,1128,USA,Sí
4420,133,5,1403.11,2024-12-28,9,31,34375,2946,mex,Sí
4421,886,5,474.58,2024-10-27,8,28,21719,980,MX,Sí
4422,947,3,2496.04,2024-01-29,9,46,23243,2966,mex,Sí
4423,927,1,4785.26,2024-06-05,8,56,34210,995,México,Sí
4424,708,2,165.79,2024-08-30,4,40,48334,1351,mex,No
4425,402,4,170.99,2024-05-30,5,25,36298,2753,MX,No
4426,325,5,373.32,2024-08-04,10,33,42578,1192,USA,Sí
4427,592,5,2546.72,2024-01-07,6,22,36969,271,USA,Sí
4428,807,2,4147.53,2024-07-14,5,40,25013,1521,México,Sí
4429,381,1,2201.78,2025-04-09,4,53,6522,2088,México,Sí
4430,100,5,3219.59,2024-07-13,1,39,46401,2892,mex,Sí
4431,145,1,2315.34,2025-03-27,2,45,48995,580,mex,Sí
4432,164,5,1209.29,2024-09-02,8,19,11171,1591,MX,Sí
4433,399,2,4524.72,2024-06-18,1,63,21176,306,mex,Sí
4434,135,1,3554.43,2024-01-07,10,25,11953,329,MX,Sí
4435,784,5,1720.91,2025-03-26,6,45,31043,340,México,Sí
4436,844,4,3066.13,2024-03-23,1,49,31393,2156,mex,Sí
4437,622,5,2807.31,2024-03-31,3,33,20627,556,mex,Sí
4438,737,4,4169.41,2025-01-10,3,36,34108,515,MX,Sí
4439,241,5,1153.3,2024-05-24,8,37,32182,1193,USA,Sí
4440,141,5,1395.15,2024-12-16,7,65,31158,961,USA,Sí
4441,455,5,1051.79,2024-07-03,3,30,24902,2029,USA,Sí
4442,217,5,814.75,2024-01-19,8,32,46078,1055,mex,Sí
4443,585,3,4622.51,2024-01-27,6,61,33558,1232,USA,Sí
4444,488,4,3662.38,2025-02-05,9,20,11911,1012,mex,Sí
4445,841,3,2191.01,2024-07-19,8,26,20737,541,MX,Sí
4446,462,5,236.79,2024-11-15,1,34,17097,35,USA,No
4447,564,2,306.16,2024-05-28,4,24,44347,1317,MX,Sí
4448,770,4,2490.68,2024-04-13,6,38,42260,241,mex,Sí
4449,309,3,2805.41,2024-07-22,4,41,28364,1206,USA,Sí
4450,710,2,1201.9,2024-07-15,3,24,19043,149,USA,Sí
4451,262,1,4538.06,2024-04-22,5,44,10318,2926,USA,Sí
4452,526,1,5020.24,2024-12-25,7,24,43585,936,MX,Sí
4453,932,4,557.51,2024-03-31,7,63,22591,1690,USA,Sí
4454,516,3,858.51,2024-05-19,10,34,12348,322,USA,Sí
4455,732,4,4282.78,2025-03-05,8,55,19096,2362,mex,Sí
4456,294,5,1928.19,2024-08-19,2,21,5565,1288,México,Sí
4457,598,2,1815.7,2024-03-19,8,23,48140,482,USA,Sí
4458,242,4,3053.2,2024-03-19,10,29,32445,2330,USA,Sí
4459,504,2,705.78,2025-01-18,5,65,33636,2026,USA,Sí
4460,924,2,2555.35,2025-01-12,3,22,43638,2734,mex,Sí
4461,195,4,1081.66,2025-04-03,10,58,45449,798,USA,Sí
4462,187,3,2944.07,2024-03-27,2,44,16569,1990,México,Sí
4463,202,1,3105.73,2024-08-30,6,50,49488,2620,USA,Sí
4464,533,4,3998.1,2024-01-04,7,18,9775,18,MX,Sí
4465,396,4,959.45,2024-01-04,5,41,33749,378,mex,Sí
4466,501,4,2097.76,2025-02-03,8,27,29698,686,MX,Sí
4467,482,5,4504.27,2025-04-22,1,41,36320,385,MX,Sí
4468,672,5,2498.12,2025-02-08,6,25,30257,1104,USA,Sí
4469,526,4,3642.08,2024-12-19,4,24,43585,936,MX,Sí
4470,813,5,3471.82,2025-05-07,9,58,9545,2937,México,Sí
4471,466,3,4358.85,2024-01-30,8,21,46409,1677,México,Sí
4472,448,4,4105.28,2024-12-02,10,53,48456,2056,USA,Sí
4473,666,2,4535.72,2024-07-26,4,64,5335,845,USA,Sí
4474,712,2,1057.98,2024-05-10,8,33,46042,572,USA,Sí
4475,748,3,1795.16,2024-04-28,2,25,41340,2481,mex,Sí
4476,998,3,4228.4,2024-08-27,9,59,8025,475,USA,Sí
4477,105,2,4112.44,2025-04-26,4,33,11282,190,México,Sí
4478,100,5,1803.6,2024-03-11,7,39,46401,2892,mex,Sí
4479,865,2,4438.22,2024-09-22,1,50,15662,1129,mex,Sí
4480,577,3,1553.61,2025-01-18,10,50,10991,2299,mex,Sí
4481,441,1,1541.57,2024-04-24,3,61,17372,355,MX,Sí
4482,621,1,4742.51,2024-05-23,7,60,25186,1,México,Sí
4483,307,2,4053.77,2024-02-24,2,63,17467,2005,mex,Sí
4484,433,3,330.5,2025-05-05,8,20,26707,1417,México,Sí
4485,762,3,872.88,2024-07-18,5,38,30295,1181,MX,Sí
4486,370,1,639.69,2024-10-16,6,36,30411,1632,mex,Sí
4487,960,1,4885.14,2024-06-15,8,28,8432,568,USA,Sí
4488,843,5,3581.8,2024-01-11,10,31,5055,1164,mex,Sí
4489,861,2,4523.67,2024-11-02,4,59,14790,2894,México,Sí
4490,176,2,482.62,2024-11-10,9,58,20943,2387,México,Sí
4491,566,5,1069.36,2024-03-22,3,34,14738,68,México,Sí
4492,581,1,3482.03,2024-05-09,3,19,18392,2025,USA,Sí
4493,442,2,4585.15,2025-03-29,9,60,18712,860,MX,Sí
4494,394,2,407.65,2024-12-28,5,36,36365,2915,México,Sí
4495,887,1,538.73,2024-01-28,10,47,24842,559,mex,Sí
4496,776,5,4012.94,2024-09-23,3,21,38223,518,USA,Sí
4497,863,2,1632.84,2024-08-20,4,47,20139,2074,MX,Sí
4498,551,2,1743.82,2024-10-20,10,62,42177,1115,MX,Sí
4499,859,3,3803.96,2024-07-11,7,33,25192,1897,México,Sí
4500,268,5,548.47,2024-12-16,3,56,11580,472,mex,Sí
4501,948,1,3085.49,2025-01-21,1,52,5212,876,USA,Sí
4502,914,2,1263.62,2024-01-20,5,58,30747,2582,México,Sí
4503,281,4,2515.12,2024-10-29,6,65,47329,2192,USA,Sí
4504,937,1,1186.04,2024-03-03,10,41,13834,2821,MX,Sí
4505,405,5,1686.68,2024-01-15,2,25,17009,250,USA,Sí
4506,757,1,3091.1,2024-10-08,10,40,39817,2985,México,Sí
4507,319,2,2957.6,2024-02-29,9,23,22875,738,USA,Sí
4508,905,5,4766.59,2025-04-14,9,62,38493,2849,México,Sí
4509,551,5,480.62,2024-12-03,2,62,42177,1115,MX,Sí
4510,615,3,4079.96,2024-09-14,2,37,17547,2162,mex,Sí
4511,315,4,4595.3,2024-07-03,2,31,32200,1575,USA,Sí
4512,541,1,82.05,2025-01-07,8,19,24875,831,mex,No
4513,348,2,2813.32,2025-04-12,1,58,19758,1081,MX,Sí
4514,338,2,3156.09,2024-05-08,5,47,20944,8,MX,Sí
4515,398,2,5043.11,2025-02-02,10,23,36059,853,USA,Sí
4516,582,4,105.05,2025-03-18,4,41,5865,1143,mex,No
4517,362,2,2921.49,2024-01-02,3,23,13521,833,mex,Sí
4518,499,2,2118.59,2024-01-11,9,63,5043,573,USA,Sí
4519,330,4,3452.19,2024-06-15,7,63,6658,2786,USA,Sí
4520,199,4,619.76,2024-09-07,2,43,8007,1792,USA,Sí
4521,395,1,3709.6,2024-04-24,10,37,47861,99,USA,Sí
4522,144,3,4512.1,2024-04-28,6,33,5348,2041,MX,Sí
4523,838,3,2358.45,2024-10-04,4,63,47727,1941,USA,Sí
4524,342,1,719.68,2024-02-22,2,64,8378,1254,USA,Sí
4525,351,1,1881.88,2024-12-20,5,21,45433,1970,USA,Sí
4526,206,2,4344.33,2024-10-10,3,46,25056,2521,mex,Sí
4527,616,1,4041.17,2024-12-06,1,20,49785,1532,USA,Sí
4528,991,5,3501.42,2024-11-23,3,30,13749,2220,USA,Sí
4529,151,4,1037.63,2025-04-27,3,33,44852,468,MX,Sí
4530,351,4,3105.13,2025-05-08,1,21,45433,1970,USA,Sí
4531,580,2,1367.31,2024-04-09,3,53,27930,2884,MX,Sí
4532,474,3,692.38,2024-04-17,7,58,30402,2035,USA,Sí
4533,830,5,2449.2,2024-08-13,9,48,12652,280,México,Sí
4534,744,1,2773.34,2024-06-03,10,37,16638,2262,México,Sí
4535,647,2,3977.54,2025-04-25,5,27,15365,2932,México,Sí
4536,427,3,1404.12,2025-04-12,9,18,23431,937,USA,Sí
4537,574,1,2977.84,2025-02-18,4,56,10434,1204,México,Sí
4538,495,1,4557.95,2024-07-06,2,61,41851,1590,México,Sí
4539,759,1,2817.35,2024-06-06,10,28,8214,537,mex,Sí
4540,674,3,1462.33,2024-02-17,7,51,28758,415,USA,Sí
4541,857,2,766.44,2024-12-23,2,44,43295,1344,mex,Sí
4542,628,3,3608.17,2024-02-07,3,21,8137,116,mex,Sí
4543,977,1,4259.16,2025-01-09,3,45,27090,32,México,Sí
4544,882,4,3919.25,2025-02-23,9,41,19372,2065,MX,Sí
4545,877,4,4365.46,2024-05-01,7,20,31522,1326,MX,Sí
4546,440,1,120.49,2025-05-05,9,44,23669,1110,MX,No
4547,426,2,366.91,2024-11-09,10,25,34463,703,MX,Sí
4548,843,2,367.03,2024-07-14,8,31,5055,1164,mex,Sí
4549,699,1,655.54,2024-09-24,4,64,40863,547,México,Sí
4550,954,5,1189.56,2024-12-12,8,65,21651,28,mex,Sí
4551,857,5,3747.35,2024-03-10,5,44,43295,1344,mex,Sí
4552,980,3,1726.83,2024-06-06,6,59,36755,483,USA,Sí
4553,895,4,4918.44,2024-12-12,6,30,15768,848,MX,Sí
4554,664,3,3525.76,2025-04-09,6,65,14630,2136,MX,Sí
4555,104,2,3770.97,2024-11-28,1,47,43769,2213,USA,Sí
4556,514,1,3864.25,2024-12-30,4,59,22221,1556,México,Sí
4557,617,5,1880.61,2024-07-07,8,51,9947,1279,USA,Sí
4558,812,4,3343.35,2024-08-24,4,64,22856,2785,México,Sí
4559,565,3,2907.47,2024-10-18,3,37,26830,1600,USA,Sí
4560,343,4,4534.22,2024-05-09,7,24,13893,2515,México,Sí
4561,303,2,4904.49,2025-03-08,5,52,49751,1015,mex,Sí
4562,522,1,753.0,2024-07-05,5,47,9778,2584,México,Sí
4563,185,1,2330.45,2025-02-21,9,32,17191,2728,USA,Sí
4564,577,2,2892.31,2024-03-13,1,50,10991,2299,mex,Sí
4565,714,2,3313.04,2024-05-01,3,58,42442,76,MX,Sí
4566,604,1,2352.27,2024-04-18,8,47,37764,1477,mex,Sí
4567,883,2,2981.76,2024-04-16,4,36,5602,2401,México,Sí
4568,900,3,4941.41,2024-05-31,6,65,30988,1078,MX,Sí
4569,110,2,2457.55,2024-09-06,1,37,6329,2874,mex,Sí
4570,762,3,2577.76,2025-03-25,10,38,30295,1181,MX,Sí
4571,278,1,3457.64,2024-04-30,2,29,12107,1592,mex,Sí
4572,174,5,2067.16,2024-04-22,10,51,18963,1867,mex,Sí
4573,928,5,2302.2,2024-12-28,3,58,15339,479,mex,Sí
4574,284,1,1877.05,2024-04-29,1,18,28950,1304,mex,Sí
4575,794,3,2657.16,2025-03-28,10,41,33754,2651,México,Sí
4576,169,3,1642.22,2024-02-01,4,56,19741,1636,MX,Sí
4577,647,5,5031.16,2024-02-13,5,27,15365,2932,México,Sí
4578,992,4,348.14,2024-08-26,3,39,28357,48,MX,Sí
4579,628,2,4389.29,2024-06-29,3,21,8137,116,mex,Sí
4580,945,1,3051.16,2025-01-09,10,30,38925,1855,México,Sí
4581,535,3,2315.05,2024-09-17,3,32,48718,2734,México,Sí
4582,717,4,1711.52,2024-11-09,2,55,16189,2919,MX,Sí
4583,844,4,383.56,2024-04-12,9,49,31393,2156,mex,Sí
4584,549,1,3295.11,2024-03-19,9,53,11523,1359,mex,Sí
4585,739,1,540.85,2024-06-25,5,54,48658,39,mex,Sí
4586,349,5,488.81,2024-09-01,2,55,43068,613,México,Sí
4587,478,3,3014.52,2024-05-06,5,32,39438,2532,MX,Sí
4588,691,5,1088.37,2024-09-22,1,25,23287,144,México,Sí
4589,622,4,1266.11,2025-02-16,4,33,20627,556,mex,Sí
4590,560,2,1489.28,2024-06-22,9,20,12758,1943,México,Sí
4591,365,5,2473.9,2025-02-05,6,58,34656,2564,USA,Sí
4592,446,2,552.98,2025-01-09,5,34,46564,2492,mex,Sí
4593,967,3,2940.64,2024-07-23,4,18,17752,41,MX,Sí
4594,382,4,1524.91,2024-09-23,8,62,31629,2967,mex,Sí
4595,355,1,3116.97,2025-01-28,1,45,19510,2531,MX,Sí
4596,202,2,428.22,2024-09-21,5,50,49488,2620,USA,Sí
4597,539,1,2648.18,2024-01-04,5,23,31722,2119,mex,Sí
4598,438,3,465.73,2024-02-14,2,32,31586,1398,mex,Sí
4599,723,5,1891.23,2024-03-27,8,28,26994,1331,MX,Sí
4600,361,1,4847.08,2024-05-29,7,34,26293,555,MX,Sí
4601,258,1,3328.2,2024-03-25,9,20,32647,1773,MX,Sí
4602,879,4,4710.03,2024-09-28,10,43,7591,1541,mex,Sí
4603,965,1,1990.23,2025-01-23,8,18,46059,551,México,Sí
4604,331,1,4508.59,2024-01-31,7,37,15430,2177,México,Sí
4605,978,5,4997.51,2025-05-13,1,50,22797,2515,mex,Sí
4606,185,3,4187.92,2025-03-11,9,32,17191,2728,USA,Sí
4607,766,1,1232.44,2025-03-29,9,54,49621,588,mex,Sí
4608,473,3,3631.34,2025-02-06,9,49,16476,489,USA,Sí
4609,965,1,196.43,2024-10-25,10,18,46059,551,México,No
4610,740,5,772.68,2024-03-18,4,18,11912,892,mex,Sí
4611,311,1,422.7,2025-03-28,4,39,25720,986,México,Sí
4612,808,1,4171.76,2024-01-05,6,50,19786,1403,USA,Sí
4613,852,3,4087.05,2024-11-19,9,64,24482,190,mex,Sí
4614,215,1,3110.87,2024-08-19,5,53,46317,2366,USA,Sí
4615,996,3,3833.99,2024-03-09,5,63,24280,336,USA,Sí
4616,704,1,2650.53,2024-05-19,9,58,13294,2665,MX,Sí
4617,420,2,1325.23,2024-08-28,7,44,21877,1157,USA,Sí
4618,769,5,4082.43,2024-10-31,7,55,43313,1447,mex,Sí
4619,387,4,3003.19,2025-02-15,4,22,38335,2070,USA,Sí
4620,318,1,1132.28,2024-09-14,10,35,13943,1535,USA,Sí
4621,165,3,3791.18,2025-04-25,6,18,5714,299,MX,Sí
4622,938,5,295.18,2024-06-18,6,23,9769,868,México,No
4623,742,5,2583.54,2025-01-07,3,49,37946,1244,USA,Sí
4624,819,2,2439.06,2024-05-11,9,32,40078,2369,USA,Sí
4625,669,3,3258.44,2024-12-08,6,54,5392,2466,México,Sí
4626,504,4,1956.22,2024-11-29,2,65,33636,2026,USA,Sí
4627,972,2,2071.44,2024-04-27,10,48,15000,1214,México,Sí
4628,184,3,3466.98,2024-11-14,2,32,26405,2529,mex,Sí
4629,786,3,3884.92,2024-10-27,8,24,40823,511,mex,Sí
4630,746,3,1236.3,2025-01-10,1,27,26464,2419,mex,Sí
4631,968,4,2950.18,2025-02-11,4,21,28535,1179,MX,Sí
4632,300,1,4544.15,2024-03-18,1,63,49018,453,MX,Sí
4633,915,2,4179.28,2024-04-11,6,23,10784,1374,USA,Sí
4634,173,4,3654.03,2024-04-22,10,40,30127,2270,MX,Sí
4635,219,4,2579.23,2024-04-03,5,41,34876,2688,MX,Sí
4636,556,2,4884.84,2025-04-15,9,64,11791,2506,MX,Sí
4637,281,3,1842.38,2024-01-08,10,65,47329,2192,USA,Sí
4638,948,4,3945.0,2024-12-31,4,52,5212,876,USA,Sí
4639,454,1,4632.3,2024-09-18,9,19,8430,838,MX,Sí
4640,771,1,2458.17,2025-05-02,5,40,34781,745,México,Sí
4641,312,5,3596.72,2025-03-23,4,29,21745,961,mex,Sí
4642,161,2,1270.93,2024-06-24,1,26,45934,67,mex,Sí
4643,145,1,4065.68,2024-08-09,9,45,48995,580,mex,Sí
4644,728,1,1487.1,2024-04-13,2,55,18490,1228,mex,Sí
4645,320,4,3960.4,2025-02-04,7,25,23077,1179,USA,Sí
4646,902,3,3679.49,2024-04-04,8,49,13532,2594,mex,Sí
4647,353,1,3313.41,2025-04-27,9,47,23622,1524,México,Sí
4648,478,3,1613.67,2024-01-10,2,32,39438,2532,MX,Sí
4649,756,1,3455.92,2025-03-18,4,63,14957,1447,mex,Sí
4650,323,1,3810.79,2024-08-19,1,28,25689,2020,mex,Sí
4651,908,2,4573.65,2024-10-08,2,25,28664,670,México,Sí
4652,847,5,3569.43,2024-01-02,10,46,44537,333,USA,Sí
4653,545,4,1965.19,2024-10-24,9,51,18201,206,México,Sí
4654,397,1,4736.55,2024-03-05,9,26,30715,2936,USA,Sí
4655,792,2,2316.23,2024-04-15,7,37,44106,2958,mex,Sí
4656,841,1,3912.67,2024-12-23,3,26,20737,541,MX,Sí
4657,231,5,1795.07,2025-03-11,4,41,5389,2257,mex,Sí
4658,948,4,393.72,2024-01-03,9,52,5212,876,USA,Sí
4659,177,5,2979.09,2024-01-12,4,44,27745,2614,México,Sí
4660,743,3,1941.81,2024-07-07,8,53,32688,1473,MX,Sí
4661,674,5,3701.4,2025-03-07,2,51,28758,415,USA,Sí
4662,147,5,1156.24,2024-08-27,8,56,24778,73,México,Sí
4663,298,5,4463.09,2024-12-09,8,31,26682,557,México,Sí
4664,870,5,544.63,2024-12-12,2,19,21362,1259,mex,Sí
4665,795,2,2242.25,2024-03-10,4,55,14367,1956,USA,Sí
4666,522,2,3426.18,2024-12-28,7,47,9778,2584,México,Sí
4667,856,2,2203.62,2025-05-06,7,40,41356,2399,México,Sí
4668,245,5,1227.26,2024-06-21,1,22,14192,505,USA,Sí
4669,134,1,3175.69,2024-12-07,6,18,7001,3000,México,Sí
4670,668,3,4365.67,2024-11-26,8,52,6535,137,MX,Sí
4671,628,4,1128.47,2024-12-11,9,21,8137,116,mex,Sí
4672,982,3,2077.11,2024-11-05,9,55,30335,1789,MX,Sí
4673,581,1,2973.62,2025-02-09,3,19,18392,2025,USA,Sí
4674,159,3,4797.43,2024-08-17,5,48,35024,1989,MX,Sí
4675,883,1,2075.32,2024-01-08,9,36,5602,2401,México,Sí
4676,331,4,3768.31,2024-10-31,9,37,15430,2177,México,Sí
4677,334,5,2401.06,2025-02-03,6,54,19331,1408,México,Sí
4678,575,5,4319.29,2024-10-29,5,54,44615,1842,MX,Sí
4679,555,1,944.64,2024-08-25,9,24,29633,938,MX,Sí
4680,796,2,2205.78,2024-02-21,3,29,8156,1516,MX,Sí
4681,829,2,2430.77,2024-04-27,8,65,26821,2538,mex,Sí
4682,131,5,2835.62,2025-05-08,3,19,31043,450,México,Sí
4683,428,1,309.27,2024-03-26,7,58,17802,2818,mex,Sí
4684,983,5,573.42,2024-02-17,2,43,38115,2324,mex,Sí
4685,557,1,4093.96,2025-02-25,8,49,40372,2873,USA,Sí
4686,484,4,2698.42,2024-06-29,3,41,9016,1168,mex,Sí
4687,999,2,3783.56,2024-12-08,2,42,18315,2021,mex,Sí
4688,898,5,3484.44,2025-02-16,1,56,46822,381,USA,Sí
4689,864,1,3599.69,2024-07-16,9,26,43680,2987,USA,Sí
4690,137,4,1269.44,2024-04-08,3,23,21119,139,México,Sí
4691,715,4,1149.15,2024-03-09,1,41,40761,933,mex,Sí
4692,725,3,4979.86,2024-12-09,5,35,40680,989,USA,Sí
4693,387,1,4495.32,2025-04-13,1,22,38335,2070,USA,Sí
4694,346,2,3945.04,2025-04-12,4,27,42816,808,MX,Sí
4695,876,2,5017.97,2024-01-10,2,40,17022,1048,USA,Sí
4696,545,1,1306.59,2025-02-10,4,51,18201,206,México,Sí
4697,221,4,1298.93,2024-01-28,6,25,23086,2876,MX,Sí
4698,519,4,1871.13,2024-10-08,8,38,25610,2426,mex,Sí
4699,933,3,2733.91,2024-05-26,9,28,5541,214,USA,Sí
4700,473,3,1282.37,2025-01-03,10,49,16476,489,USA,Sí
4701,561,4,605.67,2024-07-02,5,18,11879,2046,MX,Sí
4702,446,3,191.48,2025-02-19,1,34,46564,2492,mex,No
4703,867,1,3704.26,2024-08-28,3,56,26275,869,MX,Sí
4704,642,2,700.18,2024-08-31,1,48,39878,2843,MX,Sí
4705,791,4,1084.66,2025-04-09,1,45,47580,765,México,Sí
4706,383,3,3180.4,2024-10-21,1,46,35224,1323,México,Sí
4707,596,3,962.86,2024-04-15,6,52,35579,1702,México,Sí
4708,907,5,828.42,2025-03-10,9,62,48748,2939,USA,Sí
4709,815,2,1400.31,2024-06-28,10,48,43440,478,MX,Sí
4710,845,1,2600.88,2025-04-22,3,19,32257,587,USA,Sí
4711,406,5,4466.28,2024-08-24,8,53,7551,281,USA,Sí
4712,246,4,4200.82,2024-03-21,4,52,6705,271,México,Sí
4713,161,3,4351.55,2024-02-01,8,26,45934,67,mex,Sí
4714,516,1,1181.63,2025-01-16,2,34,12348,322,USA,Sí
4715,462,3,3929.34,2024-02-14,2,34,17097,35,USA,Sí
4716,394,2,2095.81,2024-04-15,9,36,36365,2915,México,Sí
4717,568,1,4935.24,2024-10-08,9,48,48493,202,México,Sí
4718,753,5,3652.87,2024-11-28,2,64,44009,2589,USA,Sí
4719,829,3,2167.06,2024-07-20,8,65,26821,2538,mex,Sí
4720,576,3,2211.43,2025-04-19,5,43,24487,2113,México,Sí
4721,444,3,3711.34,2025-04-11,5,59,48591,2080,USA,Sí
4722,595,2,303.86,2024-04-26,1,59,20473,623,MX,Sí
4723,433,5,4789.21,2024-05-31,7,20,26707,1417,México,Sí
4724,500,2,3702.62,2024-01-07,9,50,10192,2456,mex,Sí
4725,399,1,1037.16,2025-03-11,8,63,21176,306,mex,Sí
4726,267,4,3530.13,2024-09-21,6,34,10707,1877,mex,Sí
4727,261,2,3364.11,2024-10-23,10,50,8961,137,México,Sí
4728,188,3,2690.9,2025-04-18,2,50,16731,188,mex,Sí
4729,930,1,55.83,2024-09-29,8,23,46482,2585,MX,No
4730,965,4,1902.94,2025-03-25,4,18,46059,551,México,Sí
4731,309,1,1727.74,2024-11-24,3,41,28364,1206,USA,Sí
4732,468,2,4448.76,2025-01-01,1,56,10655,2117,México,Sí
4733,938,3,534.05,2025-01-09,5,23,9769,868,México,Sí
4734,136,5,131.75,2024-10-26,10,64,38475,1183,MX,No
4735,952,5,3008.48,2024-05-29,8,36,7569,1957,México,Sí
4736,738,2,3943.56,2025-01-09,5,47,35774,95,USA,Sí
4737,837,5,4135.67,2024-09-17,2,49,27114,1852,USA,Sí
4738,276,3,277.05,2024-11-19,1,34,21112,384,mex,No
4739,584,3,2130.48,2025-03-06,1,51,24374,2226,MX,Sí
4740,737,2,3589.05,2024-08-07,1,36,34108,515,MX,Sí
4741,140,1,4593.94,2024-09-15,9,34,5201,482,USA,Sí
4742,768,1,2372.61,2025-03-29,2,46,42961,2893,USA,Sí
4743,975,3,1715.08,2024-06-05,6,49,32624,1532,MX,Sí
4744,911,5,1644.2,2024-03-30,10,37,38383,2167,USA,Sí
4745,241,5,1879.28,2025-04-08,6,37,32182,1193,USA,Sí
4746,929,5,851.75,2025-02-27,8,53,34265,844,México,Sí
4747,300,5,3111.82,2024-09-03,7,63,49018,453,MX,Sí
4748,702,3,1403.22,2025-05-08,2,28,17381,982,México,Sí
4749,681,5,2027.27,2024-07-07,7,27,16885,2671,USA,Sí
4750,427,4,2692.11,2024-08-22,8,18,23431,937,USA,Sí
4751,457,4,1680.1,2024-09-16,7,40,45270,2948,México,Sí
4752,580,5,2421.91,2025-04-07,3,53,27930,2884,MX,Sí
4753,328,4,2508.08,2024-09-10,1,49,31194,2141,México,Sí
4754,782,4,4336.86,2024-07-22,5,41,42786,1796,mex,Sí
4755,186,1,854.49,2024-09-24,2,32,42941,2872,MX,Sí
4756,422,2,4971.6,2024-05-23,5,62,13156,279,México,Sí
4757,590,2,3924.47,2024-01-15,9,25,37181,1698,USA,Sí
4758,101,3,3947.48,2024-04-23,8,35,48360,676,mex,Sí
4759,360,1,2332.81,2024-02-14,1,24,17632,2218,MX,Sí
4760,185,2,110.07,2024-05-20,4,32,17191,2728,USA,No
4761,114,5,3931.11,2025-05-07,7,61,45187,1455,mex,Sí
4762,141,3,93.31,2025-01-12,8,65,31158,961,USA,No
4763,523,1,827.54,2024-08-06,8,28,35564,2650,mex,Sí
4764,346,2,1390.4,2024-12-09,7,27,42816,808,MX,Sí
4765,185,3,3199.54,2024-07-18,2,32,17191,2728,USA,Sí
4766,411,3,4907.0,2024-11-21,4,40,24036,534,México,Sí
4767,792,5,3781.59,2024-05-29,3,37,44106,2958,mex,Sí
4768,453,1,3894.27,2024-05-17,1,64,16683,2335,USA,Sí
4769,582,3,3577.6,2024-03-10,6,41,5865,1143,mex,Sí
4770,529,4,4108.87,2024-02-26,2,55,19855,335,MX,Sí
4771,381,1,4677.9,2024-02-24,8,53,6522,2088,México,Sí
4772,571,2,4893.26,2025-04-04,7,18,36294,2972,USA,Sí
4773,721,2,4280.39,2024-02-09,9,38,46783,1062,USA,Sí
4774,161,4,2967.8,2024-11-18,5,26,45934,67,mex,Sí
4775,476,4,813.42,2024-12-25,2,34,42520,913,México,Sí
4776,567,1,2068.15,2024-08-08,10,19,26297,1043,mex,Sí
4777,678,2,1308.84,2024-10-02,10,27,11370,2936,mex,Sí
4778,394,4,1429.56,2024-07-31,3,36,36365,2915,México,Sí
4779,270,1,4009.8,2025-01-06,4,38,41788,876,mex,Sí
4780,515,2,519.65,2024-10-17,7,40,22589,2049,México,Sí
4781,447,1,557.24,2024-06-24,5,43,29367,2251,MX,Sí
4782,288,4,4104.97,2025-05-10,6,37,31797,214,México,Sí
4783,691,4,2877.75,2024-12-18,9,25,23287,144,México,Sí
4784,121,4,623.21,2024-11-26,10,49,22929,615,USA,Sí
4785,839,2,3388.61,2024-11-25,3,20,23816,2706,USA,Sí
4786,524,3,215.91,2024-12-14,4,55,24401,1981,mex,No
4787,856,1,3489.01,2024-06-06,6,40,41356,2399,México,Sí
4788,633,3,2275.62,2025-03-21,2,19,45077,843,USA,Sí
4789,926,2,2160.1,2024-07-21,8,43,44527,393,mex,Sí
4790,619,4,1620.97,2025-01-07,8,48,32090,672,MX,Sí
4791,696,5,4473.51,2024-09-07,9,19,29863,560,USA,Sí
4792,767,1,2988.88,2024-08-13,5,55,15902,145,México,Sí
4793,196,1,4979.83,2025-01-07,8,32,17876,1988,MX,Sí
4794,629,4,2404.85,2024-07-25,7,25,30839,2063,MX,Sí
4795,138,2,510.17,2024-12-29,4,45,16256,1991,USA,Sí
4796,661,1,1574.28,2024-07-28,2,24,42441,2890,USA,Sí
4797,671,4,1537.99,2024-10-10,10,65,48660,2686,MX,Sí
4798,998,1,4442.41,2025-03-09,8,59,8025,475,USA,Sí
4799,917,3,2277.13,2025-04-07,3,28,49992,707,MX,Sí
4800,709,3,2716.69,2024-03-05,1,32,5394,54,México,Sí
4801,838,5,2229.91,2024-04-30,9,63,47727,1941,USA,Sí
4802,793,1,2404.3,2025-03-18,1,45,38553,1814,México,Sí
4803,456,5,2928.35,2024-01-10,4,56,41711,1577,mex,Sí
4804,804,5,3525.02,2024-01-25,2,38,21957,482,MX,Sí
4805,701,5,1263.58,2024-11-28,7,40,28671,1506,USA,Sí
4806,105,2,647.54,2025-04-02,3,33,11282,190,México,Sí
4807,409,1,1517.21,2024-05-16,5,63,49720,188,MX,Sí
4808,632,3,3990.14,2024-07-20,7,34,26577,853,mex,Sí
4809,131,2,226.21,2024-09-03,4,19,31043,450,México,No
4810,380,3,2506.43,2024-01-01,6,29,49432,1053,MX,Sí
4811,672,3,466.13,2024-11-06,9,25,30257,1104,USA,Sí
4812,477,3,1930.49,2024-05-30,4,33,11252,562,mex,Sí
4813,963,4,2647.64,2024-10-06,3,36,37497,923,mex,Sí
4814,571,5,4618.32,2025-03-14,7,18,36294,2972,USA,Sí
4815,635,1,2098.05,2025-04-10,5,46,5592,337,mex,Sí
4816,409,3,825.74,2024-08-19,9,63,49720,188,MX,Sí
4817,880,4,1594.41,2024-04-08,1,42,8477,2364,mex,Sí
4818,747,3,4543.6,2024-05-09,6,22,33136,1663,USA,Sí
4819,283,2,2821.53,2024-02-05,7,47,32971,154,mex,Sí
4820,329,1,1108.28,2024-08-23,8,20,42290,1260,MX,Sí
4821,277,5,2537.21,2024-01-18,7,57,37090,363,México,Sí
4822,365,3,1524.11,2024-03-24,10,58,34656,2564,USA,Sí
4823,312,2,4963.04,2025-03-25,6,29,21745,961,mex,Sí
4824,137,3,3582.19,2025-02-20,1,23,21119,139,México,Sí
4825,749,3,1153.93,2024-12-02,7,60,44177,1095,MX,Sí
4826,528,2,5020.95,2024-02-28,7,32,13346,1438,México,Sí
4827,708,3,3945.35,2024-04-15,8,40,48334,1351,mex,Sí
4828,973,4,2749.13,2024-11-09,6,23,13458,560,MX,Sí
4829,743,1,4700.87,2024-10-30,3,53,32688,1473,MX,Sí
4830,445,1,4190.1,2024-10-03,3,28,46120,2380,MX,Sí
4831,776,5,1532.52,2025-01-11,9,21,38223,518,USA,Sí
4832,190,5,728.11,2024-01-09,7,26,37992,2193,México,Sí
4833,390,3,5008.05,2024-03-31,10,35,9790,2386,MX,Sí
4834,209,5,3395.93,2025-04-08,7,37,20895,1376,MX,Sí
4835,404,5,497.02,2025-05-07,7,29,13871,2788,MX,Sí
4836,389,4,1342.54,2024-06-27,1,48,41106,2281,mex,Sí
4837,990,5,2925.31,2024-03-15,1,40,14835,671,México,Sí
4838,703,2,2043.66,2024-03-14,6,29,21492,1237,mex,Sí
4839,323,4,2004.21,2024-02-06,2,28,25689,2020,mex,Sí
4840,775,1,3052.02,2024-09-02,7,50,7222,1379,USA,Sí
4841,812,5,3152.1,2024-02-22,7,64,22856,2785,México,Sí
4842,108,1,1164.78,2025-04-27,2,59,25543,2000,USA,Sí
4843,894,5,542.72,2024-11-17,10,25,17607,2324,México,Sí
4844,714,4,924.43,2025-04-15,2,58,42442,76,MX,Sí
4845,170,5,99.08,2024-09-08,5,31,29813,1437,mex,No
4846,929,1,4961.83,2024-08-19,4,53,34265,844,México,Sí
4847,515,1,3077.02,2024-08-04,4,40,22589,2049,México,Sí
4848,485,1,1332.19,2025-04-23,1,49,46962,740,mex,Sí
4849,277,5,714.46,2025-02-19,8,57,37090,363,México,Sí
4850,345,1,3549.81,2024-04-04,9,34,7122,2312,MX,Sí
4851,709,5,813.97,2024-05-06,9,32,5394,54,México,Sí
4852,363,1,1453.63,2024-06-02,7,40,44677,1424,MX,Sí
4853,607,4,4752.6,2024-09-18,8,49,21304,2368,USA,Sí
4854,467,4,304.52,2024-05-24,3,43,45424,42,México,Sí
4855,627,1,2729.23,2024-09-08,10,30,27847,880,MX,Sí
4856,125,3,71.65,2025-01-19,9,64,44687,2772,USA,No
4857,862,4,924.85,2024-11-18,8,50,36632,26,MX,Sí
4858,613,4,194.36,2025-03-26,5,50,45618,283,mex,No
4859,439,4,385.53,2024-07-26,9,59,28815,893,México,Sí
4860,228,1,4877.44,2024-10-22,1,25,26864,2300,MX,Sí
4861,579,3,3997.7,2024-09-14,3,24,8141,2535,MX,Sí
4862,554,5,4838.45,2024-02-22,7,27,17733,2357,mex,Sí
4863,937,4,3729.45,2024-10-08,7,41,13834,2821,MX,Sí
4864,421,5,3649.51,2024-12-28,5,62,26012,339,MX,Sí
4865,220,2,219.77,2024-06-02,5,23,21362,2699,MX,No
4866,332,5,781.31,2025-01-23,5,64,10107,2983,MX,Sí
4867,928,2,2473.97,2024-12-04,10,58,15339,479,mex,Sí
4868,650,2,2697.9,2025-02-18,6,53,5388,2855,México,Sí
4869,374,5,1678.79,2024-02-12,5,32,5280,2398,USA,Sí
4870,979,3,4073.3,2024-07-09,5,33,14416,1590,MX,Sí
4871,391,1,3616.95,2024-03-19,7,45,36057,1667,mex,Sí
4872,769,4,3647.53,2024-04-23,10,55,43313,1447,mex,Sí
4873,287,1,4636.21,2024-05-10,6,43,40301,2369,mex,Sí
4874,973,2,512.04,2025-03-06,1,23,13458,560,MX,Sí
4875,580,4,2102.96,2024-05-02,10,53,27930,2884,MX,Sí
4876,307,1,884.44,2024-06-09,2,63,17467,2005,mex,Sí
4877,586,3,1981.16,2024-12-29,5,46,47824,359,mex,Sí
4878,274,3,736.77,2024-01-28,9,46,32023,2591,USA,Sí
4879,253,2,3767.65,2025-04-26,6,62,28540,2977,mex,Sí
4880,147,3,1702.87,2024-03-20,9,56,24778,73,México,Sí
4881,590,2,4638.78,2024-11-24,6,25,37181,1698,USA,Sí
4882,729,5,1857.56,2024-03-07,6,65,25160,2559,USA,Sí
4883,545,4,1131.25,2025-03-06,7,51,18201,206,México,Sí
4884,709,3,653.31,2024-06-05,3,32,5394,54,México,Sí
4885,158,4,2194.15,2025-04-29,6,32,48172,6,USA,Sí
4886,901,4,1062.94,2024-12-09,9,39,15923,752,mex,Sí
4887,185,5,3112.94,2024-03-03,8,32,17191,2728,USA,Sí
4888,595,2,1745.45,2024-09-07,5,59,20473,623,MX,Sí
4889,943,2,1548.22,2025-02-19,3,22,42131,767,mex,Sí
4890,813,1,2936.24,2024-06-05,9,58,9545,2937,México,Sí
4891,310,4,3184.78,2024-03-09,9,26,40677,2458,mex,Sí
4892,655,4,2497.13,2024-08-09,8,31,34732,1042,MX,Sí
4893,457,4,2817.31,2024-09-17,10,40,45270,2948,México,Sí
4894,247,5,2174.03,2024-03-28,6,24,12303,1005,MX,Sí
4895,510,3,541.86,2024-01-06,8,35,7385,2489,MX,Sí
4896,809,4,4397.19,2024-07-22,5,65,12603,779,USA,Sí
4897,913,2,2630.45,2025-02-25,7,64,14325,651,México,Sí
4898,836,1,4844.63,2024-09-29,9,31,8998,2844,mex,Sí
4899,664,3,79.32,2024-05-28,5,65,14630,2136,MX,No
4900,493,4,3204.73,2025-01-29,1,22,18300,1832,USA,Sí
4901,920,2,1146.41,2025-04-06,10,57,27776,2960,MX,Sí
4902,120,2,661.94,2025-03-24,2,47,31272,2063,MX,Sí
4903,920,1,1231.35,2024-10-26,3,57,27776,2960,MX,Sí
4904,675,2,3841.78,2025-01-27,7,58,5439,2797,México,Sí
4905,916,3,860.62,2024-02-10,10,35,10853,305,MX,Sí
4906,411,5,4310.82,2024-06-12,1,40,24036,534,México,Sí
4907,454,4,2778.41,2024-09-03,9,19,8430,838,MX,Sí
4908,679,4,4070.26,2025-01-24,5,23,49058,899,mex,Sí
4909,165,5,1927.2,2024-03-01,5,18,5714,299,MX,Sí
4910,122,4,1997.94,2025-03-10,2,61,19814,597,MX,Sí
4911,347,5,2101.43,2024-09-11,4,45,7252,2214,MX,Sí
4912,151,2,2562.36,2024-09-10,1,33,44852,468,MX,Sí
4913,669,1,2284.9,2024-01-15,9,54,5392,2466,México,Sí
4914,926,1,1025.04,2024-07-21,5,43,44527,393,mex,Sí
4915,984,3,146.35,2024-06-07,6,18,18552,1086,USA,No
4916,710,5,232.5,2025-01-04,6,24,19043,149,USA,No
4917,754,5,828.18,2024-03-29,5,44,26745,1238,mex,Sí
4918,586,3,3524.33,2024-02-11,4,46,47824,359,mex,Sí
4919,472,1,587.86,2024-06-13,4,60,24479,2135,mex,Sí
4920,657,1,4124.75,2024-12-01,10,37,25352,1829,MX,Sí
4921,571,5,4606.95,2025-03-10,7,18,36294,2972,USA,Sí
4922,482,2,1394.55,2024-07-27,3,41,36320,385,MX,Sí
4923,238,5,923.33,2024-02-15,10,52,13284,1350,USA,Sí
4924,436,1,1489.94,2024-04-07,2,29,17963,295,USA,Sí
4925,956,3,1738.71,2024-07-05,9,47,23801,1725,mex,Sí
4926,220,1,996.28,2024-10-22,4,23,21362,2699,MX,Sí
4927,261,4,456.21,2024-04-27,10,50,8961,137,México,Sí
4928,950,5,4265.08,2024-07-23,6,29,19325,1431,MX,Sí
4929,402,1,3582.46,2024-02-22,5,25,36298,2753,MX,Sí
4930,723,2,1162.09,2024-06-14,10,28,26994,1331,MX,Sí
4931,970,5,1989.13,2024-07-01,7,33,5153,1597,USA,Sí
4932,303,1,5028.5,2024-10-14,9,52,49751,1015,mex,Sí
4933,743,5,2127.2,2024-06-19,5,53,32688,1473,MX,Sí
4934,331,5,4149.38,2024-06-21,3,37,15430,2177,México,Sí
4935,359,4,1875.64,2025-03-20,4,36,14279,394,MX,Sí
4936,162,2,1715.33,2025-01-04,7,35,28502,38,USA,Sí
4937,346,2,2775.32,2025-03-28,9,27,42816,808,MX,Sí
4938,771,1,227.61,2024-01-07,10,40,34781,745,México,No
4939,765,5,4771.65,2024-04-21,3,60,28896,357,USA,Sí
4940,775,5,1318.89,2024-10-09,1,50,7222,1379,USA,Sí
4941,665,5,4298.63,2024-07-22,5,55,35108,1791,México,Sí
4942,306,4,3445.39,2024-07-06,9,29,19184,2093,USA,Sí
4943,172,5,836.08,2024-03-13,3,50,43324,1640,mex,Sí
4944,866,3,4442.78,2025-04-10,1,59,24460,2363,México,Sí
4945,386,3,3385.31,2025-01-15,9,20,16072,410,USA,Sí
4946,776,2,2185.14,2024-03-03,4,21,38223,518,USA,Sí
4947,426,4,3903.25,2024-09-25,4,25,34463,703,MX,Sí
4948,326,1,4757.82,2024-05-25,7,20,5315,2160,USA,Sí
4949,344,3,2748.83,2024-05-23,9,45,42134,633,USA,Sí
4950,286,3,1817.37,2025-05-06,9,22,46404,2109,USA,Sí
4951,386,1,1103.54,2025-04-21,2,20,16072,410,USA,Sí
4952,833,4,4557.66,2024-09-06,8,49,32532,741,mex,Sí
4953,529,5,2838.4,2025-02-01,4,55,19855,335,MX,Sí
4954,226,4,2573.96,2024-03-25,4,62,7997,1327,mex,Sí
4955,221,4,305.24,2024-03-31,8,25,23086,2876,MX,Sí
4956,301,5,3203.99,2024-10-12,10,26,16730,2608,mex,Sí
4957,202,4,162.09,2024-02-16,4,50,49488,2620,USA,No
4958,745,2,3959.84,2025-01-10,5,49,33926,208,USA,Sí
4959,796,4,4822.08,2025-02-07,2,29,8156,1516,MX,Sí
4960,479,4,3784.83,2025-04-09,5,35,13934,323,mex,Sí
4961,299,5,4310.88,2024-10-02,2,23,34748,2517,mex,Sí
4962,403,1,2289.18,2025-04-26,5,30,11716,134,México,Sí
4963,533,5,2446.25,2024-08-08,8,18,9775,18,MX,Sí
4964,575,2,397.45,2024-06-26,6,54,44615,1842,MX,Sí
4965,773,1,253.46,2024-01-16,1,27,13370,964,mex,No
4966,167,2,727.14,2025-03-06,10,43,49671,709,México,Sí
4967,934,5,4396.58,2024-10-04,2,31,6023,2845,MX,Sí
4968,257,2,1709.81,2024-09-29,8,49,40490,1784,mex,Sí
4969,114,5,2054.72,2024-06-16,5,61,45187,1455,mex,Sí
4970,419,2,3683.32,2024-10-06,7,29,21061,1431,USA,Sí
4971,451,1,2050.85,2024-11-24,1,34,35639,8,MX,Sí
4972,506,1,3413.85,2024-06-22,8,26,7564,2525,mex,Sí
4973,583,3,525.43,2025-03-01,10,62,44173,2912,USA,Sí
4974,356,3,3891.59,2024-05-13,1,35,32064,1740,USA,Sí
4975,411,4,870.99,2025-03-26,1,40,24036,534,México,Sí
4976,412,4,2500.02,2024-06-14,2,19,23465,1787,mex,Sí
4977,944,1,4331.37,2025-03-14,9,31,19894,629,USA,Sí
4978,518,5,4718.72,2024-02-05,6,49,18793,823,México,Sí
4979,613,1,1045.08,2024-08-12,7,50,45618,283,mex,Sí
4980,890,3,3297.71,2025-03-14,5,54,38701,2597,mex,Sí
4981,602,3,3615.15,2024-03-07,6,65,9780,2039,mex,Sí
4982,292,3,4456.55,2025-03-22,9,60,46057,1485,México,Sí
4983,464,3,3372.5,2024-10-24,10,59,31496,2508,USA,Sí
4984,210,4,4941.42,2025-03-17,5,34,44130,1779,USA,Sí
4985,784,2,2526.7,2024-07-24,6,45,31043,340,México,Sí
4986,649,2,4567.18,2024-08-25,7,28,45523,2996,mex,Sí
4987,928,3,1045.78,2024-04-19,6,58,15339,479,mex,Sí
4988,867,4,1145.31,2025-02-18,5,56,26275,869,MX,Sí
4989,961,2,3665.9,2024-11-25,2,57,17122,1259,México,Sí
4990,686,5,2345.62,2024-11-19,9,32,33891,2437,México,Sí
4991,397,1,2420.09,2024-02-14,1,26,30715,2936,USA,Sí
4992,877,2,3095.94,2024-06-11,8,20,31522,1326,MX,Sí
4993,113,4,1877.07,2025-01-25,9,32,44422,1674,USA,Sí
4994,714,1,4817.72,2025-01-18,10,58,42442,76,MX,Sí
4995,601,5,3457.25,2025-02-02,10,38,5630,575,México,Sí
4996,364,4,2193.61,2024-03-19,5,48,49893,1002,USA,Sí
4997,108,3,3916.89,2024-04-02,7,59,25543,2000,USA,Sí
4998,536,4,2808.86,2025-04-22,2,33,43466,1901,USA,Sí
4999,740,2,4712.23,2024-01-12,4,18,11912,892,mex,Sí
5000,548,3,1434.87,2024-12-26,8,48,21993,1282,México,Sí
5001,736,2,4813.05,2024-02-29,8,41,41472,2195,MX,Sí
5002,377,2,4030.71,2025-04-18,4,30,20055,902,MX,Sí
5003,922,3,4175.14,2024-10-19,5,45,25485,1114,México,Sí
5004,560,1,2319.53,2024-12-03,1,20,12758,1943,México,Sí
5005,152,2,203.92,2024-08-03,1,60,8588,1616,México,No
5006,998,5,579.99,2024-02-04,1,59,8025,475,USA,Sí
5007,928,3,4380.62,2025-01-12,2,58,15339,479,mex,Sí
5008,647,3,3927.92,2024-06-07,3,27,15365,2932,México,Sí
5009,401,5,2644.31,2025-03-15,9,62,10600,1302,México,Sí
5010,610,2,4315.11,2024-06-15,2,48,5472,2457,USA,Sí
