id_transaccion,id_cliente,monto,fecha,id_tienda
1,956,4970,21/12/2025,9
2,884,2706,10/12/2025,4
3,540,1410,23/09/2025,8
4,955,3826,17/02/2026,2
5,736,4525,28/10/2025,3
6,253,634,05/07/2025,1
7,570,1531,03/03/2026,9
8,230,1633,21/12/2025,4
9,667,1750,04/03/2026,9
10,774,1389,20/07/2025,3
11,193,4314,19/04/2026,7
12,597,2720,18/01/2026,7
13,733,3575,04/10/2025,9
14,799,4540,03/06/2025,2
15,217,1232,12/02/2026,1
16,979,3325,27/08/2025,6
17,815,2467,18/12/2025,3
18,971,2176,02/05/2026,10
19,63,2405,04/09/2025,1
20,946,3144,17/11/2025,10
21,129,3066,26/01/2026,9
22,261,647,23/09/2025,5
23,54,1475,18/08/2025,8
24,554,4407,26/01/2026,7
25,259,2842,01/03/2026,2
26,47,2144,02/03/2026,1
27,122,1854,15/01/2026,10
28,99,1668,19/05/2025,6
29,434,3414,25/02/2026,5
30,634,1583,10/11/2025,7
31,611,2085,09/02/2026,3
32,878,4975,12/03/2026,10
33,394,1252,22/06/2025,4
34,111,1461,09/06/2025,6
35,849,4155,31/12/2025,4
36,522,2196,05/10/2025,4
37,420,370,11/03/2026,8
38,41,4994,22/02/2026,2
39,945,2207,21/02/2026,7
40,569,4658,25/09/2025,4
41,459,3720,16/03/2026,7
42,412,3917,20/08/2025,4
43,601,454,01/02/2026,4
44,652,1177,22/08/2025,7
45,713,143,16/04/2026,5
46,905,4789,24/11/2025,10
47,780,1179,21/12/2025,7
48,486,1003,22/01/2026,6
49,284,3532,03/03/2026,8
50,813,2259,26/10/2025,4
51,509,761,20/02/2026,2
52,430,1548,06/01/2026,5
53,344,4253,08/10/2025,4
54,381,3264,17/04/2026,6
55,523,2243,30/10/2025,6
56,276,1336,01/06/2025,4
57,919,2171,08/01/2026,8
58,471,1360,04/08/2025,1
59,119,4991,09/11/2025,10
60,680,1143,08/03/2026,9
61,560,2964,07/03/2026,10
62,701,4224,10/06/2025,1
63,477,3613,03/05/2026,1
64,770,4048,20/02/2026,7
65,977,4161,06/05/2026,1
66,842,4811,24/04/2026,9
67,715,3749,24/02/2026,2
68,75,4959,17/11/2025,2
69,848,1348,18/09/2025,4
70,933,3751,28/11/2025,10
71,152,3799,15/01/2026,4
72,752,1741,27/12/2025,8
73,73,519,08/12/2025,6
74,531,2342,27/10/2025,9
75,61,2082,25/07/2025,1
76,461,3489,29/11/2025,1
77,553,4932,14/05/2026,6
78,810,3134,04/04/2026,8
79,899,4981,24/10/2025,6
80,210,4799,26/07/2025,9
81,666,4106,20/05/2025,6
82,206,1673,12/05/2026,6
83,962,1123,17/07/2025,2
84,614,994,25/01/2026,7
85,24,2273,12/01/2026,1
86,838,3011,09/03/2026,8
87,518,4747,28/11/2025,6
88,964,2332,16/12/2025,10
89,981,1821,01/01/2026,4
90,258,1175,09/05/2026,6
91,181,905,25/08/2025,8
92,555,464,23/12/2025,10
93,811,3311,14/06/2025,9
94,701,1258,29/05/2025,9
95,962,536,21/09/2025,9
96,733,3691,22/12/2025,1
97,171,4136,08/02/2026,8
98,532,3272,06/08/2025,7
99,33,4789,14/05/2026,10
100,740,2686,18/07/2025,2
101,350,3511,21/08/2025,1
102,342,4788,13/04/2026,7
103,281,2387,28/11/2025,7
104,703,463,09/02/2026,5
105,423,496,24/01/2026,1
106,166,1603,23/08/2025,5
107,506,4158,02/01/2026,1
108,512,4316,09/12/2025,9
109,246,634,28/01/2026,7
110,79,3996,26/03/2026,8
111,16,2233,18/12/2025,4
112,255,3312,19/06/2025,7
113,513,2694,01/07/2025,5
114,71,3447,11/12/2025,10
115,504,4002,17/12/2025,4
116,787,1950,30/09/2025,10
117,4,4488,09/02/2026,4
118,557,3750,08/03/2026,5
119,990,4875,15/05/2026,7
120,956,4268,05/12/2025,8
121,990,4954,13/07/2025,9
122,850,3079,14/11/2025,9
123,944,3909,31/12/2025,4
124,981,1228,15/04/2026,5
125,840,4970,09/04/2026,5
126,225,3487,02/10/2025,2
127,408,2292,07/12/2025,9
128,946,1981,11/03/2026,9
129,259,164,19/06/2025,4
130,719,1748,18/02/2026,9
131,753,3378,15/01/2026,5
132,329,3616,28/08/2025,5
133,240,3327,03/10/2025,8
134,811,1160,21/06/2025,10
135,456,2093,01/05/2026,6
136,372,3056,19/07/2025,3
137,708,3801,01/10/2025,1
138,229,925,20/06/2025,4
139,481,1058,21/03/2026,8
140,273,1241,12/09/2025,10
141,163,2953,27/10/2025,8
142,96,2062,12/12/2025,3
143,108,2731,18/10/2025,2
144,800,4215,06/09/2025,6
145,454,952,09/07/2025,10
146,979,4445,23/09/2025,8
147,512,4482,16/04/2026,8
148,201,3684,17/03/2026,3
149,940,3145,22/07/2025,1
150,125,4561,14/11/2025,5
151,993,2590,15/04/2026,2
152,611,568,04/02/2026,3
153,392,2242,21/04/2026,5
154,540,721,29/03/2026,9
155,213,1392,07/12/2025,7
156,493,3894,28/05/2025,10
157,863,2793,15/05/2026,7
158,590,337,03/09/2025,3
159,972,3651,08/02/2026,1
160,768,4750,12/10/2025,2
161,35,1820,02/12/2025,2
162,126,1720,21/03/2026,5
163,923,1258,18/12/2025,2
164,392,731,14/12/2025,8
165,736,1788,20/11/2025,4
166,615,4785,27/02/2026,6
167,345,4147,22/02/2026,4
168,910,1245,17/03/2026,3
169,461,1227,06/03/2026,3
170,69,3606,07/07/2025,9
171,378,4204,24/03/2026,9
172,40,4529,13/08/2025,5
173,972,1345,10/05/2026,7
174,902,2727,13/06/2025,3
175,81,4751,28/01/2026,1
176,975,1043,27/03/2026,10
177,381,1297,20/11/2025,3
178,566,1041,28/06/2025,10
179,802,4430,28/05/2025,5
180,262,389,15/05/2026,2
181,140,1021,27/05/2025,9
182,800,1739,27/04/2026,5
183,83,3113,07/07/2025,6
184,980,2015,20/06/2025,3
185,2,2574,08/02/2026,2
186,165,1734,13/04/2026,9
187,312,3869,24/11/2025,2
188,33,321,14/10/2025,7
189,874,420,24/05/2025,7
190,856,4229,01/04/2026,9
191,402,4856,30/08/2025,2
192,836,4598,30/10/2025,9
193,813,2801,02/11/2025,3
194,471,762,17/10/2025,1
195,583,3178,08/09/2025,9
196,306,446,23/07/2025,8
197,90,4125,04/03/2026,8
198,464,2905,30/04/2026,9
199,576,1028,10/05/2026,10
200,136,508,18/02/2026,8
201,375,3318,11/04/2026,1
202,243,4889,15/05/2026,9
203,375,4984,30/09/2025,10
204,909,727,11/05/2026,3
205,789,3263,26/08/2025,7
206,138,1344,20/05/2025,10
207,146,4615,16/01/2026,1
208,407,4784,05/05/2026,2
209,223,4476,27/10/2025,4
210,368,4507,13/03/2026,10
211,272,1043,27/08/2025,1
212,71,1802,23/04/2026,2
213,173,727,09/07/2025,6
214,914,366,25/10/2025,8
215,968,2430,04/09/2025,7
216,870,3469,22/10/2025,1
217,401,1695,28/03/2026,4
218,108,3521,31/08/2025,8
219,665,2964,11/08/2025,1
220,74,858,02/01/2026,2
221,975,2208,30/06/2025,8
222,137,112,07/08/2025,5
223,656,3827,27/06/2025,4
224,956,4245,14/02/2026,5
225,578,4080,23/09/2025,2
226,804,4012,03/03/2026,8
227,680,4718,23/01/2026,8
228,894,1587,02/08/2025,7
229,31,3406,05/03/2026,8
230,403,376,13/01/2026,3
231,759,1176,13/01/2026,9
232,259,3779,23/06/2025,8
233,16,1992,14/10/2025,10
234,121,2716,30/12/2025,10
235,479,1838,01/03/2026,2
236,700,3583,21/01/2026,6
237,383,227,15/05/2026,8
238,971,3387,28/08/2025,8
239,921,4519,30/01/2026,9
240,505,2392,23/08/2025,3
241,981,1093,28/07/2025,4
242,231,4948,03/12/2025,1
243,128,1762,11/06/2025,7
244,3,1130,20/02/2026,5
245,134,739,14/11/2025,9
246,217,3411,09/01/2026,2
247,906,2379,14/04/2026,1
248,678,1090,17/10/2025,7
249,749,2183,13/03/2026,6
250,811,4764,14/12/2025,8
251,746,2604,20/12/2025,6
252,517,3282,11/06/2025,8
253,593,2778,01/07/2025,1
254,566,2847,16/06/2025,10
255,781,4329,08/10/2025,2
256,334,556,29/04/2026,6
257,794,2349,14/12/2025,8
258,277,1656,06/08/2025,8
259,702,2913,15/11/2025,5
260,547,2801,29/08/2025,7
261,961,4613,17/01/2026,1
262,140,1011,01/01/2026,6
263,24,688,22/02/2026,2
264,906,219,29/05/2025,1
265,573,1413,18/01/2026,7
266,130,4304,24/10/2025,9
267,444,3482,24/01/2026,1
268,897,3803,04/03/2026,1
269,606,4528,14/11/2025,3
270,967,1020,14/04/2026,8
271,358,234,24/03/2026,8
272,94,1091,23/12/2025,4
273,374,3992,08/02/2026,4
274,644,4803,20/10/2025,7
275,691,1593,09/02/2026,8
276,961,126,08/08/2025,2
277,937,3833,11/07/2025,9
278,737,3241,10/07/2025,2
279,979,3862,08/08/2025,10
280,509,4517,13/09/2025,1
281,341,2666,14/08/2025,4
282,378,670,18/02/2026,9
283,663,1413,30/11/2025,7
284,203,4566,03/07/2025,2
285,79,2838,14/07/2025,6
286,203,2001,14/05/2026,9
287,846,3766,29/09/2025,7
288,980,543,13/12/2025,4
289,843,4428,01/09/2025,6
290,546,3508,16/04/2026,9
291,379,4258,22/10/2025,6
292,660,4577,10/11/2025,2
293,778,3992,02/02/2026,2
294,342,4904,21/03/2026,2
295,156,273,22/09/2025,9
296,958,4847,27/09/2025,8
297,747,1907,25/11/2025,3
298,830,1138,31/05/2025,9
299,498,3768,13/01/2026,1
300,141,2173,25/02/2026,8
301,620,3436,19/04/2026,2
302,531,3613,15/05/2026,2
303,502,515,17/04/2026,2
304,14,947,30/01/2026,3
305,502,671,25/01/2026,7
306,81,3719,28/06/2025,1
307,911,2319,18/05/2026,10
308,651,978,28/05/2025,6
309,934,2973,22/04/2026,4
310,357,2508,26/12/2025,5
311,301,1743,11/07/2025,1
312,235,3424,02/07/2025,1
313,954,4722,22/12/2025,5
314,742,4896,30/07/2025,4
315,227,1621,07/01/2026,9
316,720,4414,19/07/2025,1
317,601,2737,29/10/2025,6
318,83,4573,11/05/2026,3
319,629,4537,05/01/2026,4
320,706,1835,13/07/2025,1
321,898,2097,03/03/2026,7
322,153,688,01/02/2026,4
323,483,1783,28/08/2025,5
324,176,763,16/07/2025,6
325,799,4175,27/03/2026,5
326,418,4103,23/06/2025,8
327,43,3913,05/08/2025,1
328,915,672,30/09/2025,8
329,301,3081,02/07/2025,8
330,690,3928,11/11/2025,7
331,662,2430,12/10/2025,1
332,736,1616,04/02/2026,8
333,289,977,15/08/2025,8
334,383,647,22/02/2026,5
335,231,4599,22/01/2026,1
336,951,3099,10/04/2026,7
337,263,2388,23/02/2026,1
338,66,1812,27/04/2026,9
339,938,4710,12/11/2025,6
340,769,2686,27/10/2025,10
341,829,1089,21/12/2025,2
342,160,4475,24/10/2025,5
343,961,1613,27/05/2025,9
344,828,488,05/08/2025,8
345,44,3791,08/04/2026,2
346,977,354,26/11/2025,9
347,494,2568,21/02/2026,6
348,297,625,16/02/2026,4
349,774,3735,12/08/2025,3
350,863,1782,05/10/2025,9
351,509,4580,18/10/2025,9
352,377,596,14/11/2025,9
353,870,3483,28/09/2025,8
354,980,976,05/04/2026,6
355,82,513,26/01/2026,7
356,212,584,16/02/2026,1
357,658,1177,15/02/2026,9
358,212,161,12/04/2026,6
359,503,3192,06/12/2025,4
360,578,2886,24/03/2026,10
361,427,1564,16/11/2025,5
362,547,275,11/04/2026,7
363,567,3970,15/09/2025,1
364,955,2524,01/08/2025,8
365,410,2359,19/01/2026,6
366,674,3479,07/09/2025,8
367,654,2152,16/03/2026,7
368,403,3735,20/12/2025,6
369,71,3387,13/08/2025,4
370,738,2347,31/08/2025,9
371,65,2297,02/01/2026,9
372,191,1340,04/08/2025,5
373,530,532,05/01/2026,3
374,623,2384,25/06/2025,9
375,998,1896,06/05/2026,5
376,793,3839,31/10/2025,3
377,121,1653,15/07/2025,9
378,828,3859,28/05/2025,2
379,511,4392,15/11/2025,7
380,866,2556,14/11/2025,2
381,485,1034,06/02/2026,7
382,480,1640,22/05/2025,1
383,334,2851,15/10/2025,9
384,651,2889,28/06/2025,5
385,977,3489,05/06/2025,10
386,454,3831,23/08/2025,6
387,488,2135,02/11/2025,9
388,302,4441,23/03/2026,6
389,873,4559,22/12/2025,10
390,24,1869,03/03/2026,6
391,395,1591,12/01/2026,6
392,758,2889,12/06/2025,2
393,408,263,24/05/2025,3
394,211,4124,21/11/2025,1
395,801,2030,21/12/2025,4
396,683,968,06/06/2025,8
397,265,1950,18/09/2025,7
398,143,4477,12/05/2026,10
399,333,3053,07/06/2025,10
400,902,4895,06/07/2025,7
401,611,4641,04/09/2025,1
402,250,882,18/09/2025,10
403,976,2280,15/02/2026,4
404,236,4526,13/10/2025,4
405,665,291,31/07/2025,2
406,114,2574,30/07/2025,9
407,562,4350,23/06/2025,7
408,820,2290,01/07/2025,7
409,315,400,11/03/2026,7
410,491,3056,07/07/2025,4
411,55,4221,04/08/2025,8
412,926,3969,08/10/2025,8
413,302,2984,03/08/2025,4
414,148,2347,09/09/2025,5
415,4,2798,31/03/2026,2
416,416,3075,29/10/2025,3
417,418,580,04/05/2026,8
418,171,1156,25/12/2025,1
419,310,4806,02/08/2025,3
420,468,4977,28/08/2025,3
421,121,1339,08/09/2025,8
422,544,2968,07/03/2026,5
423,973,2869,04/05/2026,5
424,988,3427,20/07/2025,1
425,515,1863,26/09/2025,8
426,97,2425,15/01/2026,6
427,540,4380,10/03/2026,10
428,692,1128,04/03/2026,10
429,31,328,13/01/2026,9
430,793,2352,28/04/2026,1
431,176,1735,19/03/2026,6
432,387,2206,16/05/2026,8
433,757,3462,05/12/2025,4
434,475,716,13/11/2025,2
435,840,4575,12/02/2026,9
436,460,1998,02/07/2025,1
437,189,1914,18/06/2025,1
438,679,3733,02/05/2026,1
439,869,2709,31/05/2025,5
440,907,3385,27/05/2025,10
441,338,2722,03/03/2026,2
442,332,3887,04/04/2026,1
443,458,427,03/10/2025,10
444,671,1857,18/06/2025,6
445,682,3390,22/09/2025,8
446,947,1861,07/07/2025,6
447,262,324,15/12/2025,2
448,280,3962,30/12/2025,7
449,943,4654,21/04/2026,2
450,896,973,05/06/2025,8
451,997,3022,14/09/2025,1
452,853,3053,01/08/2025,9
453,429,4111,09/11/2025,7
454,823,1735,10/07/2025,1
455,15,4248,31/10/2025,7
456,216,3176,24/10/2025,9
457,370,1659,08/04/2026,3
458,847,347,24/06/2025,3
459,117,2102,06/03/2026,4
460,588,2462,06/07/2025,8
461,35,4846,27/05/2025,8
462,258,4671,05/08/2025,3
463,350,675,30/10/2025,6
464,742,1719,13/09/2025,6
465,952,4291,05/02/2026,8
466,168,4449,25/09/2025,2
467,362,2150,13/10/2025,7
468,490,2982,15/05/2026,4
469,629,3657,07/12/2025,3
470,348,3010,01/06/2025,1
471,699,3339,10/11/2025,7
472,499,602,24/02/2026,6
473,256,2389,10/11/2025,1
474,406,1330,03/07/2025,2
475,743,4081,13/12/2025,2
476,138,588,21/01/2026,4
477,601,116,15/02/2026,10
478,540,763,30/05/2025,6
479,993,4849,19/08/2025,2
480,640,2099,10/04/2026,8
481,962,3283,06/04/2026,4
482,568,3779,08/12/2025,9
483,383,603,14/04/2026,6
484,962,3071,25/07/2025,6
485,667,3857,20/06/2025,3
486,708,3403,16/03/2026,8
487,964,2427,08/06/2025,1
488,682,2111,01/09/2025,6
489,299,1193,14/10/2025,3
490,871,3525,23/12/2025,4
491,418,4825,12/08/2025,4
492,60,4397,12/11/2025,6
493,772,4778,16/06/2025,10
494,600,4798,30/08/2025,8
495,387,769,02/12/2025,7
496,688,4328,09/02/2026,4
497,243,3422,28/01/2026,5
498,796,3854,11/08/2025,5
499,666,3498,18/02/2026,6
500,890,4087,22/09/2025,4
501,727,4453,01/01/2026,7
502,48,154,18/02/2026,2
503,725,1069,28/05/2025,4
504,457,3069,11/04/2026,1
505,535,3081,13/09/2025,8
506,323,4981,30/05/2025,5
507,691,1849,28/05/2025,9
508,457,3274,22/04/2026,3
509,212,2865,16/12/2025,1
510,914,2359,15/04/2026,9
511,700,2212,21/01/2026,8
512,773,4399,31/01/2026,8
513,701,4126,02/04/2026,9
514,809,4364,24/07/2025,7
515,533,3181,12/01/2026,6
516,590,2314,01/10/2025,2
517,105,2402,23/12/2025,10
518,794,365,23/02/2026,6
519,19,3570,27/12/2025,4
520,569,4225,07/06/2025,2
521,494,1687,23/04/2026,3
522,961,4563,22/01/2026,2
523,398,3041,20/05/2025,5
524,672,1239,20/07/2025,10
525,511,2202,10/05/2026,2
526,934,3510,16/02/2026,8
527,934,2227,09/06/2025,3
528,601,3947,14/12/2025,8
529,262,4699,14/08/2025,4
530,230,1200,12/11/2025,9
531,860,3350,14/06/2025,10
532,326,1790,25/02/2026,6
533,233,2355,10/03/2026,4
534,213,663,29/11/2025,10
535,973,1435,28/11/2025,6
536,981,1946,14/02/2026,2
537,71,2894,07/02/2026,1
538,136,4317,05/12/2025,10
539,186,889,10/09/2025,10
540,761,3438,02/02/2026,8
541,808,4590,05/01/2026,1
542,969,2533,24/02/2026,9
543,222,872,22/10/2025,7
544,329,1828,25/05/2025,6
545,765,231,19/11/2025,9
546,274,3022,15/01/2026,9
547,533,1229,01/02/2026,8
548,996,2070,25/11/2025,9
549,111,796,26/08/2025,10
550,23,2866,13/11/2025,1
551,690,3261,15/12/2025,1
552,400,619,13/06/2025,6
553,935,3391,12/02/2026,9
554,121,446,08/09/2025,9
555,857,4618,02/03/2026,3
556,774,2901,14/05/2026,8
557,38,4533,08/02/2026,9
558,910,4319,02/06/2025,8
559,889,1493,06/09/2025,3
560,639,4116,13/02/2026,3
561,922,2783,08/06/2025,1
562,238,3365,23/02/2026,6
563,931,3820,10/09/2025,3
564,553,813,10/12/2025,9
565,983,2399,30/12/2025,5
566,424,4761,22/10/2025,4
567,918,1979,01/04/2026,6
568,28,1299,11/11/2025,7
569,461,2486,19/08/2025,8
570,428,2094,08/10/2025,3
571,461,4109,24/02/2026,2
572,172,3424,14/12/2025,2
573,899,4124,07/08/2025,6
574,707,1234,04/08/2025,2
575,812,3577,06/01/2026,10
576,513,3762,24/12/2025,6
577,507,2672,25/11/2025,2
578,110,569,24/08/2025,9
579,770,4472,30/06/2025,10
580,238,2368,19/05/2025,9
581,218,1837,20/04/2026,3
582,940,1692,16/06/2025,3
583,311,1517,01/08/2025,1
584,969,995,16/05/2026,3
585,847,361,01/07/2025,3
586,874,3820,05/05/2026,4
587,291,2664,07/03/2026,5
588,588,1814,25/10/2025,10
589,851,1233,12/10/2025,3
590,871,1831,16/11/2025,3
591,854,3108,01/11/2025,7
592,485,169,29/07/2025,8
593,48,3448,28/07/2025,2
594,708,2420,21/09/2025,8
595,640,3101,05/07/2025,1
596,620,1644,01/12/2025,6
597,810,1219,11/04/2026,1
598,138,821,18/06/2025,10
599,555,3292,16/03/2026,9
600,399,2807,12/10/2025,3
601,727,1239,19/10/2025,10
602,763,1826,17/04/2026,8
603,392,252,01/05/2026,8
604,330,804,04/10/2025,9
605,284,4965,19/11/2025,5
606,59,2612,07/07/2025,8
607,232,151,17/03/2026,4
608,153,2908,22/11/2025,6
609,437,3555,06/12/2025,7
610,421,2296,17/12/2025,1
611,900,872,05/06/2025,5
612,995,3419,18/07/2025,3
613,156,1228,13/07/2025,4
614,984,4407,02/10/2025,4
615,723,416,17/10/2025,2
616,475,1899,02/09/2025,5
617,913,4052,06/06/2025,9
618,614,4158,07/09/2025,8
619,175,1375,19/12/2025,9
620,441,4194,08/10/2025,8
621,832,2066,03/05/2026,8
622,645,3848,29/10/2025,9
623,985,698,12/11/2025,2
624,918,2530,08/03/2026,8
625,926,1300,25/07/2025,3
626,751,3651,24/10/2025,2
627,896,4115,02/03/2026,10
628,25,1440,22/07/2025,4
629,220,838,01/05/2026,4
630,938,911,24/02/2026,10
631,518,625,14/10/2025,1
632,315,2983,12/03/2026,5
633,536,134,25/12/2025,9
634,889,3457,11/03/2026,4
635,519,611,17/08/2025,5
636,876,4412,15/04/2026,2
637,162,3054,27/12/2025,9
638,672,677,20/03/2026,4
639,649,4267,23/08/2025,4
640,809,3948,23/10/2025,5
641,196,4642,03/08/2025,9
642,888,1794,12/10/2025,1
643,900,2146,14/11/2025,9
644,596,1659,20/02/2026,6
645,111,4850,11/08/2025,3
646,441,1425,23/10/2025,10
647,783,3661,02/06/2025,8
648,78,2469,14/02/2026,3
649,473,3583,23/10/2025,1
650,143,304,15/02/2026,8
651,127,3578,12/08/2025,1
652,544,3043,07/10/2025,7
653,994,1925,07/01/2026,9
654,750,2453,06/09/2025,9
655,889,822,01/08/2025,5
656,445,3178,02/11/2025,5
657,324,1417,20/10/2025,5
658,288,4601,04/12/2025,4
659,30,795,23/03/2026,7
660,81,1106,22/10/2025,8
661,195,686,06/05/2026,6
662,195,1241,01/08/2025,3
663,257,1292,12/04/2026,7
664,312,1180,17/03/2026,1
665,567,311,10/02/2026,1
666,939,4054,01/05/2026,5
667,221,1977,06/03/2026,1
668,411,849,25/03/2026,6
669,630,906,08/04/2026,4
670,545,3659,31/03/2026,4
671,868,2772,29/07/2025,3
672,999,449,10/07/2025,9
673,829,356,22/05/2025,10
674,531,1742,04/07/2025,1
675,306,1267,27/06/2025,4
676,884,2783,10/04/2026,1
677,172,2890,20/10/2025,5
678,252,708,25/07/2025,4
679,508,2014,24/06/2025,7
680,590,1769,23/05/2025,7
681,798,1096,14/09/2025,9
682,81,1678,08/02/2026,4
683,54,3807,02/02/2026,4
684,199,3656,14/10/2025,1
685,361,827,04/07/2025,9
686,246,2522,02/04/2026,7
687,949,1053,22/02/2026,1
688,394,3161,15/03/2026,5
689,459,2081,10/07/2025,1
690,761,2680,11/05/2026,9
691,363,4398,08/06/2025,9
692,773,3554,22/12/2025,2
693,670,2939,07/06/2025,5
694,382,859,05/12/2025,2
695,521,444,26/06/2025,3
696,913,2152,24/09/2025,8
697,376,3639,24/09/2025,2
698,951,668,20/12/2025,1
699,198,3550,11/10/2025,1
700,531,4464,09/06/2025,4
701,657,758,27/01/2026,5
702,712,2114,08/08/2025,2
703,480,4282,08/09/2025,2
704,108,4729,25/09/2025,1
705,694,891,13/01/2026,3
706,558,3276,13/03/2026,4
707,694,156,24/10/2025,4
708,808,4607,16/08/2025,6
709,892,4278,28/09/2025,1
710,303,1649,12/03/2026,5
711,809,534,19/02/2026,7
712,385,973,24/11/2025,9
713,217,4462,05/03/2026,7
714,560,2696,11/08/2025,2
715,376,2986,04/09/2025,9
716,532,4636,27/07/2025,1
717,848,2990,03/04/2026,8
718,634,2730,11/11/2025,10
719,768,1761,19/06/2025,5
720,629,3505,17/03/2026,1
721,635,1268,02/08/2025,7
722,369,3323,14/07/2025,4
723,144,2844,30/12/2025,6
724,18,2149,05/06/2025,6
725,817,4970,05/11/2025,5
726,61,3342,30/05/2025,1
727,66,3774,14/07/2025,2
728,425,2438,29/05/2025,8
729,417,686,02/03/2026,2
730,1,1623,20/09/2025,1
731,652,2020,25/11/2025,10
732,305,476,03/10/2025,8
733,593,2859,22/02/2026,2
734,147,2529,11/11/2025,1
735,686,902,02/02/2026,3
736,343,4862,19/06/2025,6
737,636,3946,13/08/2025,8
738,455,2039,26/10/2025,7
739,717,2405,08/01/2026,6
740,937,1598,01/05/2026,1
741,563,2146,03/05/2026,2
742,232,2348,16/08/2025,6
743,150,1701,03/05/2026,4
744,824,118,23/06/2025,6
745,76,2334,10/08/2025,2
746,160,162,20/01/2026,6
747,352,1175,05/10/2025,10
748,500,3828,20/10/2025,5
749,403,3365,19/07/2025,9
750,590,2115,10/10/2025,2
751,609,2896,15/03/2026,4
752,807,2332,24/06/2025,7
753,529,2196,28/10/2025,7
754,206,996,13/11/2025,9
755,106,1682,27/09/2025,7
756,17,3421,12/02/2026,9
757,617,2892,13/11/2025,4
758,523,2711,22/04/2026,8
759,798,2297,17/10/2025,9
760,496,720,25/01/2026,5
761,442,4078,04/09/2025,5
762,767,452,17/02/2026,10
763,398,3724,12/12/2025,10
764,521,4216,15/03/2026,10
765,1,814,16/03/2026,4
766,82,4061,10/01/2026,4
767,208,3784,26/12/2025,4
768,274,747,28/11/2025,3
769,348,586,07/01/2026,10
770,767,342,16/01/2026,2
771,88,149,15/11/2025,4
772,132,821,26/06/2025,2
773,838,4191,11/06/2025,10
774,180,1603,12/09/2025,5
775,562,133,26/10/2025,4
776,69,4538,03/02/2026,6
777,430,4947,28/04/2026,4
778,13,252,19/11/2025,9
779,53,969,06/09/2025,5
780,457,3423,21/05/2025,9
781,497,989,23/12/2025,6
782,775,328,17/06/2025,9
783,627,493,05/02/2026,1
784,832,433,30/08/2025,5
785,931,1462,08/08/2025,10
786,171,3603,06/12/2025,1
787,435,397,26/03/2026,5
788,329,3160,24/12/2025,8
789,271,1327,24/08/2025,5
790,722,3346,30/06/2025,1
791,734,2905,22/03/2026,1
792,707,3967,01/09/2025,2
793,106,4404,30/03/2026,5
794,280,848,15/12/2025,4
795,318,2095,06/02/2026,4
796,535,4943,03/06/2025,5
797,157,4852,06/06/2025,9
798,831,2866,10/08/2025,9
799,357,710,25/04/2026,5
800,758,267,15/12/2025,9
801,279,3578,26/03/2026,5
802,190,2091,13/03/2026,1
803,419,3955,11/07/2025,7
804,987,1070,20/10/2025,10
805,813,3179,16/01/2026,1
806,813,3193,15/02/2026,10
807,487,1488,16/09/2025,5
808,564,3066,11/09/2025,3
809,90,1280,05/07/2025,6
810,280,1354,22/03/2026,8
811,263,115,05/07/2025,6
812,451,939,29/05/2025,5
813,161,2885,18/10/2025,1
814,334,2698,01/01/2026,10
815,674,2967,15/08/2025,8
816,371,4167,16/04/2026,5
817,790,4624,29/05/2025,1
818,578,2876,11/02/2026,5
819,135,3683,21/03/2026,5
820,374,239,11/11/2025,9
821,644,245,26/06/2025,8
822,403,2727,25/03/2026,6
823,814,761,25/06/2025,4
824,119,959,02/01/2026,3
825,242,1413,09/02/2026,1
826,730,515,17/12/2025,10
827,447,2146,24/04/2026,4
828,556,1437,17/07/2025,3
829,727,4566,13/11/2025,10
830,992,2700,07/02/2026,2
831,4,3471,26/05/2025,9
832,882,3258,24/01/2026,5
833,69,920,01/12/2025,2
834,105,4277,15/09/2025,7
835,159,3660,22/12/2025,10
836,774,1512,04/12/2025,9
837,893,531,09/04/2026,2
838,331,4712,25/04/2026,4
839,429,2549,25/10/2025,3
840,724,3525,09/11/2025,4
841,603,4230,27/01/2026,9
842,952,3630,27/02/2026,5
843,323,1763,24/09/2025,1
844,789,722,07/05/2026,4
845,8,910,18/06/2025,9
846,516,479,12/05/2026,9
847,108,3856,29/07/2025,10
848,749,827,12/08/2025,5
849,840,2604,21/06/2025,4
850,561,1700,10/10/2025,5
851,966,2834,27/12/2025,1
852,656,3997,24/06/2025,7
853,690,164,14/08/2025,10
854,206,4153,03/10/2025,1
855,821,3980,18/08/2025,7
856,916,2664,19/12/2025,4
857,865,2535,15/05/2026,1
858,332,1476,27/04/2026,6
859,274,2373,31/12/2025,5
860,142,4658,18/04/2026,9
861,783,3345,28/01/2026,4
862,922,1251,15/12/2025,2
863,216,470,08/07/2025,9
864,339,3037,29/01/2026,1
865,664,1114,27/06/2025,6
866,526,1877,30/11/2025,2
867,456,4115,07/03/2026,3
868,412,2476,06/06/2025,5
869,445,3693,24/05/2025,8
870,507,1075,07/01/2026,3
871,278,221,08/10/2025,5
872,829,1190,17/02/2026,10
873,635,253,05/05/2026,5
874,888,4937,20/07/2025,2
875,299,848,12/07/2025,7
876,522,1292,02/12/2025,8
877,564,3470,02/02/2026,9
878,555,2921,17/01/2026,5
879,199,4920,28/05/2025,7
880,597,4494,23/07/2025,5
881,957,2402,25/11/2025,9
882,217,1187,22/02/2026,2
883,464,2171,25/12/2025,6
884,907,999,06/10/2025,9
885,608,279,29/12/2025,2
886,315,1852,06/11/2025,7
887,35,4437,12/10/2025,6
888,226,4429,02/10/2025,2
889,681,4770,17/10/2025,3
890,534,2380,01/08/2025,8
891,488,4711,28/01/2026,6
892,801,4876,21/12/2025,5
893,470,3338,28/01/2026,3
894,953,2945,07/05/2026,7
895,238,819,09/12/2025,5
896,176,3955,02/06/2025,3
897,326,2337,13/05/2026,10
898,709,4505,06/07/2025,8
899,681,872,21/12/2025,7
900,647,3952,10/12/2025,8
901,196,1354,30/03/2026,3
902,242,2689,02/04/2026,7
903,243,3738,26/02/2026,4
904,800,819,04/10/2025,4
905,434,4593,24/08/2025,9
906,998,1390,31/10/2025,7
907,122,2242,17/10/2025,9
908,35,4156,10/02/2026,8
909,965,1270,28/09/2025,6
910,250,4391,12/02/2026,2
911,298,3815,31/10/2025,6
912,618,1181,15/04/2026,10
913,417,292,22/04/2026,2
914,654,1736,31/07/2025,3
915,656,958,03/05/2026,10
916,729,944,13/05/2026,5
917,636,2748,14/10/2025,10
918,365,2989,26/12/2025,6
919,632,1506,24/07/2025,7
920,695,2148,06/05/2026,8
921,667,2419,09/12/2025,3
922,677,644,30/01/2026,8
923,537,111,03/07/2025,7
924,748,4413,14/09/2025,2
925,814,3303,19/09/2025,2
926,307,777,25/08/2025,8
927,850,3757,20/04/2026,3
928,421,3261,19/12/2025,3
929,183,1028,30/03/2026,2
930,762,3156,23/12/2025,7
931,3,2629,14/03/2026,6
932,94,3917,10/04/2026,8
933,207,617,19/03/2026,4
934,325,3278,24/01/2026,8
935,744,2197,25/06/2025,2
936,699,4252,10/01/2026,6
937,178,548,23/02/2026,4
938,484,1082,11/05/2026,2
939,191,2573,07/02/2026,3
940,340,1731,06/07/2025,6
941,774,1605,24/11/2025,2
942,692,1443,23/09/2025,2
943,860,4141,01/04/2026,4
944,756,3584,25/06/2025,1
945,391,4042,23/07/2025,9
946,71,1422,25/01/2026,8
947,682,4024,16/09/2025,4
948,533,3531,06/10/2025,3
949,427,197,16/02/2026,2
950,70,3800,25/05/2025,4
951,109,4531,28/01/2026,2
952,457,2110,05/11/2025,10
953,573,521,25/08/2025,7
954,247,3798,04/01/2026,10
955,915,1433,13/11/2025,5
956,501,4243,29/09/2025,3
957,95,2093,12/03/2026,8
958,785,4628,25/01/2026,4
959,450,2527,27/11/2025,4
960,737,2744,03/03/2026,9
961,632,922,30/04/2026,2
962,617,3417,03/02/2026,3
963,313,1609,05/01/2026,10
964,483,4682,27/02/2026,1
965,8,2923,06/07/2025,5
966,71,4164,19/02/2026,4
967,997,3565,18/03/2026,10
968,632,408,20/03/2026,2
969,405,1888,18/12/2025,6
970,856,2783,16/08/2025,10
971,19,4071,09/04/2026,5
972,537,2183,13/11/2025,6
973,442,1020,04/12/2025,7
974,622,1554,11/05/2026,4
975,957,3525,13/11/2025,2
976,846,4344,05/10/2025,9
977,258,3934,22/03/2026,7
978,862,1014,25/11/2025,4
979,498,1025,06/03/2026,6
980,716,2815,08/06/2025,10
981,785,4964,06/05/2026,3
982,318,948,19/04/2026,7
983,278,1236,07/07/2025,1
984,803,4308,17/09/2025,8
985,745,1460,09/04/2026,6
986,90,2722,08/02/2026,9
987,478,2974,25/01/2026,1
988,991,1629,06/02/2026,5
989,302,1161,25/02/2026,9
990,117,4487,03/10/2025,5
991,135,2018,17/10/2025,1
992,701,1694,15/09/2025,2
993,363,1093,08/05/2026,9
994,707,3769,16/07/2025,9
995,351,2798,19/10/2025,2
996,709,2380,27/08/2025,10
997,493,4599,06/11/2025,10
998,603,420,03/08/2025,10
999,477,2489,11/01/2026,8
1000,641,4289,12/05/2026,6
1001,217,1294,05/07/2025,10
1002,489,4800,29/08/2025,7
1003,304,4234,05/06/2025,3
1004,830,3245,18/09/2025,4
1005,994,4226,11/07/2025,9
1006,545,3390,18/07/2025,7
1007,653,3410,03/07/2025,4
1008,193,937,15/05/2026,8
1009,476,3105,19/03/2026,3
1010,837,2387,14/12/2025,2
1011,504,108,25/03/2026,6
1012,97,4165,17/02/2026,1
1013,130,4200,05/06/2025,3
1014,226,2518,28/04/2026,3
1015,452,4212,03/04/2026,4
1016,773,1776,07/01/2026,9
1017,717,4456,25/03/2026,5
1018,560,3922,08/04/2026,3
1019,995,156,29/06/2025,2
1020,392,4673,07/09/2025,4
1021,332,4543,19/09/2025,1
1022,29,1897,23/01/2026,7
1023,882,4784,10/04/2026,10
1024,86,2797,11/10/2025,10
1025,703,2155,04/10/2025,3
1026,735,3668,17/07/2025,7
1027,886,581,13/05/2026,9
1028,79,3490,05/02/2026,8
1029,229,3655,03/08/2025,7
1030,78,4338,24/03/2026,6
1031,912,990,10/11/2025,10
1032,697,4475,27/02/2026,7
1033,190,2696,14/12/2025,10
1034,815,3412,26/06/2025,7
1035,962,2225,20/05/2025,1
1036,921,4130,22/09/2025,4
1037,700,2962,21/05/2025,2
1038,887,3362,11/08/2025,7
1039,818,4234,06/03/2026,8
1040,328,3513,21/02/2026,4
1041,737,116,14/09/2025,7
1042,107,4046,28/11/2025,8
1043,15,516,22/09/2025,2
1044,887,4570,18/05/2026,1
1045,127,746,12/01/2026,2
1046,256,3207,13/12/2025,9
1047,125,3838,19/06/2025,1
1048,562,1697,07/10/2025,1
1049,676,4406,07/08/2025,3
1050,200,3269,05/11/2025,9
1051,113,4581,22/06/2025,6
1052,954,4310,04/11/2025,3
1053,235,668,12/05/2026,2
1054,476,362,06/03/2026,9
1055,250,3621,24/07/2025,8
1056,741,4739,01/09/2025,7
1057,168,4048,23/02/2026,3
1058,44,582,08/10/2025,8
1059,711,994,05/03/2026,9
1060,379,1245,29/03/2026,8
1061,640,3387,27/09/2025,10
1062,422,4066,10/09/2025,7
1063,445,3575,25/11/2025,1
1064,348,3756,03/06/2025,10
1065,192,2651,15/08/2025,8
1066,259,2105,10/01/2026,10
1067,591,810,15/04/2026,6
1068,850,3703,21/09/2025,4
1069,185,705,10/04/2026,6
1070,122,533,21/05/2025,7
1071,629,4578,13/03/2026,1
1072,606,1057,04/03/2026,5
1073,95,1590,23/05/2025,6
1074,233,4861,15/04/2026,7
1075,667,1345,29/06/2025,1
1076,959,1963,21/11/2025,5
1077,648,4169,16/09/2025,8
1078,824,1049,31/05/2025,2
1079,50,374,02/02/2026,5
1080,755,3111,02/09/2025,3
1081,336,4509,11/01/2026,8
1082,529,365,24/10/2025,5
1083,564,2918,14/12/2025,9
1084,978,1002,02/06/2025,2
1085,296,4756,21/03/2026,9
1086,562,2236,07/06/2025,1
1087,705,4074,13/10/2025,4
1088,913,1341,29/09/2025,6
1089,814,4849,05/09/2025,10
1090,235,2455,08/04/2026,4
1091,41,3856,24/02/2026,2
1092,304,4397,07/03/2026,5
1093,918,843,19/05/2025,8
1094,597,4154,20/12/2025,4
1095,483,143,25/05/2025,10
1096,841,915,01/03/2026,1
1097,568,2310,15/09/2025,2
1098,50,786,15/05/2026,6
1099,757,2703,21/01/2026,8
1100,342,530,20/11/2025,10
1101,282,4366,10/07/2025,2
1102,947,1840,30/03/2026,2
1103,916,3525,01/05/2026,4
1104,224,3885,28/04/2026,10
1105,691,3742,23/08/2025,4
1106,772,3701,27/07/2025,2
1107,101,3817,04/08/2025,9
1108,220,2977,10/10/2025,9
1109,321,4745,14/09/2025,5
1110,181,3282,30/05/2025,8
1111,281,307,19/09/2025,7
1112,576,4818,04/03/2026,3
1113,516,3242,16/09/2025,3
1114,295,3180,31/05/2025,4
1115,34,2550,23/05/2025,7
1116,176,4351,28/04/2026,7
1117,215,2988,09/01/2026,8
1118,646,3059,19/09/2025,1
1119,206,3627,19/06/2025,3
1120,224,2619,20/03/2026,5
1121,597,1698,02/06/2025,8
1122,694,3513,06/11/2025,5
1123,609,2302,22/09/2025,4
1124,84,1389,31/03/2026,9
1125,58,4210,06/05/2026,3
1126,524,180,22/09/2025,9
1127,519,2044,25/11/2025,2
1128,68,1843,13/03/2026,8
1129,461,4775,13/11/2025,6
1130,731,216,29/07/2025,8
1131,653,1965,11/05/2026,5
1132,897,875,18/08/2025,2
1133,694,2328,04/12/2025,4
1134,655,3481,30/12/2025,5
1135,591,519,24/01/2026,3
1136,183,1261,12/10/2025,5
1137,502,1187,06/04/2026,5
1138,38,2747,05/04/2026,3
1139,480,2263,02/04/2026,1
1140,833,1721,13/12/2025,8
1141,476,4596,30/01/2026,5
1142,397,216,07/09/2025,9
1143,284,718,08/07/2025,2
1144,969,1902,13/03/2026,6
1145,278,1116,30/11/2025,7
1146,936,3249,01/02/2026,7
1147,504,2242,01/05/2026,10
1148,34,132,22/10/2025,2
1149,589,1690,24/08/2025,6
1150,832,1755,12/12/2025,7
1151,295,1072,19/02/2026,5
1152,804,1195,10/07/2025,2
1153,611,4468,19/12/2025,8
1154,644,2266,04/10/2025,7
1155,183,1119,24/10/2025,3
1156,112,3135,04/05/2026,8
1157,870,4144,07/06/2025,10
1158,771,4830,20/05/2025,4
1159,627,196,03/01/2026,8
1160,171,842,30/08/2025,8
1161,457,1792,25/09/2025,10
1162,19,4835,13/06/2025,5
1163,591,3466,15/04/2026,5
1164,529,4869,14/02/2026,1
1165,948,3585,21/06/2025,9
1166,703,3006,14/06/2025,5
1167,926,483,18/10/2025,2
1168,900,3683,27/01/2026,3
1169,992,2838,17/03/2026,10
1170,502,3022,16/10/2025,10
1171,81,2896,04/10/2025,8
1172,285,1852,06/02/2026,7
1173,694,4665,15/05/2026,5
1174,336,2543,23/09/2025,4
1175,824,757,24/05/2025,5
1176,476,2113,18/11/2025,10
1177,746,1310,08/10/2025,2
1178,330,1954,19/11/2025,10
1179,245,2145,05/12/2025,6
1180,885,1603,03/10/2025,2
1181,270,4095,11/09/2025,10
1182,201,3716,07/12/2025,4
1183,827,912,05/05/2026,7
1184,539,4376,14/12/2025,1
1185,967,2609,16/06/2025,8
1186,996,3343,26/12/2025,5
1187,352,2689,21/04/2026,3
1188,929,4456,22/11/2025,3
1189,242,1024,08/09/2025,3
1190,539,1465,13/08/2025,9
1191,634,2456,16/02/2026,9
1192,739,4436,05/11/2025,4
1193,505,2287,10/03/2026,10
1194,3,4409,10/09/2025,10
1195,227,3985,24/06/2025,9
1196,226,1958,10/12/2025,4
1197,208,2498,27/05/2025,10
1198,939,1506,18/05/2026,4
1199,394,4024,02/08/2025,8
1200,524,1783,02/07/2025,6
1201,696,930,29/03/2026,4
1202,685,4656,15/06/2025,5
1203,16,2018,10/11/2025,1
1204,1000,1031,29/11/2025,6
1205,583,1701,20/05/2025,4
1206,572,2518,15/02/2026,3
1207,845,4946,22/06/2025,3
1208,393,3422,03/10/2025,8
1209,325,4019,09/10/2025,4
1210,964,4773,05/12/2025,8
1211,405,784,25/11/2025,5
1212,500,4193,27/10/2025,9
1213,711,825,03/10/2025,8
1214,692,3809,15/02/2026,4
1215,907,912,28/05/2025,3
1216,333,1269,08/10/2025,4
1217,959,1601,28/07/2025,6
1218,42,3008,11/01/2026,9
1219,319,495,09/02/2026,5
1220,428,1599,09/03/2026,2
1221,967,2827,16/03/2026,4
1222,479,1867,23/09/2025,5
1223,117,2466,20/05/2025,2
1224,770,940,28/01/2026,8
1225,883,3912,14/02/2026,4
1226,308,4338,14/05/2026,4
1227,765,679,14/04/2026,4
1228,539,380,23/08/2025,7
1229,292,2715,10/07/2025,1
1230,260,2637,17/04/2026,7
1231,309,4769,01/08/2025,8
1232,739,140,23/11/2025,4
1233,114,4768,29/07/2025,5
1234,846,316,11/09/2025,7
1235,101,520,21/01/2026,5
1236,480,2227,29/05/2025,4
1237,965,4637,31/12/2025,10
1238,130,4716,25/07/2025,6
1239,615,3688,08/01/2026,1
1240,228,4410,21/10/2025,2
1241,624,4744,20/06/2025,6
1242,281,4787,21/04/2026,6
1243,674,4666,04/06/2025,9
1244,549,3140,11/11/2025,1
1245,765,4841,23/10/2025,7
1246,976,999,29/04/2026,2
1247,930,2941,11/02/2026,1
1248,61,531,06/09/2025,10
1249,113,621,05/01/2026,8
1250,769,858,24/11/2025,8
1251,392,3233,09/11/2025,1
1252,436,2888,06/02/2026,2
1253,876,2204,24/12/2025,6
1254,577,2352,13/08/2025,7
1255,797,1794,29/01/2026,10
1256,306,605,09/02/2026,10
1257,490,869,21/01/2026,9
1258,670,4566,01/10/2025,6
1259,836,3259,26/03/2026,6
1260,847,3520,26/11/2025,5
1261,188,1816,09/06/2025,5
1262,659,1440,26/10/2025,7
1263,909,1450,24/02/2026,6
1264,901,4171,22/05/2025,3
1265,388,4372,25/10/2025,7
1266,949,954,17/07/2025,4
1267,736,1543,26/06/2025,7
1268,323,2918,03/02/2026,10
1269,290,977,27/10/2025,2
1270,930,3488,24/05/2025,3
1271,203,1759,21/07/2025,4
1272,323,4451,01/03/2026,5
1273,819,418,28/05/2025,3
1274,420,241,04/12/2025,9
1275,426,4468,18/07/2025,2
1276,714,2899,24/01/2026,8
1277,374,438,18/02/2026,3
1278,362,421,14/09/2025,1
1279,243,2972,22/05/2025,6
1280,997,1635,21/09/2025,9
1281,310,423,08/02/2026,7
1282,705,3379,03/05/2026,1
1283,222,1509,08/06/2025,7
1284,887,1657,09/12/2025,10
1285,177,2816,16/11/2025,1
1286,396,3017,02/09/2025,4
1287,676,4130,08/02/2026,6
1288,579,2509,19/09/2025,3
1289,261,175,09/05/2026,1
1290,288,3933,20/05/2025,8
1291,353,1254,17/07/2025,7
1292,668,742,17/03/2026,9
1293,590,1918,22/12/2025,4
1294,839,1059,18/10/2025,7
1295,376,2177,29/10/2025,5
1296,551,4824,15/05/2026,10
1297,617,4712,05/09/2025,9
1298,935,2359,10/10/2025,2
1299,791,3084,11/03/2026,9
1300,907,4432,27/07/2025,1
1301,739,399,11/01/2026,4
1302,449,2790,08/10/2025,3
1303,357,4707,08/12/2025,10
1304,642,2256,26/08/2025,1
1305,693,1796,21/11/2025,8
1306,848,233,26/06/2025,9
1307,745,3444,30/03/2026,5
1308,831,4912,27/10/2025,9
1309,895,2804,17/07/2025,5
1310,317,1098,14/04/2026,5
1311,953,2658,08/04/2026,5
1312,35,2645,09/10/2025,2
1313,376,1617,29/10/2025,1
1314,465,1883,27/02/2026,2
1315,819,1878,29/04/2026,5
1316,619,2791,24/09/2025,10
1317,174,4342,16/11/2025,6
1318,922,3831,09/10/2025,1
1319,438,1030,05/10/2025,1
1320,94,200,04/08/2025,5
1321,280,2530,09/03/2026,2
1322,739,1434,11/12/2025,2
1323,674,2535,14/12/2025,3
1324,514,227,14/12/2025,6
1325,849,3548,28/01/2026,6
1326,310,583,17/07/2025,6
1327,354,1921,25/03/2026,5
1328,401,760,08/09/2025,1
1329,561,2667,26/07/2025,3
1330,173,923,08/09/2025,5
1331,788,1404,11/06/2025,5
1332,1000,3206,21/10/2025,5
1333,409,4220,31/07/2025,1
1334,867,1649,13/02/2026,7
1335,672,3150,03/01/2026,4
1336,32,619,23/04/2026,7
1337,540,4344,19/07/2025,10
1338,281,4747,30/03/2026,6
1339,3,3386,29/06/2025,7
1340,183,3422,24/04/2026,10
1341,480,3942,25/03/2026,3
1342,840,2477,13/06/2025,6
1343,890,2249,20/07/2025,4
1344,905,4179,29/06/2025,9
1345,49,285,13/10/2025,5
1346,888,170,28/08/2025,8
1347,350,4111,04/06/2025,4
1348,482,4589,04/07/2025,4
1349,290,289,04/04/2026,2
1350,841,508,22/10/2025,4
1351,612,4512,26/04/2026,2
1352,144,227,14/09/2025,1
1353,30,3924,16/04/2026,7
1354,304,4445,30/01/2026,10
1355,100,4588,23/11/2025,7
1356,415,3261,17/03/2026,10
1357,259,2103,13/01/2026,2
1358,225,825,31/10/2025,2
1359,365,2466,08/10/2025,8
1360,559,2934,06/06/2025,9
1361,552,1511,07/09/2025,7
1362,220,1840,01/07/2025,7
1363,57,1348,15/01/2026,2
1364,572,2406,27/05/2025,3
1365,64,964,28/02/2026,2
1366,934,3778,25/05/2025,4
1367,152,2914,22/04/2026,6
1368,355,1483,27/01/2026,7
1369,997,1706,06/04/2026,2
1370,254,3506,17/02/2026,2
1371,973,4208,06/12/2025,1
1372,850,4599,15/07/2025,5
1373,867,2791,22/07/2025,2
1374,624,538,09/07/2025,4
1375,398,995,29/07/2025,7
1376,628,2083,04/09/2025,3
1377,259,4876,30/03/2026,8
1378,36,2031,15/11/2025,9
1379,640,2351,07/08/2025,6
1380,98,2023,15/08/2025,3
1381,165,3000,07/09/2025,9
1382,581,832,13/04/2026,10
1383,475,1215,10/11/2025,4
1384,476,847,16/10/2025,2
1385,642,4488,15/04/2026,8
1386,872,2168,04/06/2025,8
1387,195,4446,03/09/2025,7
1388,217,4735,04/11/2025,9
1389,212,1517,25/12/2025,8
1390,222,3234,26/05/2025,9
1391,875,4052,14/12/2025,1
1392,822,3277,30/07/2025,8
1393,150,1814,19/01/2026,9
1394,912,3963,29/07/2025,3
1395,19,1389,04/07/2025,2
1396,888,2229,08/07/2025,2
1397,960,1213,17/06/2025,4
1398,171,2472,03/04/2026,3
1399,639,4072,05/01/2026,4
1400,467,4052,05/12/2025,2
1401,222,558,06/11/2025,2
1402,31,1211,09/07/2025,3
1403,399,2865,18/03/2026,3
1404,935,1470,21/10/2025,8
1405,487,3302,18/12/2025,10
1406,890,4444,29/09/2025,8
1407,439,3819,13/04/2026,5
1408,530,1375,18/02/2026,7
1409,953,272,21/10/2025,6
1410,374,2702,04/04/2026,6
1411,659,4660,10/03/2026,6
1412,614,4449,13/05/2026,8
1413,57,231,29/11/2025,4
1414,635,4775,19/02/2026,9
1415,49,1421,13/09/2025,10
1416,511,2860,22/05/2025,7
1417,79,3934,24/07/2025,9
1418,249,3500,24/01/2026,9
1419,95,2710,13/10/2025,10
1420,690,4165,18/06/2025,3
1421,657,1715,25/02/2026,8
1422,308,3478,04/05/2026,5
1423,63,1426,13/03/2026,6
1424,450,2384,09/04/2026,10
1425,681,2990,04/05/2026,8
1426,900,2528,30/11/2025,8
1427,397,529,13/10/2025,1
1428,824,2439,23/04/2026,6
1429,297,587,10/10/2025,4
1430,618,1504,25/12/2025,6
1431,337,4487,25/08/2025,1
1432,477,1685,24/07/2025,2
1433,725,2050,08/08/2025,8
1434,403,4270,08/03/2026,6
1435,396,3589,13/09/2025,7
1436,850,2542,31/01/2026,8
1437,945,2407,02/04/2026,2
1438,295,1273,11/03/2026,10
1439,612,4276,20/09/2025,10
1440,428,1569,20/11/2025,10
1441,8,3303,05/09/2025,9
1442,882,3362,24/11/2025,5
1443,591,4871,26/04/2026,9
1444,581,783,23/03/2026,6
1445,275,3774,11/02/2026,8
1446,461,2400,17/11/2025,6
1447,511,2010,23/04/2026,7
1448,510,164,26/03/2026,5
1449,860,3555,09/03/2026,8
1450,204,456,08/08/2025,5
1451,605,3369,14/09/2025,8
1452,46,2908,09/12/2025,10
1453,981,1719,04/07/2025,10
1454,46,1337,05/06/2025,9
1455,624,3251,19/07/2025,5
1456,993,3132,12/10/2025,9
1457,801,2846,16/05/2026,4
1458,395,453,30/04/2026,2
1459,961,1548,07/09/2025,9
1460,456,3673,17/09/2025,5
1461,665,1220,18/01/2026,7
1462,630,1439,26/03/2026,10
1463,67,3765,08/06/2025,1
1464,432,888,15/04/2026,4
1465,360,2732,19/11/2025,5
1466,498,2720,03/05/2026,3
1467,702,643,31/07/2025,2
1468,8,1370,22/09/2025,3
1469,771,3428,13/03/2026,10
1470,192,1685,13/04/2026,1
1471,414,926,11/02/2026,10
1472,177,1190,29/12/2025,10
1473,639,1641,27/02/2026,9
1474,270,4931,14/10/2025,10
1475,113,4728,02/06/2025,3
1476,21,2689,02/07/2025,4
1477,940,3834,14/02/2026,2
1478,987,4029,17/03/2026,4
1479,428,3862,09/05/2026,8
1480,157,1194,30/09/2025,10
1481,786,3497,08/03/2026,5
1482,84,2731,21/03/2026,2
1483,401,200,29/01/2026,1
1484,16,4940,29/12/2025,10
1485,267,699,23/02/2026,10
1486,550,3678,08/04/2026,10
1487,132,2172,16/05/2026,4
1488,81,4660,24/01/2026,5
1489,432,2965,19/09/2025,3
1490,687,1937,02/01/2026,1
1491,705,3197,03/11/2025,3
1492,990,969,22/04/2026,9
1493,305,762,19/12/2025,5
1494,422,1464,07/04/2026,9
1495,923,706,20/01/2026,5
1496,465,2341,01/03/2026,6
1497,372,4606,26/05/2025,6
1498,176,4782,27/06/2025,10
1499,349,2849,03/08/2025,4
1500,538,3481,22/05/2025,4
1501,335,4582,05/10/2025,5
1502,681,3841,01/01/2026,8
1503,559,1856,06/05/2026,9
1504,918,2015,12/02/2026,4
1505,968,2720,03/06/2025,7
1506,852,1564,20/03/2026,7
1507,408,2916,22/10/2025,4
1508,952,373,25/03/2026,9
1509,318,232,24/08/2025,7
1510,202,1338,27/11/2025,8
1511,416,2101,26/04/2026,7
1512,184,3157,22/10/2025,10
1513,71,1473,15/08/2025,10
1514,651,295,08/12/2025,2
1515,171,411,11/04/2026,7
1516,150,1334,11/05/2026,7
1517,195,671,27/04/2026,1
1518,475,3504,18/07/2025,2
1519,708,1708,28/02/2026,5
1520,33,2331,21/01/2026,2
1521,857,403,02/06/2025,5
1522,617,3130,31/01/2026,1
1523,692,4945,20/12/2025,9
1524,516,257,04/02/2026,2
1525,731,247,15/07/2025,9
1526,951,360,15/02/2026,7
1527,130,675,26/05/2025,2
1528,909,4124,13/06/2025,2
1529,38,354,14/12/2025,9
1530,655,4982,22/08/2025,1
1531,962,4946,19/02/2026,6
1532,604,4038,28/02/2026,2
1533,613,3877,26/11/2025,7
1534,240,2865,11/12/2025,2
1535,978,2992,22/01/2026,8
1536,462,185,04/08/2025,8
1537,434,4922,13/11/2025,8
1538,785,652,30/12/2025,8
1539,849,1275,28/02/2026,2
1540,450,1319,18/03/2026,5
1541,161,3047,05/08/2025,6
1542,165,754,12/03/2026,6
1543,680,2950,19/06/2025,4
1544,307,2120,15/09/2025,1
1545,990,1007,08/05/2026,5
1546,74,2300,22/01/2026,6
1547,518,126,10/06/2025,7
1548,887,3058,11/05/2026,3
1549,421,1734,03/12/2025,9
1550,405,3844,02/02/2026,7
1551,378,4971,17/12/2025,6
1552,337,4387,15/06/2025,10
1553,898,1241,03/07/2025,4
1554,348,143,12/06/2025,4
1555,962,2338,24/05/2025,6
1556,624,542,26/11/2025,6
1557,597,2832,24/02/2026,3
1558,306,2027,11/03/2026,8
1559,395,521,10/06/2025,9
1560,660,728,29/03/2026,10
1561,187,2676,18/12/2025,10
1562,259,2180,26/03/2026,8
1563,823,3714,06/07/2025,3
1564,280,4758,16/02/2026,7
1565,813,560,03/02/2026,7
1566,830,3585,19/12/2025,3
1567,190,1630,18/10/2025,4
1568,654,4806,15/07/2025,1
1569,935,1661,17/10/2025,2
1570,327,3148,06/09/2025,1
1571,263,285,16/11/2025,5
1572,38,394,09/01/2026,4
1573,815,498,08/07/2025,10
1574,906,4826,28/08/2025,3
1575,648,3767,18/02/2026,8
1576,770,1423,23/04/2026,10
1577,588,3439,24/04/2026,2
1578,201,3635,25/07/2025,5
1579,639,2177,31/03/2026,8
1580,487,3860,29/12/2025,10
1581,87,4281,03/09/2025,6
1582,958,4804,11/05/2026,4
1583,304,1483,04/09/2025,4
1584,770,4657,07/07/2025,2
1585,68,3760,25/09/2025,6
1586,498,3526,16/10/2025,9
1587,850,3866,31/10/2025,5
1588,137,4882,24/08/2025,8
1589,179,1033,12/01/2026,9
1590,9,3067,21/07/2025,1
1591,810,4024,27/03/2026,5
1592,596,1467,18/08/2025,1
1593,534,3096,30/11/2025,8
1594,221,238,16/02/2026,8
1595,733,212,29/05/2025,7
1596,384,2027,17/09/2025,3
1597,761,361,07/12/2025,3
1598,809,2484,31/08/2025,1
1599,1000,4785,13/06/2025,3
1600,114,3067,08/01/2026,4
1601,192,1554,04/11/2025,7
1602,531,2569,07/10/2025,6
1603,428,3536,09/08/2025,2
1604,54,2574,04/06/2025,10
1605,179,2846,28/11/2025,3
1606,74,3616,10/12/2025,1
1607,674,3723,02/01/2026,1
1608,952,4545,12/10/2025,7
1609,260,3832,04/07/2025,6
1610,127,3496,13/02/2026,1
1611,742,4047,15/09/2025,3
1612,93,2181,24/10/2025,1
1613,503,114,25/12/2025,9
1614,480,3324,29/07/2025,2
1615,547,214,29/05/2025,2
1616,955,3747,11/02/2026,2
1617,986,577,20/04/2026,1
1618,57,3754,25/08/2025,5
1619,923,2781,29/06/2025,9
1620,911,744,09/11/2025,10
1621,91,4921,28/08/2025,6
1622,991,4482,27/01/2026,4
1623,861,1044,26/12/2025,5
1624,37,2489,07/06/2025,1
1625,261,2991,12/12/2025,6
1626,639,4395,28/12/2025,3
1627,405,3795,31/01/2026,6
1628,226,3692,30/05/2025,6
1629,958,2156,25/10/2025,8
1630,383,2870,28/10/2025,7
1631,639,4667,17/01/2026,2
1632,485,474,01/07/2025,3
1633,761,869,24/03/2026,5
1634,324,3101,17/07/2025,9
1635,960,548,19/06/2025,9
1636,154,2188,25/08/2025,3
1637,989,2365,04/01/2026,3
1638,63,2359,24/12/2025,2
1639,959,1577,30/10/2025,1
1640,926,3134,13/11/2025,6
1641,438,2241,11/01/2026,5
1642,798,1995,08/04/2026,2
1643,617,1334,03/06/2025,3
1644,159,1497,06/04/2026,5
1645,423,4279,16/05/2026,1
1646,423,3300,03/08/2025,7
1647,44,962,22/01/2026,1
1648,334,1861,23/02/2026,4
1649,561,194,08/03/2026,10
1650,422,732,15/06/2025,3
1651,247,1342,17/07/2025,4
1652,605,1796,24/02/2026,5
1653,250,2408,22/04/2026,8
1654,956,3563,23/06/2025,9
1655,811,1426,04/05/2026,9
1656,104,1967,17/09/2025,7
1657,509,1710,18/06/2025,10
1658,882,3945,25/12/2025,4
1659,371,4291,14/11/2025,8
1660,350,3144,08/11/2025,7
1661,240,1874,08/01/2026,8
1662,462,114,25/08/2025,9
1663,960,4945,16/01/2026,4
1664,970,1325,17/03/2026,5
1665,615,910,18/01/2026,5
1666,420,4566,15/09/2025,6
1667,46,1653,20/10/2025,4
1668,347,2341,31/05/2025,5
1669,597,625,19/11/2025,7
1670,84,4750,24/09/2025,2
1671,764,1681,19/03/2026,5
1672,416,840,02/11/2025,1
1673,583,4861,25/11/2025,2
1674,574,2925,01/12/2025,5
1675,769,2881,03/06/2025,7
1676,716,2542,26/03/2026,6
1677,256,784,12/11/2025,6
1678,492,1953,18/06/2025,3
1679,757,2670,02/02/2026,1
1680,482,757,30/08/2025,6
1681,79,3530,24/04/2026,9
1682,980,4720,08/12/2025,6
1683,995,1138,16/02/2026,6
1684,864,987,15/08/2025,5
1685,676,1443,04/08/2025,2
1686,160,1089,03/03/2026,7
1687,431,1106,30/08/2025,7
1688,511,3667,05/11/2025,6
1689,427,1865,09/07/2025,8
1690,13,2651,10/07/2025,2
1691,982,1222,30/05/2025,5
1692,974,4660,27/09/2025,1
1693,587,108,07/05/2026,3
1694,517,3554,19/11/2025,7
1695,461,4401,13/08/2025,10
1696,938,2369,23/08/2025,1
1697,431,238,02/07/2025,3
1698,731,2682,18/11/2025,10
1699,609,3912,16/05/2026,9
1700,517,758,01/09/2025,4
1701,33,2663,01/02/2026,9
1702,15,3780,13/08/2025,6
1703,131,3516,12/09/2025,5
1704,748,3216,01/04/2026,2
1705,38,4958,06/08/2025,6
1706,950,3324,08/01/2026,5
1707,865,4754,20/08/2025,1
1708,171,3436,16/04/2026,7
1709,204,3139,08/02/2026,10
1710,996,3999,22/03/2026,7
1711,198,1128,14/03/2026,6
1712,360,1287,29/08/2025,4
1713,526,1413,26/05/2025,4
1714,959,958,05/03/2026,1
1715,443,3690,08/11/2025,4
1716,123,1428,30/11/2025,10
1717,916,4898,10/11/2025,5
1718,512,2846,29/03/2026,5
1719,234,3724,16/12/2025,6
1720,380,2716,24/11/2025,6
1721,554,4860,02/09/2025,3
1722,243,1177,12/08/2025,5
1723,417,610,09/04/2026,9
1724,927,2534,28/12/2025,3
1725,114,1915,29/07/2025,3
1726,121,846,05/10/2025,5
1727,748,2625,27/01/2026,6
1728,41,4937,31/07/2025,7
1729,638,3455,04/03/2026,4
1730,518,3982,28/02/2026,1
1731,288,1865,16/02/2026,5
1732,262,2715,01/01/2026,4
1733,417,2680,09/02/2026,2
1734,658,1175,03/04/2026,3
1735,778,3374,07/08/2025,3
1736,927,2854,30/05/2025,7
1737,22,4072,14/04/2026,3
1738,994,4973,16/11/2025,7
1739,793,2541,04/05/2026,1
1740,654,3708,30/12/2025,1
1741,519,658,23/08/2025,9
1742,656,2929,27/07/2025,4
1743,115,489,22/10/2025,8
1744,660,1810,27/08/2025,10
1745,327,2999,23/10/2025,6
1746,716,2587,15/06/2025,9
1747,949,2470,04/12/2025,8
1748,772,2504,10/05/2026,4
1749,369,2721,07/12/2025,10
1750,968,4301,30/05/2025,10
1751,622,2548,12/02/2026,5
1752,649,1466,15/04/2026,10
1753,833,3226,22/11/2025,4
1754,641,2854,13/03/2026,6
1755,923,3982,01/01/2026,9
1756,974,2441,03/03/2026,8
1757,422,1250,11/05/2026,7
1758,782,957,05/12/2025,8
1759,752,3901,08/02/2026,5
1760,922,4269,28/04/2026,6
1761,540,1383,28/10/2025,1
1762,907,1046,13/09/2025,5
1763,898,3925,04/05/2026,4
1764,562,4623,31/12/2025,8
1765,938,3147,10/01/2026,8
1766,188,4195,20/06/2025,9
1767,774,2537,30/07/2025,3
1768,138,279,22/11/2025,8
1769,516,2952,27/11/2025,9
1770,636,2058,31/05/2025,1
1771,778,3617,16/09/2025,8
1772,157,119,03/11/2025,10
1773,978,2835,05/07/2025,2
1774,127,1406,20/03/2026,9
1775,527,1577,28/11/2025,1
1776,43,2791,13/03/2026,3
1777,892,2321,15/11/2025,6
1778,818,1758,27/04/2026,8
1779,394,141,08/09/2025,1
1780,661,2873,13/03/2026,1
1781,254,1334,26/11/2025,9
1782,485,2787,05/05/2026,10
1783,173,4205,18/02/2026,1
1784,983,445,30/06/2025,4
1785,206,1973,18/01/2026,8
1786,84,819,06/01/2026,4
1787,93,1717,30/09/2025,6
1788,224,625,02/01/2026,2
1789,201,887,05/07/2025,6
1790,379,3426,20/10/2025,7
1791,7,3444,15/10/2025,5
1792,314,232,07/08/2025,5
1793,686,4359,31/05/2025,8
1794,46,4176,23/12/2025,4
1795,153,4443,07/05/2026,4
1796,229,834,02/09/2025,6
1797,837,636,21/06/2025,2
1798,116,446,09/12/2025,2
1799,527,394,14/03/2026,3
1800,533,2441,26/12/2025,5
1801,320,364,24/10/2025,8
1802,934,1716,29/05/2025,2
1803,207,2732,12/03/2026,4
1804,403,2928,24/11/2025,4
1805,18,3309,07/02/2026,6
1806,854,1803,24/11/2025,1
1807,681,3887,08/07/2025,8
1808,239,4703,31/03/2026,1
1809,335,4980,31/07/2025,1
1810,912,1302,12/08/2025,4
1811,470,3021,22/10/2025,7
1812,315,4500,25/10/2025,7
1813,398,3498,28/07/2025,3
1814,180,1957,11/09/2025,5
1815,452,2053,04/06/2025,2
1816,408,900,17/05/2026,4
1817,527,3442,15/08/2025,8
1818,277,1291,08/11/2025,5
1819,266,4891,24/03/2026,3
1820,401,1512,22/06/2025,9
1821,444,3879,12/10/2025,1
1822,929,1753,29/12/2025,10
1823,109,2046,08/09/2025,5
1824,611,575,03/07/2025,10
1825,961,3812,16/04/2026,4
1826,55,3954,05/04/2026,9
1827,304,1773,27/07/2025,3
1828,516,3575,12/05/2026,10
1829,695,1341,27/12/2025,9
1830,497,1022,27/12/2025,10
1831,741,4795,25/01/2026,1
1832,604,3169,02/08/2025,6
1833,131,305,17/07/2025,5
1834,982,1625,28/06/2025,3
1835,151,542,12/12/2025,4
1836,11,662,01/06/2025,8
1837,712,2857,09/12/2025,5
1838,344,4707,29/11/2025,8
1839,466,4818,01/12/2025,7
1840,987,1525,08/06/2025,6
1841,473,920,06/05/2026,5
1842,510,459,17/08/2025,6
1843,837,2168,19/11/2025,9
1844,143,1922,28/12/2025,5
1845,45,1711,24/04/2026,9
1846,855,2256,11/06/2025,4
1847,15,3044,25/06/2025,1
1848,339,4607,25/12/2025,4
1849,878,4144,15/03/2026,7
1850,927,4556,07/07/2025,4
1851,631,2343,12/09/2025,4
1852,82,1983,24/04/2026,9
1853,321,3824,14/06/2025,6
1854,143,1636,26/03/2026,4
1855,110,3986,06/10/2025,4
1856,714,2840,26/06/2025,9
1857,452,915,04/10/2025,7
1858,76,4350,03/06/2025,5
1859,575,2092,26/09/2025,10
1860,95,4363,09/04/2026,8
1861,272,126,09/03/2026,2
1862,965,2744,14/03/2026,2
1863,539,2701,19/05/2025,10
1864,825,249,13/05/2026,9
1865,812,2197,08/10/2025,6
1866,936,4578,06/06/2025,1
1867,761,3903,12/12/2025,6
1868,622,4373,04/01/2026,2
1869,881,2441,16/05/2026,4
1870,789,4418,27/03/2026,8
1871,677,669,20/10/2025,1
1872,251,943,17/03/2026,4
1873,454,3654,29/05/2025,4
1874,322,4192,21/03/2026,3
1875,237,1255,16/02/2026,1
1876,774,4089,07/11/2025,4
1877,93,3431,10/03/2026,1
1878,203,473,09/11/2025,7
1879,709,1319,25/02/2026,3
1880,269,3416,11/01/2026,3
1881,400,1108,04/03/2026,6
1882,938,3513,19/12/2025,7
1883,3,4507,21/12/2025,9
1884,132,1761,12/04/2026,10
1885,169,2041,13/03/2026,9
1886,475,4216,17/12/2025,4
1887,706,1935,29/04/2026,7
1888,946,430,15/07/2025,2
1889,294,2954,27/09/2025,1
1890,494,1282,19/06/2025,6
1891,310,2152,07/12/2025,8
1892,515,3214,28/10/2025,1
1893,833,285,22/05/2025,7
1894,326,2956,21/08/2025,3
1895,773,727,10/06/2025,9
1896,259,3691,25/08/2025,8
1897,913,4136,20/04/2026,2
1898,242,2747,26/06/2025,5
1899,832,4601,17/03/2026,6
1900,247,2102,30/01/2026,7
1901,578,987,02/06/2025,6
1902,814,3944,12/11/2025,3
1903,682,4934,05/02/2026,5
1904,926,2946,29/07/2025,5
1905,210,3821,08/02/2026,2
1906,220,2805,25/09/2025,6
1907,927,2052,16/07/2025,5
1908,150,3627,15/01/2026,3
1909,776,1273,23/11/2025,7
1910,478,827,16/06/2025,1
1911,613,975,23/07/2025,3
1912,520,3928,27/06/2025,6
1913,594,4691,06/08/2025,4
1914,750,4669,07/10/2025,3
1915,532,2293,30/10/2025,6
1916,706,4409,14/02/2026,6
1917,68,3259,31/03/2026,1
1918,993,1400,01/01/2026,4
1919,107,2574,13/05/2026,4
1920,492,3344,17/10/2025,2
1921,12,2237,31/08/2025,9
1922,336,2312,03/05/2026,6
1923,967,3664,06/06/2025,2
1924,889,2627,23/04/2026,1
1925,555,4564,31/05/2025,6
1926,480,2715,23/11/2025,6
1927,947,4090,29/10/2025,10
1928,140,3432,30/12/2025,6
1929,670,585,14/09/2025,5
1930,264,3890,21/01/2026,1
1931,458,839,03/06/2025,4
1932,5,4662,29/09/2025,3
1933,97,3754,20/08/2025,8
1934,232,2339,21/12/2025,10
1935,315,4137,17/04/2026,9
1936,305,3637,19/04/2026,10
1937,343,3103,26/11/2025,10
1938,128,4692,06/05/2026,5
1939,495,2253,14/07/2025,10
1940,327,1161,18/10/2025,10
1941,255,4466,16/05/2026,3
1942,655,1118,16/04/2026,4
1943,601,541,08/11/2025,7
1944,309,3196,19/07/2025,8
1945,740,386,04/04/2026,1
1946,105,4815,04/11/2025,4
1947,314,2257,26/09/2025,10
1948,546,4150,29/04/2026,9
1949,24,1757,06/03/2026,1
1950,17,128,28/04/2026,3
1951,754,2010,18/09/2025,7
1952,771,714,11/09/2025,6
1953,81,331,23/01/2026,4
1954,745,256,26/03/2026,2
1955,737,4304,14/07/2025,10
1956,31,1396,04/01/2026,10
1957,78,4771,28/11/2025,6
1958,160,487,16/11/2025,9
1959,148,1288,26/07/2025,5
1960,507,3633,18/01/2026,8
1961,632,405,21/08/2025,10
1962,68,2081,01/11/2025,4
1963,390,3667,14/05/2026,9
1964,608,999,19/09/2025,4
1965,199,2257,12/02/2026,2
1966,767,1274,13/03/2026,9
1967,177,1138,06/10/2025,7
1968,324,854,30/04/2026,4
1969,803,2752,16/02/2026,5
1970,252,612,23/04/2026,9
1971,425,356,06/05/2026,1
1972,297,2646,04/06/2025,2
1973,750,194,14/07/2025,5
1974,102,2089,29/03/2026,10
1975,595,382,16/08/2025,3
1976,616,1861,23/10/2025,7
1977,8,2774,08/12/2025,8
1978,97,4645,17/03/2026,7
1979,439,1161,18/07/2025,5
1980,614,1622,25/04/2026,7
1981,394,1514,26/09/2025,5
1982,452,2279,08/12/2025,6
1983,801,2389,16/04/2026,3
1984,851,2834,21/11/2025,9
1985,602,551,31/01/2026,10
1986,899,351,01/08/2025,6
1987,866,4895,16/03/2026,5
1988,438,1034,10/02/2026,2
1989,681,640,14/09/2025,6
1990,798,1930,06/08/2025,6
1991,609,2586,08/03/2026,1
1992,796,3496,28/05/2025,1
1993,851,3716,27/04/2026,2
1994,372,3518,16/04/2026,1
1995,678,3964,16/01/2026,4
1996,206,3505,29/11/2025,2
1997,764,270,05/05/2026,8
1998,259,1160,07/04/2026,4
1999,315,3518,23/04/2026,1
2000,205,2462,25/02/2026,7
2001,369,2344,24/10/2025,4
2002,142,2191,09/08/2025,1
2003,852,3402,31/10/2025,10
2004,378,2633,12/01/2026,3
2005,166,1587,05/03/2026,10
2006,928,1011,02/08/2025,10
2007,889,4954,25/12/2025,9
2008,779,3481,05/11/2025,8
2009,512,2833,20/01/2026,9
2010,347,1532,11/09/2025,4
2011,426,1324,27/11/2025,7
2012,257,3839,09/08/2025,8
2013,429,1028,25/08/2025,10
2014,946,215,02/05/2026,5
2015,359,3387,14/03/2026,4
2016,165,3475,20/04/2026,6
2017,687,2750,05/06/2025,8
2018,237,139,16/06/2025,4
2019,504,1005,02/09/2025,4
2020,224,4462,13/02/2026,8
2021,492,4572,08/06/2025,9
2022,89,1458,05/04/2026,3
2023,682,2016,03/07/2025,3
2024,119,2484,21/01/2026,10
2025,205,4937,12/06/2025,10
2026,990,4863,19/05/2025,2
2027,772,4173,05/04/2026,4
2028,938,2110,07/04/2026,6
2029,999,1032,14/04/2026,8
2030,82,4442,11/12/2025,2
2031,683,993,23/02/2026,6
2032,345,1395,11/08/2025,10
2033,817,3328,25/07/2025,7
2034,616,2659,16/01/2026,5
2035,733,2023,07/03/2026,2
2036,285,839,11/05/2026,7
2037,25,4791,13/10/2025,4
2038,317,2165,16/11/2025,1
2039,860,2909,04/03/2026,6
2040,703,2104,01/05/2026,5
2041,186,4161,31/10/2025,10
2042,99,1619,19/04/2026,2
2043,366,891,11/06/2025,4
2044,115,4343,01/06/2025,6
2045,350,3453,21/01/2026,3
2046,787,354,16/09/2025,7
2047,964,3608,15/08/2025,1
2048,764,168,06/12/2025,5
2049,600,1999,09/11/2025,5
2050,718,4535,19/09/2025,10
2051,146,3601,01/12/2025,7
2052,822,2362,17/12/2025,3
2053,695,4126,09/01/2026,9
2054,594,566,19/09/2025,4
2055,506,1378,28/10/2025,8
2056,129,3202,09/04/2026,8
2057,83,4698,03/07/2025,5
2058,218,2314,10/05/2026,3
2059,942,4734,26/11/2025,4
2060,661,1695,17/12/2025,3
2061,561,3463,10/04/2026,3
2062,481,4218,11/05/2026,2
2063,374,500,21/12/2025,2
2064,630,1359,10/10/2025,2
2065,474,2768,26/05/2025,9
2066,575,1524,24/01/2026,7
2067,896,2035,23/08/2025,10
2068,724,1226,25/03/2026,8
2069,110,3037,22/05/2025,2
2070,974,3218,06/12/2025,1
2071,979,1696,04/02/2026,7
2072,655,4172,13/08/2025,7
2073,777,1045,12/03/2026,10
2074,19,1620,23/12/2025,4
2075,950,3384,22/02/2026,6
2076,917,778,28/03/2026,1
2077,449,417,10/01/2026,1
2078,873,3548,17/04/2026,9
2079,82,205,14/07/2025,8
2080,384,2975,29/06/2025,5
2081,679,1904,25/10/2025,8
2082,110,4606,21/03/2026,7
2083,397,2506,24/01/2026,5
2084,649,484,04/08/2025,7
2085,263,2691,15/01/2026,1
2086,388,4114,07/07/2025,4
2087,551,2463,02/04/2026,1
2088,233,3517,04/05/2026,3
2089,866,4871,23/10/2025,6
2090,991,4786,30/06/2025,10
2091,721,3265,23/04/2026,5
2092,184,4158,13/04/2026,3
2093,871,2459,27/02/2026,1
2094,316,4880,05/10/2025,7
2095,138,4925,14/03/2026,6
2096,774,4542,23/11/2025,8
2097,857,701,01/08/2025,7
2098,151,3797,23/02/2026,6
2099,372,421,16/07/2025,10
2100,463,1622,29/08/2025,7
2101,146,4825,26/09/2025,4
2102,414,2003,01/12/2025,9
2103,427,4982,04/09/2025,8
2104,382,570,21/01/2026,7
2105,73,3401,17/05/2026,9
2106,454,866,14/05/2026,9
2107,704,1080,26/03/2026,2
2108,344,334,12/10/2025,10
2109,179,1787,29/08/2025,5
2110,271,3999,01/08/2025,1
2111,714,3532,20/04/2026,6
2112,894,3360,07/08/2025,8
2113,555,3600,11/05/2026,6
2114,111,207,01/10/2025,1
2115,674,4937,05/01/2026,1
2116,804,343,21/03/2026,6
2117,701,2995,30/07/2025,2
2118,591,4349,03/11/2025,7
2119,734,1559,08/08/2025,8
2120,129,4666,16/12/2025,6
2121,655,4530,30/04/2026,4
2122,676,2215,05/09/2025,3
2123,561,1458,26/10/2025,4
2124,732,3537,08/07/2025,6
2125,946,1917,06/01/2026,10
2126,539,3650,10/10/2025,5
2127,899,324,13/11/2025,10
2128,266,1362,13/01/2026,1
2129,728,4151,01/07/2025,8
2130,991,1107,13/03/2026,6
2131,923,4774,28/04/2026,2
2132,466,4689,08/06/2025,3
2133,21,2644,22/09/2025,3
2134,784,1855,02/05/2026,5
2135,688,4679,02/10/2025,4
2136,486,217,19/05/2025,1
2137,467,1928,16/09/2025,5
2138,820,1225,04/02/2026,9
2139,537,4336,09/06/2025,7
2140,710,1697,26/12/2025,10
2141,562,4425,24/04/2026,10
2142,13,4953,28/02/2026,7
2143,901,4497,22/01/2026,9
2144,922,749,25/04/2026,3
2145,345,2316,18/05/2026,4
2146,172,4529,12/01/2026,5
2147,111,554,04/12/2025,9
2148,463,2255,04/07/2025,7
2149,646,4814,13/07/2025,7
2150,935,4891,21/08/2025,9
2151,168,2632,31/05/2025,7
2152,603,1603,03/05/2026,1
2153,708,2656,26/03/2026,2
2154,747,4229,26/05/2025,5
2155,500,1077,19/05/2025,9
2156,415,3548,12/07/2025,10
2157,570,4238,27/02/2026,7
2158,612,3734,23/05/2025,1
2159,69,516,26/11/2025,2
2160,274,3214,01/02/2026,9
2161,545,4196,29/04/2026,5
2162,980,4216,11/09/2025,9
2163,169,3221,17/06/2025,1
2164,226,2408,31/08/2025,5
2165,376,1793,16/09/2025,2
2166,605,3838,21/12/2025,4
2167,215,1429,30/12/2025,7
2168,952,3386,16/01/2026,9
2169,511,3782,07/01/2026,5
2170,430,3189,23/07/2025,4
2171,574,4336,22/06/2025,7
2172,271,2532,10/10/2025,6
2173,118,1560,18/02/2026,1
2174,255,3814,17/05/2026,3
2175,574,1130,28/06/2025,3
2176,457,2352,06/06/2025,9
2177,781,3380,07/06/2025,9
2178,227,3072,18/03/2026,5
2179,1000,1755,28/05/2025,7
2180,640,261,03/03/2026,7
2181,839,1562,02/04/2026,6
2182,616,3970,06/05/2026,1
2183,853,4072,30/05/2025,4
2184,85,1568,01/05/2026,10
2185,614,4492,22/01/2026,7
2186,797,3106,13/03/2026,7
2187,995,2835,18/08/2025,2
2188,214,183,17/02/2026,10
2189,578,500,11/05/2026,2
2190,963,1131,14/04/2026,5
2191,507,4723,26/11/2025,1
2192,976,3454,07/05/2026,8
2193,744,3366,12/09/2025,5
2194,445,2181,27/08/2025,6
2195,395,1251,03/03/2026,8
2196,69,4480,14/01/2026,1
2197,818,2727,09/12/2025,9
2198,268,399,30/06/2025,9
2199,62,4311,29/03/2026,6
2200,260,3017,02/05/2026,6
2201,299,4685,12/11/2025,6
2202,38,4801,09/08/2025,4
2203,385,306,26/06/2025,9
2204,835,4318,05/02/2026,4
2205,958,1276,07/07/2025,4
2206,971,2691,03/09/2025,6
2207,492,539,26/01/2026,2
2208,4,4351,11/12/2025,5
2209,588,3440,02/05/2026,4
2210,901,3629,16/03/2026,2
2211,104,1652,23/04/2026,4
2212,542,2343,11/08/2025,7
2213,755,462,28/08/2025,3
2214,154,2835,10/02/2026,6
2215,349,162,29/08/2025,9
2216,899,704,31/07/2025,6
2217,91,4957,07/07/2025,7
2218,299,4667,31/03/2026,6
2219,822,2957,09/01/2026,5
2220,855,2656,16/01/2026,8
2221,278,1314,19/07/2025,9
2222,862,3528,17/02/2026,4
2223,807,4808,22/12/2025,5
2224,39,942,10/08/2025,6
2225,405,4873,11/03/2026,6
2226,793,3449,07/11/2025,5
2227,686,3200,03/05/2026,6
2228,469,4826,15/06/2025,7
2229,491,953,15/08/2025,5
2230,466,913,17/09/2025,5
2231,851,1123,24/04/2026,1
2232,43,1765,20/10/2025,1
2233,554,3858,28/06/2025,10
2234,720,4161,03/01/2026,5
2235,915,3428,19/07/2025,5
2236,686,3836,05/09/2025,9
2237,542,407,19/05/2025,3
2238,718,3118,12/08/2025,9
2239,708,3600,04/05/2026,2
2240,334,3079,26/12/2025,2
2241,833,2867,09/04/2026,9
2242,192,672,12/12/2025,3
2243,603,2863,21/04/2026,3
2244,880,963,05/08/2025,9
2245,804,2601,30/05/2025,9
2246,429,1337,25/02/2026,6
2247,481,2752,10/09/2025,10
2248,728,772,20/09/2025,10
2249,91,595,19/07/2025,10
2250,10,2781,14/02/2026,3
2251,656,3742,18/07/2025,10
2252,601,1978,30/01/2026,10
2253,692,178,16/10/2025,1
2254,537,796,21/10/2025,2
2255,507,382,24/01/2026,8
2256,33,1889,15/07/2025,2
2257,720,4138,09/12/2025,10
2258,520,557,11/11/2025,9
2259,310,732,05/05/2026,2
2260,913,3152,29/05/2025,7
2261,682,3005,15/12/2025,6
2262,582,419,28/10/2025,4
2263,983,3254,03/12/2025,9
2264,132,2116,30/03/2026,9
2265,713,573,11/09/2025,3
2266,942,3331,20/07/2025,7
2267,1000,1337,17/03/2026,9
2268,519,1413,12/09/2025,2
2269,154,2997,28/09/2025,8
2270,271,4993,06/04/2026,1
2271,209,1544,19/05/2025,8
2272,722,3600,27/06/2025,8
2273,602,4342,01/02/2026,8
2274,265,204,26/08/2025,5
2275,652,2137,28/05/2025,9
2276,706,3937,03/11/2025,10
2277,799,3806,15/04/2026,5
2278,76,3801,24/04/2026,8
2279,765,4318,03/08/2025,5
2280,842,2605,10/10/2025,6
2281,451,4689,30/11/2025,5
2282,971,3372,22/01/2026,9
2283,431,4624,25/05/2025,3
2284,147,1102,23/08/2025,6
2285,36,4509,22/05/2025,6
2286,944,3200,26/11/2025,9
2287,134,915,16/11/2025,9
2288,213,1261,01/11/2025,3
2289,400,1829,06/02/2026,7
2290,151,441,11/09/2025,3
2291,756,1214,12/10/2025,3
2292,832,1209,27/11/2025,6
2293,996,1059,20/01/2026,5
2294,992,117,27/11/2025,2
2295,178,4599,15/06/2025,4
2296,742,4789,10/12/2025,9
2297,527,4966,23/11/2025,1
2298,429,570,01/01/2026,2
2299,305,2890,18/10/2025,9
2300,398,1816,04/12/2025,7
2301,861,3320,05/09/2025,10
2302,809,3041,09/01/2026,5
2303,687,1839,22/08/2025,5
2304,993,4259,18/11/2025,1
2305,458,4136,29/06/2025,7
2306,983,346,29/03/2026,7
2307,596,3079,17/08/2025,6
2308,714,626,24/12/2025,6
2309,913,2524,28/08/2025,1
2310,935,3274,05/05/2026,5
2311,907,1184,03/10/2025,9
2312,689,254,15/05/2026,7
2313,142,4103,17/06/2025,1
2314,402,3561,07/10/2025,10
2315,755,4004,12/08/2025,7
2316,998,4411,13/10/2025,1
2317,500,447,26/07/2025,1
2318,263,845,08/06/2025,8
2319,93,1274,24/07/2025,4
2320,93,4159,27/05/2025,9
2321,854,497,13/07/2025,8
2322,877,3338,11/08/2025,9
2323,520,4851,06/11/2025,9
2324,582,4501,05/03/2026,6
2325,655,4867,14/05/2026,3
2326,760,1614,11/01/2026,6
2327,104,3734,21/10/2025,4
2328,364,3479,13/11/2025,6
2329,41,3256,19/12/2025,9
2330,542,1355,03/05/2026,1
2331,853,3786,21/08/2025,3
2332,751,4012,11/09/2025,7
2333,623,478,07/06/2025,1
2334,655,2370,18/12/2025,7
2335,679,1427,29/10/2025,6
2336,123,1577,11/03/2026,10
2337,300,2888,14/06/2025,4
2338,483,823,11/09/2025,5
2339,706,822,30/05/2025,6
2340,112,434,22/05/2025,6
2341,40,3040,07/06/2025,10
2342,470,739,07/11/2025,9
2343,329,4664,10/03/2026,3
2344,208,1021,03/11/2025,10
2345,987,2285,02/04/2026,10
2346,569,2873,08/09/2025,8
2347,880,2540,29/03/2026,3
2348,231,2629,05/07/2025,1
2349,740,2255,29/11/2025,5
2350,241,1895,10/04/2026,10
2351,784,4039,09/06/2025,8
2352,896,3795,08/12/2025,8
2353,791,3579,02/09/2025,1
2354,992,4284,04/10/2025,4
2355,712,4017,10/08/2025,8
2356,788,3090,29/11/2025,3
2357,73,173,01/02/2026,5
2358,455,711,12/04/2026,8
2359,880,1301,19/10/2025,10
2360,410,2893,19/01/2026,4
2361,778,1657,20/05/2025,5
2362,694,4287,12/07/2025,5
2363,941,1852,22/05/2025,10
2364,72,1178,12/04/2026,5
2365,868,996,23/02/2026,1
2366,437,3905,09/09/2025,1
2367,219,1831,17/03/2026,8
2368,432,4870,21/05/2025,9
2369,793,3987,10/02/2026,3
2370,287,4427,02/05/2026,7
2371,471,2283,04/04/2026,9
2372,578,4815,06/12/2025,3
2373,962,3308,01/07/2025,1
2374,945,3855,04/05/2026,9
2375,301,4560,29/07/2025,6
2376,901,176,14/08/2025,5
2377,639,1152,26/09/2025,1
2378,730,4489,01/03/2026,1
2379,836,3595,26/03/2026,8
2380,533,1299,25/06/2025,5
2381,825,4819,13/05/2026,6
2382,981,1299,28/01/2026,9
2383,113,2273,11/08/2025,3
2384,863,1523,22/01/2026,9
2385,731,115,22/10/2025,2
2386,459,4954,02/07/2025,7
2387,114,3049,05/06/2025,1
2388,759,2251,26/03/2026,3
2389,821,1870,04/02/2026,3
2390,301,606,12/09/2025,8
2391,372,1876,01/04/2026,2
2392,752,941,01/02/2026,5
2393,694,1653,24/06/2025,6
2394,193,1744,09/10/2025,7
2395,168,3311,22/02/2026,9
2396,740,179,12/08/2025,10
2397,746,1128,14/01/2026,3
2398,635,2430,09/12/2025,4
2399,27,3753,10/10/2025,5
2400,835,1104,28/10/2025,1
2401,136,4038,01/10/2025,6
2402,465,2866,09/02/2026,5
2403,103,4746,19/08/2025,9
2404,68,186,05/06/2025,3
2405,335,1967,28/08/2025,6
2406,881,1780,14/01/2026,2
2407,856,2728,07/03/2026,10
2408,760,4124,06/09/2025,2
2409,500,2562,06/09/2025,3
2410,878,349,19/10/2025,1
2411,906,1162,23/12/2025,4
2412,826,3082,21/11/2025,5
2413,763,254,01/07/2025,3
2414,487,4801,11/08/2025,9
2415,257,795,12/10/2025,2
2416,940,3304,01/02/2026,1
2417,437,1027,02/06/2025,4
2418,722,1912,20/04/2026,7
2419,142,177,12/08/2025,5
2420,612,3023,12/09/2025,8
2421,300,693,24/08/2025,9
2422,384,851,16/05/2026,8
2423,600,627,26/10/2025,4
2424,184,345,19/02/2026,8
2425,828,4233,18/04/2026,3
2426,724,493,27/02/2026,10
2427,35,3840,04/02/2026,7
2428,676,1931,08/10/2025,1
2429,349,1423,28/09/2025,5
2430,332,4968,17/09/2025,1
2431,308,907,14/07/2025,9
2432,256,3732,16/10/2025,2
2433,28,2091,04/04/2026,10
2434,298,2945,05/07/2025,6
2435,580,4795,04/08/2025,6
2436,970,3773,12/07/2025,5
2437,183,3483,01/01/2026,5
2438,54,531,09/11/2025,2
2439,662,643,15/08/2025,2
2440,481,2744,25/01/2026,6
2441,724,1207,07/12/2025,4
2442,37,1813,21/10/2025,3
2443,418,1388,11/12/2025,9
2444,950,728,03/09/2025,9
2445,589,4727,09/05/2026,8
2446,893,4798,13/06/2025,9
2447,828,915,16/08/2025,6
2448,237,1276,05/05/2026,3
2449,865,4284,30/12/2025,8
2450,358,3984,14/01/2026,5
2451,628,3733,29/05/2025,3
2452,942,2693,09/11/2025,4
2453,490,2110,31/08/2025,1
2454,767,2043,26/05/2025,6
2455,577,4313,29/05/2025,8
2456,450,1989,22/12/2025,3
2457,805,4871,06/07/2025,7
2458,141,639,07/06/2025,5
2459,459,2616,19/11/2025,8
2460,421,3033,25/10/2025,1
2461,91,3571,13/02/2026,10
2462,534,2169,06/04/2026,8
2463,762,1231,10/05/2026,1
2464,685,1650,10/02/2026,6
2465,143,2939,17/12/2025,6
2466,401,3945,22/01/2026,4
2467,768,706,01/12/2025,4
2468,634,3690,23/11/2025,9
2469,202,4569,09/06/2025,5
2470,948,2200,05/03/2026,9
2471,95,3250,30/05/2025,7
2472,73,157,18/06/2025,4
2473,431,3760,11/10/2025,9
2474,335,1861,28/11/2025,3
2475,805,2982,06/01/2026,8
2476,506,910,12/10/2025,2
2477,663,4212,12/03/2026,7
2478,333,430,02/01/2026,10
2479,303,1736,10/09/2025,4
2480,15,3029,27/06/2025,6
2481,184,4008,11/05/2026,8
2482,988,3731,09/07/2025,5
2483,389,1748,26/03/2026,1
2484,845,2818,04/05/2026,7
2485,197,2165,03/12/2025,2
2486,131,4479,31/03/2026,8
2487,169,4068,15/07/2025,7
2488,307,4848,26/04/2026,10
2489,790,794,12/11/2025,7
2490,619,4378,10/08/2025,5
2491,59,854,09/03/2026,8
2492,807,4908,21/03/2026,1
2493,422,4471,26/11/2025,3
2494,596,3839,21/06/2025,6
2495,463,4785,28/12/2025,10
2496,468,1566,18/10/2025,3
2497,207,4122,04/10/2025,7
2498,734,2400,15/01/2026,5
2499,351,2212,24/02/2026,7
2500,200,854,30/11/2025,3
2501,71,3744,18/04/2026,5
2502,7,2297,25/10/2025,6
2503,534,4364,21/06/2025,4
2504,376,4314,14/01/2026,6
2505,762,2873,27/10/2025,7
2506,738,3783,13/04/2026,6
2507,722,802,12/05/2026,5
2508,711,747,24/09/2025,3
2509,790,4505,26/12/2025,2
2510,73,1587,03/08/2025,2
2511,318,4051,28/09/2025,1
2512,491,4135,25/09/2025,10
2513,430,3170,04/05/2026,4
2514,21,2724,21/02/2026,10
2515,874,4197,28/02/2026,8
2516,444,3426,25/04/2026,8
2517,494,4804,16/11/2025,1
2518,591,1300,19/12/2025,3
2519,895,3733,13/04/2026,7
2520,788,1975,04/12/2025,4
2521,224,1075,26/05/2025,1
2522,969,788,13/04/2026,10
2523,775,4595,18/10/2025,5
2524,650,1379,24/12/2025,3
2525,559,619,03/03/2026,6
2526,727,2231,25/07/2025,6
2527,774,289,09/05/2026,1
2528,683,4881,17/10/2025,8
2529,835,3543,21/05/2025,8
2530,664,2930,18/02/2026,1
2531,262,1202,07/02/2026,2
2532,919,4356,30/07/2025,10
2533,955,2731,31/05/2025,8
2534,23,2928,19/02/2026,10
2535,990,359,15/02/2026,5
2536,393,2400,30/07/2025,7
2537,527,3631,27/10/2025,6
2538,640,1536,05/07/2025,6
2539,316,1973,29/12/2025,3
2540,481,2868,06/07/2025,6
2541,241,544,23/04/2026,7
2542,111,4221,18/02/2026,1
2543,208,4375,25/07/2025,4
2544,385,2557,27/11/2025,2
2545,507,195,22/03/2026,9
2546,613,1158,12/11/2025,6
2547,524,2127,16/10/2025,9
2548,177,4392,17/04/2026,3
2549,459,3306,07/11/2025,4
2550,681,388,01/09/2025,7
2551,823,4746,19/08/2025,2
2552,652,3338,09/12/2025,10
2553,425,3744,26/10/2025,7
2554,184,4862,13/06/2025,3
2555,872,2029,30/12/2025,8
2556,104,323,05/09/2025,8
2557,377,3788,29/06/2025,5
2558,534,4232,09/11/2025,2
2559,291,1487,21/11/2025,5
2560,135,983,13/05/2026,4
2561,360,272,25/10/2025,8
2562,500,1543,14/06/2025,8
2563,968,3431,08/06/2025,6
2564,781,4651,25/03/2026,1
2565,112,4596,24/05/2025,5
2566,205,1591,23/08/2025,3
2567,255,532,17/09/2025,8
2568,990,2470,14/08/2025,8
2569,774,1994,28/03/2026,4
2570,831,443,17/02/2026,2
2571,457,3424,25/10/2025,10
2572,73,2984,06/02/2026,5
2573,163,4486,03/03/2026,6
2574,825,4759,10/08/2025,2
2575,103,847,18/06/2025,5
2576,505,3644,30/09/2025,10
2577,105,1109,15/05/2026,9
2578,591,2727,05/02/2026,7
2579,182,1410,06/12/2025,2
2580,862,202,01/11/2025,1
2581,658,4546,19/09/2025,8
2582,885,3659,08/01/2026,4
2583,751,209,29/09/2025,4
2584,998,699,07/11/2025,8
2585,471,3298,04/09/2025,6
2586,948,1986,22/12/2025,9
2587,579,2444,22/10/2025,2
2588,666,4974,23/03/2026,8
2589,486,4087,25/04/2026,3
2590,789,1666,04/12/2025,2
2591,580,565,03/04/2026,3
2592,94,4379,05/04/2026,8
2593,366,4019,04/05/2026,2
2594,978,4397,03/02/2026,8
2595,286,509,12/05/2026,7
2596,287,3430,31/07/2025,5
2597,915,3935,30/06/2025,2
2598,290,1943,29/09/2025,8
2599,703,1302,06/03/2026,7
2600,607,4717,05/05/2026,1
2601,512,4894,06/08/2025,7
2602,291,982,08/04/2026,4
2603,970,3167,13/09/2025,10
2604,484,4781,14/09/2025,2
2605,382,1140,06/06/2025,5
2606,73,4757,10/03/2026,6
2607,724,3985,16/04/2026,2
2608,219,2196,26/06/2025,8
2609,73,2733,22/10/2025,1
2610,325,2866,08/05/2026,4
2611,982,1070,19/12/2025,4
2612,527,2554,05/10/2025,7
2613,887,4300,01/06/2025,8
2614,202,156,13/04/2026,8
2615,34,3396,08/04/2026,1
2616,183,1629,30/12/2025,8
2617,180,4369,17/04/2026,3
2618,367,1624,13/09/2025,10
2619,591,3535,11/08/2025,3
2620,669,4345,24/05/2025,8
2621,549,4453,14/07/2025,6
2622,900,3546,09/10/2025,1
2623,891,3229,14/06/2025,9
2624,982,3660,27/01/2026,2
2625,713,2886,22/04/2026,4
2626,29,3664,24/01/2026,9
2627,885,860,19/04/2026,9
2628,421,2106,06/12/2025,6
2629,725,2057,12/03/2026,9
2630,23,2437,12/08/2025,9
2631,882,2657,11/10/2025,6
2632,43,2808,12/06/2025,10
2633,280,3710,06/08/2025,10
2634,320,3598,21/04/2026,9
2635,647,3653,29/12/2025,1
2636,971,3460,11/10/2025,6
2637,204,1854,30/07/2025,7
2638,76,4307,18/12/2025,9
2639,992,2859,12/10/2025,6
2640,102,4663,13/07/2025,5
2641,804,1925,18/08/2025,10
2642,358,3779,04/06/2025,5
2643,653,850,04/08/2025,9
2644,168,855,13/03/2026,9
2645,563,200,23/04/2026,9
2646,19,317,05/05/2026,8
2647,106,1523,18/07/2025,5
2648,211,3003,06/06/2025,5
2649,818,1870,11/07/2025,1
2650,610,695,01/04/2026,7
2651,217,4049,17/09/2025,5
2652,413,4201,31/05/2025,10
2653,15,2995,16/11/2025,9
2654,911,3094,13/12/2025,8
2655,624,1493,06/04/2026,5
2656,217,2981,08/09/2025,8
2657,144,503,04/10/2025,9
2658,66,2710,01/02/2026,9
2659,623,4599,06/02/2026,2
2660,357,2572,23/11/2025,7
2661,254,4344,16/10/2025,10
2662,690,3036,29/10/2025,9
2663,779,3395,18/02/2026,4
2664,253,2578,27/05/2025,4
2665,89,565,22/12/2025,3
2666,278,4022,24/12/2025,7
2667,637,3109,08/08/2025,2
2668,669,4652,14/07/2025,10
2669,125,702,15/09/2025,9
2670,850,2312,17/07/2025,4
2671,478,2210,21/09/2025,6
2672,59,1791,06/12/2025,3
2673,273,4385,20/02/2026,7
2674,177,2040,04/02/2026,2
2675,545,3542,02/06/2025,3
2676,342,2484,15/03/2026,2
2677,891,3307,25/06/2025,3
2678,575,3414,11/01/2026,9
2679,606,3929,13/06/2025,3
2680,335,4063,25/01/2026,1
2681,360,3955,16/11/2025,9
2682,871,1498,06/09/2025,2
2683,104,3238,02/02/2026,3
2684,863,4460,30/08/2025,10
2685,267,3280,05/10/2025,3
2686,372,322,22/05/2025,7
2687,621,2247,06/05/2026,4
2688,427,4094,30/06/2025,5
2689,78,2078,15/08/2025,7
2690,197,4128,20/08/2025,5
2691,567,2299,11/03/2026,7
2692,866,796,01/06/2025,10
2693,512,2291,28/08/2025,10
2694,803,303,01/01/2026,8
2695,953,4006,13/11/2025,9
2696,316,1602,12/06/2025,4
2697,531,3605,08/11/2025,3
2698,824,1043,07/02/2026,1
2699,81,2802,28/08/2025,7
2700,849,2831,12/03/2026,8
2701,415,107,23/05/2025,3
2702,256,3303,02/03/2026,4
2703,395,4436,02/08/2025,1
2704,247,1842,28/02/2026,9
2705,781,1893,26/09/2025,8
2706,543,2625,18/11/2025,3
2707,806,4712,10/06/2025,10
2708,459,1297,16/09/2025,7
2709,198,3740,15/08/2025,7
2710,869,3719,26/11/2025,6
2711,627,1600,17/03/2026,3
2712,5,2084,16/04/2026,8
2713,491,1440,06/11/2025,7
2714,807,4663,22/11/2025,6
2715,187,4041,08/03/2026,7
2716,402,1679,04/09/2025,6
2717,242,1632,16/08/2025,6
2718,695,3730,14/07/2025,8
2719,469,4851,05/07/2025,1
2720,678,1460,18/08/2025,2
2721,499,1790,23/11/2025,3
2722,623,929,04/12/2025,7
2723,255,2771,22/02/2026,7
2724,600,4166,05/09/2025,10
2725,748,4665,11/09/2025,9
2726,621,341,13/07/2025,10
2727,150,974,29/07/2025,10
2728,258,370,07/01/2026,10
2729,678,4130,15/12/2025,8
2730,150,367,24/10/2025,1
2731,812,3096,11/10/2025,8
2732,41,897,18/01/2026,6
2733,576,3422,16/07/2025,1
2734,158,2131,09/03/2026,1
2735,570,832,25/03/2026,1
2736,512,4028,13/01/2026,8
2737,272,1042,07/07/2025,4
2738,510,4679,07/05/2026,9
2739,300,4627,17/09/2025,1
2740,243,1994,04/11/2025,3
2741,372,2136,13/09/2025,6
2742,404,770,18/11/2025,8
2743,542,4469,30/07/2025,10
2744,415,908,26/07/2025,5
2745,539,1483,09/06/2025,4
2746,760,2460,21/06/2025,10
2747,409,3135,14/06/2025,5
2748,288,693,18/02/2026,8
2749,772,3859,09/04/2026,9
2750,684,1182,04/10/2025,6
2751,159,818,28/08/2025,5
2752,910,3633,16/06/2025,1
2753,969,4933,14/07/2025,6
2754,572,583,31/07/2025,6
2755,701,4470,06/04/2026,9
2756,14,2053,15/06/2025,4
2757,268,2553,10/06/2025,3
2758,647,852,27/11/2025,10
2759,464,2239,16/10/2025,7
2760,573,2991,19/11/2025,1
2761,419,3626,08/04/2026,4
2762,62,3702,20/02/2026,2
2763,35,2644,16/02/2026,7
2764,378,709,09/01/2026,8
2765,324,2675,10/06/2025,10
2766,154,1422,05/05/2026,7
2767,232,1067,21/01/2026,6
2768,406,451,23/11/2025,6
2769,579,3596,31/12/2025,6
2770,887,1678,19/07/2025,8
2771,279,1002,11/09/2025,4
2772,140,3380,01/11/2025,4
2773,845,3616,04/12/2025,9
2774,247,4894,06/08/2025,3
2775,938,511,24/04/2026,5
2776,776,4167,10/11/2025,7
2777,476,2797,20/08/2025,3
2778,656,2048,14/01/2026,6
2779,886,4091,29/01/2026,2
2780,822,2337,28/12/2025,2
2781,656,955,14/05/2026,3
2782,623,4248,02/05/2026,7
2783,206,3664,19/08/2025,5
2784,612,241,14/01/2026,5
2785,386,2778,15/08/2025,8
2786,494,4401,18/04/2026,9
2787,264,2133,27/11/2025,4
2788,807,1241,03/06/2025,8
2789,400,3251,08/09/2025,4
2790,539,3942,24/06/2025,7
2791,871,497,11/12/2025,5
2792,512,2658,31/05/2025,6
2793,759,3635,09/12/2025,7
2794,612,4004,17/10/2025,6
2795,65,4492,16/11/2025,7
2796,95,1478,06/08/2025,1
2797,865,559,06/05/2026,3
2798,619,4009,01/11/2025,4
2799,459,3851,22/01/2026,1
2800,719,1830,25/07/2025,6
2801,747,4003,27/07/2025,4
2802,398,2003,26/12/2025,1
2803,958,2719,30/09/2025,4
2804,822,3279,25/07/2025,7
2805,937,3026,13/01/2026,8
2806,130,340,09/03/2026,3
2807,154,1595,23/08/2025,6
2808,941,2004,29/01/2026,9
2809,227,2232,22/07/2025,5
2810,959,2521,02/07/2025,1
2811,483,4309,27/04/2026,10
2812,852,1735,29/11/2025,9
2813,519,3156,24/05/2025,4
2814,585,4934,15/10/2025,1
2815,456,3053,13/01/2026,8
2816,92,1456,03/03/2026,10
2817,824,3087,17/01/2026,3
2818,924,2608,14/08/2025,3
2819,336,3147,28/04/2026,2
2820,317,4201,08/12/2025,7
2821,498,4054,16/02/2026,1
2822,422,3247,05/04/2026,3
2823,293,2230,01/07/2025,6
2824,419,1039,23/12/2025,5
2825,632,3338,11/03/2026,7
2826,243,3468,07/05/2026,7
2827,287,4799,15/03/2026,8
2828,295,4366,14/01/2026,8
2829,158,393,28/02/2026,10
2830,163,3596,29/09/2025,10
2831,123,638,12/06/2025,6
2832,67,3090,17/03/2026,10
2833,891,1892,22/09/2025,6
2834,936,4632,14/10/2025,8
2835,29,4637,15/05/2026,10
2836,628,3590,19/11/2025,1
2837,962,4589,16/09/2025,10
2838,925,2312,21/10/2025,4
2839,92,2262,18/11/2025,10
2840,646,1440,08/11/2025,6
2841,987,1671,16/06/2025,3
2842,663,3808,08/10/2025,1
2843,668,1813,15/06/2025,2
2844,404,3796,21/03/2026,9
2845,822,3887,13/03/2026,1
2846,411,4131,24/02/2026,2
2847,704,1082,20/04/2026,7
2848,986,1233,07/03/2026,3
2849,162,2201,11/05/2026,2
2850,38,2409,27/10/2025,5
2851,631,1091,10/02/2026,2
2852,946,3228,17/01/2026,2
2853,805,591,31/05/2025,5
2854,94,2858,05/02/2026,7
2855,242,3148,09/12/2025,10
2856,680,2010,20/02/2026,8
2857,388,2518,12/08/2025,9
2858,620,1829,17/07/2025,10
2859,907,2958,13/08/2025,2
2860,959,2466,15/10/2025,4
2861,117,2355,05/02/2026,5
2862,38,1547,03/03/2026,8
2863,538,2337,17/05/2026,9
2864,879,2770,25/08/2025,2
2865,999,3785,25/07/2025,6
2866,438,4488,19/10/2025,10
2867,365,1622,04/12/2025,7
2868,254,4500,26/05/2025,4
2869,857,3789,10/07/2025,10
2870,920,1032,19/04/2026,9
2871,934,1263,24/12/2025,2
2872,602,4789,01/08/2025,4
2873,780,4107,18/08/2025,1
2874,849,245,25/03/2026,6
2875,930,2539,22/11/2025,2
2876,275,1469,24/10/2025,2
2877,579,1883,05/07/2025,5
2878,807,3603,14/12/2025,8
2879,532,4402,02/03/2026,5
2880,559,695,28/11/2025,3
2881,435,2587,16/07/2025,4
2882,627,1290,07/03/2026,9
2883,916,2919,07/11/2025,7
2884,190,2650,07/01/2026,4
2885,508,1349,08/04/2026,5
2886,624,1543,02/12/2025,1
2887,8,3674,08/03/2026,7
2888,65,826,19/04/2026,10
2889,60,748,14/01/2026,7
2890,587,2847,02/10/2025,8
2891,571,2057,20/12/2025,2
2892,845,2964,25/02/2026,6
2893,958,2411,04/01/2026,5
2894,5,4761,16/11/2025,1
2895,433,299,24/08/2025,7
2896,446,3910,16/11/2025,1
2897,405,247,10/11/2025,4
2898,678,4483,01/12/2025,1
2899,371,301,13/08/2025,5
2900,350,725,26/08/2025,6
2901,355,3849,20/10/2025,8
2902,790,1331,19/09/2025,10
2903,109,4254,04/02/2026,6
2904,25,2891,25/07/2025,6
2905,676,4749,19/01/2026,4
2906,87,323,15/06/2025,2
2907,805,4855,16/01/2026,3
2908,10,603,25/11/2025,5
2909,493,4085,20/11/2025,2
2910,82,1730,20/10/2025,9
2911,971,2595,23/06/2025,10
2912,836,2922,31/03/2026,10
2913,657,4538,07/12/2025,10
2914,395,3397,24/04/2026,8
2915,92,3241,06/05/2026,5
2916,817,928,28/01/2026,3
2917,777,431,14/07/2025,2
2918,531,560,12/06/2025,5
2919,93,663,03/06/2025,10
2920,809,3990,25/01/2026,2
2921,641,4902,28/02/2026,5
2922,804,3183,15/10/2025,9
2923,480,151,23/05/2025,1
2924,548,4170,06/03/2026,4
2925,342,2374,20/01/2026,9
2926,137,548,10/04/2026,5
2927,908,718,03/07/2025,6
2928,746,2835,15/04/2026,7
2929,73,2438,16/08/2025,10
2930,966,729,14/12/2025,6
2931,451,270,20/03/2026,10
2932,204,3588,24/11/2025,8
2933,641,4523,06/09/2025,2
2934,43,2650,11/05/2026,3
2935,742,638,12/03/2026,3
2936,833,2182,19/12/2025,8
2937,975,1687,10/07/2025,10
2938,591,4815,29/12/2025,8
2939,43,3503,20/05/2025,7
2940,294,2881,31/05/2025,10
2941,9,1798,02/06/2025,2
2942,461,653,10/06/2025,3
2943,150,1752,24/02/2026,2
2944,408,332,14/05/2026,3
2945,153,4523,07/12/2025,6
2946,385,1418,19/11/2025,4
2947,40,3554,01/03/2026,1
2948,248,1541,20/05/2025,8
2949,481,3524,08/09/2025,8
2950,989,3639,07/05/2026,6
2951,23,4595,21/12/2025,2
2952,740,1721,01/09/2025,5
2953,247,2298,05/05/2026,10
2954,212,1536,08/04/2026,9
2955,56,4103,12/11/2025,1
2956,727,3384,13/11/2025,1
2957,270,1578,29/10/2025,6
2958,116,872,30/03/2026,4
2959,402,4575,29/12/2025,10
2960,897,133,08/03/2026,7
2961,300,3114,25/11/2025,3
2962,72,2733,20/01/2026,9
2963,433,2365,20/07/2025,3
2964,706,624,08/06/2025,6
2965,347,2514,20/08/2025,10
2966,145,2636,08/02/2026,5
2967,371,4561,26/08/2025,5
2968,253,1179,10/09/2025,2
2969,126,1740,22/01/2026,3
2970,319,669,05/10/2025,5
2971,546,2913,24/07/2025,10
2972,274,131,04/12/2025,1
2973,937,3363,10/04/2026,3
2974,600,619,06/08/2025,2
2975,242,2983,27/10/2025,1
2976,814,4673,23/09/2025,5
2977,29,1950,30/12/2025,8
2978,203,911,03/02/2026,4
2979,358,2970,11/04/2026,2
2980,332,2128,15/12/2025,1
2981,358,1240,05/05/2026,6
2982,494,2285,19/01/2026,3
2983,186,3089,25/02/2026,7
2984,835,1495,27/06/2025,3
2985,921,2651,29/05/2025,5
2986,352,1304,23/03/2026,10
2987,87,2385,11/12/2025,3
2988,269,900,31/10/2025,2
2989,31,429,07/09/2025,8
2990,897,685,24/03/2026,5
2991,836,570,10/12/2025,3
2992,290,2769,04/10/2025,3
2993,937,2373,19/12/2025,5
2994,485,2779,26/05/2025,2
2995,294,1022,08/08/2025,8
2996,34,1933,07/01/2026,7
2997,183,437,18/07/2025,6
2998,812,373,04/12/2025,10
2999,492,4479,06/02/2026,5
3000,990,2786,26/06/2025,1
3001,961,4858,20/05/2025,7
3002,260,3751,14/11/2025,3
3003,740,4419,08/06/2025,10
3004,561,3233,13/03/2026,7
3005,312,4143,28/05/2025,2
3006,381,3317,19/02/2026,2
3007,378,2979,15/09/2025,1
3008,294,3269,08/02/2026,7
3009,798,4099,28/11/2025,8
3010,623,3676,18/08/2025,10
3011,508,1451,07/12/2025,5
3012,397,676,30/01/2026,1
3013,439,2569,13/06/2025,3
3014,516,1851,11/06/2025,6
3015,825,3766,31/08/2025,5
3016,302,456,19/08/2025,6
3017,352,1626,05/05/2026,8
3018,558,4283,30/04/2026,6
3019,826,759,24/06/2025,3
3020,148,577,05/11/2025,9
3021,785,103,26/09/2025,10
3022,821,1306,31/08/2025,7
3023,220,1908,22/02/2026,9
3024,822,3830,23/04/2026,1
3025,357,3127,24/09/2025,2
3026,231,1327,03/08/2025,2
3027,269,2594,16/08/2025,7
3028,605,3932,03/03/2026,5
3029,99,3196,15/11/2025,4
3030,198,2330,26/05/2025,10
3031,504,939,07/10/2025,2
3032,940,630,17/07/2025,1
3033,707,598,29/07/2025,9
3034,20,677,05/05/2026,1
3035,422,1662,18/07/2025,7
3036,493,372,02/04/2026,10
3037,150,4381,08/12/2025,5
3038,308,1608,14/11/2025,7
3039,625,2057,19/03/2026,4
3040,474,3153,01/04/2026,5
3041,12,570,14/03/2026,7
3042,570,3522,21/05/2025,4
3043,516,2648,05/02/2026,1
3044,163,4815,08/07/2025,8
3045,469,4579,08/01/2026,8
3046,399,3541,18/11/2025,8
3047,878,1970,14/08/2025,4
3048,310,4346,23/07/2025,1
3049,661,2941,07/11/2025,3
3050,143,3047,12/05/2026,6
3051,199,4847,08/08/2025,7
3052,49,2201,20/04/2026,1
3053,855,4180,06/03/2026,10
3054,858,2265,27/10/2025,10
3055,844,1850,23/12/2025,6
3056,858,4451,04/07/2025,2
3057,663,3201,13/05/2026,7
3058,791,4818,18/08/2025,4
3059,731,4840,29/12/2025,3
3060,197,1604,07/11/2025,4
3061,215,2189,20/04/2026,4
3062,523,3199,01/06/2025,7
3063,555,1227,11/12/2025,6
3064,555,2376,25/04/2026,8
3065,928,266,20/03/2026,10
3066,380,1537,09/02/2026,4
3067,487,2108,23/02/2026,1
3068,345,4903,09/04/2026,6
3069,991,3267,23/05/2025,3
3070,693,1264,28/03/2026,2
3071,326,4400,20/11/2025,3
3072,157,1344,06/03/2026,8
3073,33,4778,04/02/2026,3
3074,780,4996,24/10/2025,3
3075,946,523,08/11/2025,10
3076,575,559,09/04/2026,5
3077,567,1084,23/02/2026,4
3078,572,2708,01/03/2026,5
3079,473,689,26/08/2025,9
3080,920,2351,19/11/2025,6
3081,663,3951,10/04/2026,7
3082,778,4117,05/03/2026,4
3083,792,3920,02/11/2025,7
3084,123,3426,28/11/2025,9
3085,332,3411,15/04/2026,1
3086,230,3744,07/04/2026,3
3087,414,3706,25/03/2026,3
3088,605,4846,11/06/2025,8
3089,184,2101,03/10/2025,7
3090,869,802,12/07/2025,7
3091,876,1140,05/11/2025,5
3092,777,3065,19/08/2025,3
3093,490,235,04/04/2026,3
3094,246,4470,29/05/2025,8
3095,922,3922,25/01/2026,1
3096,805,4905,03/11/2025,7
3097,787,4921,07/07/2025,6
3098,919,1273,18/11/2025,4
3099,151,2588,22/08/2025,1
3100,554,3907,04/07/2025,8
3101,272,4327,30/03/2026,8
3102,595,1943,21/10/2025,1
3103,666,3711,26/02/2026,5
3104,349,935,09/07/2025,1
3105,574,3993,02/02/2026,7
3106,65,2221,19/08/2025,6
3107,672,4402,06/12/2025,5
3108,957,203,29/12/2025,3
3109,848,4103,13/10/2025,4
3110,69,2256,20/11/2025,3
3111,170,406,22/12/2025,1
3112,681,3062,27/07/2025,2
3113,509,1398,20/07/2025,1
3114,28,1968,25/08/2025,3
3115,914,2076,22/07/2025,4
3116,832,4136,03/12/2025,5
3117,194,4692,06/05/2026,8
3118,416,4717,19/03/2026,5
3119,130,959,08/07/2025,8
3120,306,1946,27/05/2025,3
3121,248,4000,12/09/2025,7
3122,995,2575,16/04/2026,2
3123,304,4872,15/02/2026,2
3124,708,2697,16/07/2025,2
3125,280,4022,16/06/2025,8
3126,179,683,23/01/2026,7
3127,873,4166,04/04/2026,5
3128,916,3043,03/01/2026,8
3129,36,3204,01/09/2025,4
3130,159,4694,08/08/2025,4
3131,466,4771,30/11/2025,10
3132,8,4721,20/01/2026,6
3133,433,3656,10/05/2026,1
3134,294,1151,02/01/2026,4
3135,936,3448,29/12/2025,3
3136,415,209,14/12/2025,7
3137,389,4924,31/03/2026,8
3138,996,4021,08/06/2025,10
3139,507,4976,10/02/2026,6
3140,178,759,31/12/2025,5
3141,734,2672,03/05/2026,8
3142,979,2438,25/05/2025,7
3143,287,4908,15/05/2026,3
3144,986,1130,26/03/2026,7
3145,242,3927,16/05/2026,6
3146,27,3626,01/03/2026,6
3147,578,1965,19/04/2026,1
3148,955,968,03/09/2025,4
3149,774,4730,19/04/2026,7
3150,354,722,31/05/2025,10
3151,395,235,07/03/2026,3
3152,368,4173,31/07/2025,7
3153,680,2341,07/10/2025,10
3154,49,4283,12/09/2025,9
3155,6,3208,18/05/2026,6
3156,871,1419,27/04/2026,4
3157,478,4619,11/03/2026,6
3158,973,1954,08/06/2025,3
3159,16,4701,12/06/2025,6
3160,618,921,04/10/2025,5
3161,387,4712,10/12/2025,1
3162,460,4304,29/03/2026,7
3163,335,691,09/11/2025,10
3164,553,2219,08/11/2025,10
3165,418,2861,07/02/2026,2
3166,608,3362,14/09/2025,5
3167,313,3402,23/08/2025,9
3168,409,1991,26/10/2025,4
3169,869,1979,12/10/2025,5
3170,50,2045,28/04/2026,1
3171,596,3158,12/07/2025,3
3172,350,2078,22/06/2025,10
3173,463,3817,21/10/2025,2
3174,836,1522,04/07/2025,1
3175,388,437,26/01/2026,9
3176,766,2947,17/05/2026,8
3177,324,3927,18/11/2025,8
3178,55,1366,03/11/2025,2
3179,187,4986,19/11/2025,6
3180,692,156,07/09/2025,10
3181,163,2178,10/10/2025,5
3182,353,3220,23/01/2026,10
3183,441,3560,05/11/2025,5
3184,810,1747,16/04/2026,6
3185,965,2509,07/05/2026,4
3186,806,832,09/11/2025,9
3187,289,2265,20/08/2025,7
3188,260,1983,18/05/2026,3
3189,659,1118,25/02/2026,1
3190,508,1468,23/08/2025,9
3191,78,3569,03/07/2025,9
3192,844,2267,27/07/2025,9
3193,117,4157,22/08/2025,1
3194,713,3598,18/08/2025,9
3195,917,3305,11/09/2025,7
3196,287,4783,17/09/2025,6
3197,888,213,28/10/2025,7
3198,425,2482,10/02/2026,7
3199,561,2088,28/01/2026,3
3200,20,3485,10/02/2026,2
3201,121,2363,03/07/2025,10
3202,159,374,20/06/2025,6
3203,805,4828,25/12/2025,2
3204,865,4835,16/12/2025,2
3205,533,3340,23/05/2025,7
3206,447,1608,19/09/2025,7
3207,918,4408,01/11/2025,10
3208,417,3630,09/08/2025,7
3209,589,971,05/10/2025,10
3210,94,3304,24/02/2026,2
3211,754,3113,28/03/2026,4
3212,504,1829,28/08/2025,8
3213,384,4827,16/05/2026,2
3214,60,2287,09/12/2025,7
3215,838,152,12/10/2025,1
3216,975,3733,31/07/2025,1
3217,942,600,07/02/2026,4
3218,101,1832,25/10/2025,2
3219,8,1731,14/11/2025,6
3220,859,979,10/12/2025,4
3221,360,3051,30/09/2025,9
3222,418,4297,24/08/2025,3
3223,808,2575,05/10/2025,5
3224,162,109,12/06/2025,9
3225,615,2082,06/02/2026,3
3226,944,4713,28/12/2025,5
3227,270,4283,26/12/2025,7
3228,346,1114,03/03/2026,10
3229,678,1617,02/03/2026,10
3230,457,1021,08/05/2026,7
3231,458,2826,04/08/2025,5
3232,868,817,12/09/2025,1
3233,191,4086,28/09/2025,4
3234,574,2866,28/08/2025,6
3235,969,752,06/11/2025,5
3236,777,2040,27/07/2025,5
3237,147,2543,10/08/2025,10
3238,966,870,26/09/2025,7
3239,798,4722,23/09/2025,1
3240,574,1744,06/04/2026,10
3241,336,4569,16/10/2025,3
3242,136,3599,23/03/2026,2
3243,976,1897,28/01/2026,8
3244,132,737,23/10/2025,2
3245,73,3289,20/04/2026,9
3246,961,2425,01/06/2025,7
3247,356,3813,28/01/2026,2
3248,621,4284,02/12/2025,8
3249,215,3567,30/01/2026,7
3250,972,3791,23/04/2026,1
3251,159,522,16/12/2025,9
3252,891,911,21/04/2026,9
3253,120,1672,16/03/2026,4
3254,782,4286,23/02/2026,3
3255,125,410,30/12/2025,6
3256,63,725,23/06/2025,5
3257,836,3118,08/08/2025,5
3258,514,3497,05/03/2026,7
3259,819,1063,08/05/2026,4
3260,356,4656,28/02/2026,9
3261,711,4503,13/08/2025,4
3262,564,1748,28/09/2025,4
3263,807,2649,04/07/2025,10
3264,35,2446,08/03/2026,5
3265,890,1232,29/08/2025,10
3266,594,1083,18/01/2026,6
3267,712,4781,10/05/2026,5
3268,803,1684,27/03/2026,5
3269,358,1535,15/05/2026,2
3270,26,4410,06/06/2025,9
3271,346,4044,26/01/2026,3
3272,367,2681,02/02/2026,7
3273,371,930,05/10/2025,9
3274,989,3257,27/02/2026,8
3275,349,2946,16/01/2026,6
3276,476,4922,01/02/2026,10
3277,220,3454,26/02/2026,6
3278,849,1168,22/09/2025,8
3279,139,2451,23/08/2025,5
3280,598,4872,05/09/2025,3
3281,586,4424,08/04/2026,7
3282,617,2659,21/11/2025,2
3283,653,3782,07/07/2025,9
3284,276,2968,15/02/2026,1
3285,112,2831,27/06/2025,5
3286,531,819,05/07/2025,8
3287,954,3746,09/11/2025,9
3288,586,3078,03/11/2025,3
3289,79,423,15/11/2025,4
3290,868,3282,27/05/2025,10
3291,513,1498,13/10/2025,2
3292,347,1573,12/07/2025,4
3293,230,3859,22/01/2026,1
3294,724,2563,27/04/2026,5
3295,70,4007,06/12/2025,3
3296,505,4585,14/01/2026,10
3297,735,1561,17/03/2026,7
3298,484,2385,05/01/2026,6
3299,884,4316,13/06/2025,3
3300,905,3404,01/05/2026,9
3301,71,3874,04/06/2025,3
3302,102,4307,06/04/2026,10
3303,347,4402,29/10/2025,8
3304,996,3588,28/01/2026,5
3305,324,3602,11/10/2025,8
3306,201,2732,12/07/2025,4
3307,429,838,21/02/2026,5
3308,609,3344,08/12/2025,2
3309,410,2969,27/02/2026,4
3310,805,1542,04/04/2026,1
3311,211,4351,06/06/2025,7
3312,315,4580,05/07/2025,4
3313,949,929,04/07/2025,7
3314,75,4406,26/10/2025,4
3315,250,879,30/08/2025,6
3316,475,2370,28/12/2025,2
3317,89,4580,29/09/2025,1
3318,184,1723,22/12/2025,4
3319,660,4424,29/05/2025,4
3320,366,1838,24/04/2026,9
3321,325,2029,20/01/2026,4
3322,888,2981,17/05/2026,1
3323,984,4824,18/08/2025,8
3324,106,3146,05/01/2026,1
3325,165,1207,17/11/2025,5
3326,668,1027,08/05/2026,4
3327,257,3050,12/06/2025,5
3328,241,2356,06/09/2025,3
3329,537,1215,02/08/2025,4
3330,715,1036,24/04/2026,5
3331,742,4761,20/11/2025,5
3332,626,3332,05/02/2026,5
3333,703,2027,13/01/2026,4
3334,646,3517,12/09/2025,8
3335,185,1203,23/04/2026,5
3336,55,779,02/05/2026,7
3337,182,2283,28/07/2025,1
3338,307,3882,30/05/2025,4
3339,470,4716,05/02/2026,7
3340,379,3616,23/09/2025,5
3341,772,1136,09/05/2026,5
3342,741,1598,14/06/2025,10
3343,47,3518,25/10/2025,8
3344,200,1390,02/11/2025,3
3345,787,4847,25/01/2026,1
3346,10,2891,19/02/2026,2
3347,334,267,10/03/2026,1
3348,474,685,05/07/2025,1
3349,206,2017,12/07/2025,7
3350,467,2868,03/10/2025,10
3351,778,1107,04/04/2026,5
3352,819,2065,16/08/2025,10
3353,378,1991,21/04/2026,1
3354,781,1989,22/05/2025,1
3355,462,4092,21/11/2025,10
3356,761,2569,14/10/2025,10
3357,804,2941,28/01/2026,8
3358,301,1816,21/10/2025,10
3359,561,3339,26/08/2025,9
3360,242,2041,18/04/2026,3
3361,425,1020,13/08/2025,10
3362,8,2915,01/10/2025,9
3363,408,3630,14/08/2025,2
3364,454,2564,03/03/2026,2
3365,425,2541,21/02/2026,5
3366,6,4684,24/02/2026,5
3367,834,251,26/02/2026,6
3368,928,2408,01/12/2025,2
3369,938,4931,05/02/2026,6
3370,892,577,11/05/2026,4
3371,322,4954,18/12/2025,6
3372,251,2998,16/01/2026,5
3373,956,3042,16/01/2026,1
3374,634,240,09/07/2025,6
3375,173,905,20/01/2026,5
3376,185,1924,27/03/2026,5
3377,40,276,14/11/2025,6
3378,497,243,11/02/2026,5
3379,62,3908,01/06/2025,4
3380,824,4673,17/04/2026,3
3381,483,4591,06/12/2025,8
3382,512,4700,16/03/2026,10
3383,717,2563,12/09/2025,1
3384,803,4887,21/03/2026,8
3385,19,1202,13/12/2025,8
3386,457,3462,04/02/2026,5
3387,85,2388,02/05/2026,3
3388,647,3041,13/12/2025,6
3389,564,1866,25/03/2026,10
3390,848,4304,21/05/2025,7
3391,606,2614,18/12/2025,8
3392,784,3813,03/06/2025,2
3393,76,3644,30/05/2025,4
3394,134,122,23/07/2025,8
3395,87,4532,13/05/2026,3
3396,546,4737,08/07/2025,3
3397,235,1537,21/07/2025,3
3398,727,3511,23/07/2025,5
3399,451,752,28/09/2025,6
3400,793,3761,28/12/2025,6
3401,142,1527,24/06/2025,2
3402,271,4120,08/06/2025,6
3403,235,2394,20/02/2026,4
3404,661,1627,23/04/2026,5
3405,584,2392,14/01/2026,8
3406,3,3141,08/06/2025,10
3407,477,2611,03/08/2025,3
3408,909,1822,10/10/2025,5
3409,568,104,19/03/2026,1
3410,765,1230,25/06/2025,1
3411,975,1437,11/11/2025,4
3412,134,1543,16/04/2026,2
3413,386,3322,27/10/2025,1
3414,38,1030,22/08/2025,8
3415,829,4801,18/11/2025,1
3416,276,4573,28/12/2025,1
3417,947,409,16/06/2025,10
3418,885,195,20/11/2025,9
3419,26,2949,11/09/2025,1
3420,595,523,26/05/2025,3
3421,245,670,18/10/2025,2
3422,874,994,14/10/2025,4
3423,882,689,04/06/2025,5
3424,904,2484,14/02/2026,4
3425,27,3770,21/11/2025,8
3426,124,982,06/12/2025,1
3427,555,4361,02/06/2025,7
3428,228,3082,01/11/2025,7
3429,698,2324,28/04/2026,10
3430,393,1183,10/04/2026,2
3431,405,3713,26/04/2026,3
3432,111,2674,01/04/2026,2
3433,823,4642,16/03/2026,10
3434,161,2419,04/06/2025,9
3435,603,3199,27/11/2025,5
3436,277,235,19/09/2025,1
3437,402,902,06/05/2026,9
3438,622,2517,20/11/2025,5
3439,113,2280,31/05/2025,2
3440,598,2482,14/11/2025,6
3441,631,3670,29/05/2025,3
3442,457,2846,11/11/2025,6
3443,986,4628,08/03/2026,1
3444,400,1612,14/01/2026,3
3445,553,1367,28/11/2025,2
3446,223,1142,08/01/2026,6
3447,468,701,09/03/2026,10
3448,518,4516,05/05/2026,4
3449,15,2797,11/09/2025,9
3450,395,2654,30/10/2025,5
3451,125,613,19/01/2026,10
3452,155,894,13/04/2026,8
3453,116,2894,13/04/2026,8
3454,733,2389,29/05/2025,2
3455,906,3836,18/04/2026,1
3456,488,2461,27/12/2025,4
3457,526,829,06/05/2026,10
3458,196,4925,29/07/2025,2
3459,803,536,14/05/2026,3
3460,553,3988,05/01/2026,9
3461,878,1957,13/02/2026,4
3462,852,3380,19/08/2025,9
3463,224,3693,27/04/2026,3
3464,96,4744,25/12/2025,8
3465,842,1569,10/11/2025,6
3466,541,3160,30/09/2025,2
3467,478,2058,19/06/2025,4
3468,95,3220,27/01/2026,8
3469,498,841,11/01/2026,4
3470,316,975,26/12/2025,6
3471,577,4229,10/11/2025,10
3472,83,1775,14/01/2026,6
3473,305,696,27/07/2025,7
3474,269,4781,26/04/2026,10
3475,8,3156,06/02/2026,3
3476,845,497,10/09/2025,6
3477,604,2593,10/06/2025,6
3478,745,4033,01/02/2026,5
3479,265,3075,02/04/2026,9
3480,86,1740,03/04/2026,8
3481,892,2229,10/10/2025,5
3482,323,2715,09/07/2025,4
3483,469,809,17/12/2025,1
3484,53,3289,24/10/2025,10
3485,125,3111,15/01/2026,8
3486,196,4357,19/02/2026,7
3487,794,4076,02/01/2026,1
3488,475,3209,12/10/2025,3
3489,915,4396,15/09/2025,8
3490,498,2699,10/08/2025,7
3491,366,2009,19/02/2026,8
3492,824,447,24/10/2025,1
3493,820,347,19/06/2025,4
3494,944,535,19/12/2025,9
3495,384,994,25/04/2026,8
3496,325,217,11/07/2025,8
3497,872,2102,05/06/2025,10
3498,788,1574,01/03/2026,2
3499,868,4964,20/02/2026,2
3500,718,1853,20/09/2025,10
3501,522,142,24/07/2025,4
3502,109,871,15/06/2025,5
3503,706,410,17/12/2025,6
3504,15,533,23/11/2025,3
3505,958,457,25/07/2025,1
3506,157,2127,17/01/2026,9
3507,169,200,02/05/2026,6
3508,141,676,16/02/2026,10
3509,896,3537,10/03/2026,2
3510,952,627,17/02/2026,6
3511,122,726,12/04/2026,6
3512,604,1734,14/01/2026,7
3513,939,907,10/12/2025,6
3514,169,2912,24/12/2025,9
3515,899,4190,28/05/2025,3
3516,759,3473,17/10/2025,9
3517,769,3228,11/07/2025,4
3518,2,4437,01/07/2025,4
3519,157,4136,09/04/2026,10
3520,181,4727,23/03/2026,7
3521,78,3104,02/06/2025,3
3522,193,1583,30/06/2025,5
3523,797,2042,07/06/2025,3
3524,650,4809,11/10/2025,8
3525,4,2308,04/05/2026,2
3526,729,1656,11/11/2025,9
3527,853,2358,18/11/2025,9
3528,634,3937,06/10/2025,1
3529,622,4827,13/06/2025,5
3530,157,3753,26/10/2025,10
3531,966,3211,25/01/2026,6
3532,933,4469,18/05/2026,3
3533,618,874,07/06/2025,4
3534,757,663,13/12/2025,4
3535,102,3675,17/10/2025,1
3536,145,3993,30/05/2025,2
3537,649,4760,25/08/2025,1
3538,289,3748,20/01/2026,6
3539,829,3757,15/12/2025,4
3540,856,2247,23/08/2025,1
3541,844,2013,20/03/2026,1
3542,332,1866,06/06/2025,10
3543,192,230,16/07/2025,7
3544,757,2595,07/06/2025,6
3545,322,2395,24/01/2026,9
3546,726,1382,15/09/2025,7
3547,369,1981,08/06/2025,7
3548,98,349,29/05/2025,10
3549,706,3532,31/05/2025,3
3550,261,433,14/05/2026,8
3551,961,3174,20/10/2025,10
3552,650,443,14/04/2026,7
3553,531,4477,17/06/2025,5
3554,433,861,01/08/2025,8
3555,156,203,15/06/2025,4
3556,634,3751,21/07/2025,9
3557,196,4542,15/09/2025,3
3558,877,3808,23/02/2026,5
3559,137,385,24/11/2025,4
3560,423,513,20/09/2025,1
3561,649,284,08/12/2025,4
3562,22,4751,24/05/2025,9
3563,455,3866,05/02/2026,4
3564,701,2332,19/10/2025,8
3565,784,2481,30/08/2025,9
3566,663,2339,26/12/2025,8
3567,576,252,21/06/2025,7
3568,200,3299,14/08/2025,9
3569,395,4766,27/11/2025,5
3570,144,1663,19/12/2025,8
3571,819,3130,10/07/2025,6
3572,174,195,28/05/2025,10
3573,306,1007,06/01/2026,10
3574,65,1203,01/11/2025,3
3575,619,618,22/07/2025,2
3576,347,2282,24/04/2026,10
3577,717,3406,29/07/2025,9
3578,207,4264,14/02/2026,10
3579,11,1721,31/07/2025,4
3580,298,3906,28/05/2025,7
3581,803,3156,20/03/2026,2
3582,440,3416,06/10/2025,1
3583,767,3078,11/11/2025,6
3584,398,1369,08/04/2026,2
3585,749,436,01/05/2026,8
3586,747,1346,15/03/2026,10
3587,239,573,09/10/2025,10
3588,594,3719,03/06/2025,1
3589,389,3815,03/08/2025,6
3590,218,978,10/01/2026,7
3591,353,381,13/07/2025,6
3592,898,4799,09/07/2025,1
3593,385,4571,31/03/2026,7
3594,682,3439,01/02/2026,5
3595,849,4416,22/04/2026,6
3596,371,3889,02/02/2026,3
3597,717,1899,16/10/2025,9
3598,425,1939,04/09/2025,4
3599,498,3522,04/01/2026,2
3600,559,1119,10/08/2025,8
3601,835,644,17/01/2026,7
3602,387,921,24/05/2025,8
3603,407,4698,23/05/2025,4
3604,483,3417,29/08/2025,5
3605,170,1843,04/04/2026,6
3606,301,4918,27/02/2026,6
3607,497,3307,26/06/2025,9
3608,871,2716,20/09/2025,10
3609,158,3827,22/04/2026,10
3610,575,1154,05/05/2026,5
3611,446,439,09/12/2025,3
3612,130,532,31/12/2025,6
3613,359,2521,18/06/2025,7
3614,71,3321,25/10/2025,6
3615,275,4124,22/04/2026,5
3616,724,3316,08/11/2025,7
3617,729,761,21/05/2025,2
3618,285,4060,16/08/2025,10
3619,807,4290,25/10/2025,5
3620,639,4444,09/12/2025,8
3621,498,2124,30/11/2025,3
3622,609,4421,21/04/2026,2
3623,235,228,10/12/2025,1
3624,312,3114,20/07/2025,10
3625,914,3262,21/12/2025,3
3626,947,4996,18/03/2026,10
3627,213,3963,08/10/2025,2
3628,334,2741,11/01/2026,1
3629,343,4318,05/11/2025,2
3630,926,3922,11/11/2025,10
3631,249,4190,08/01/2026,5
3632,800,4473,13/09/2025,9
3633,194,4214,03/11/2025,9
3634,878,3335,08/11/2025,4
3635,444,998,30/08/2025,1
3636,228,4440,01/02/2026,10
3637,163,4589,13/07/2025,10
3638,470,2168,12/05/2026,10
3639,10,209,07/10/2025,4
3640,113,2766,28/01/2026,6
3641,111,796,15/10/2025,9
3642,218,3708,01/01/2026,1
3643,804,629,23/07/2025,2
3644,852,2754,02/12/2025,8
3645,347,2033,20/09/2025,6
3646,131,2479,10/01/2026,10
3647,367,516,24/10/2025,6
3648,268,3425,19/07/2025,1
3649,675,3986,18/10/2025,5
3650,551,4406,01/03/2026,1
3651,669,3765,22/05/2025,2
3652,505,4920,13/07/2025,5
3653,917,3013,17/05/2026,3
3654,629,971,05/01/2026,10
3655,135,4563,10/02/2026,6
3656,351,3082,08/08/2025,1
3657,202,857,15/09/2025,7
3658,428,2092,25/08/2025,9
3659,94,1331,14/09/2025,1
3660,82,4965,06/08/2025,1
3661,146,3708,23/10/2025,10
3662,178,523,19/04/2026,5
3663,811,3258,10/06/2025,6
3664,656,2559,05/04/2026,10
3665,892,3670,26/04/2026,7
3666,83,2056,25/06/2025,4
3667,810,4999,24/10/2025,6
3668,963,4954,23/07/2025,1
3669,19,1562,20/08/2025,2
3670,409,4024,12/12/2025,4
3671,148,687,10/11/2025,9
3672,123,2890,24/04/2026,10
3673,887,3281,14/01/2026,8
3674,847,3718,02/01/2026,7
3675,793,1186,17/03/2026,7
3676,149,975,02/08/2025,3
3677,33,2771,16/07/2025,4
3678,434,1995,29/06/2025,10
3679,32,4566,17/12/2025,6
3680,135,829,23/07/2025,10
3681,392,903,26/12/2025,1
3682,537,4812,13/08/2025,2
3683,386,309,26/01/2026,9
3684,206,1253,01/05/2026,4
3685,773,3146,02/03/2026,7
3686,758,1377,23/03/2026,9
3687,959,3448,30/11/2025,9
3688,177,2130,15/08/2025,10
3689,187,3253,12/12/2025,3
3690,806,712,30/10/2025,4
3691,101,4335,24/07/2025,9
3692,462,1439,06/02/2026,5
3693,422,2064,01/10/2025,6
3694,374,1799,29/09/2025,9
3695,889,3732,07/11/2025,8
3696,203,342,24/05/2025,5
3697,450,4354,24/08/2025,8
3698,682,3124,12/11/2025,8
3699,840,2802,02/03/2026,1
3700,673,3681,02/06/2025,1
3701,863,2750,14/06/2025,5
3702,898,4592,14/05/2026,9
3703,894,930,13/09/2025,3
3704,222,2089,13/09/2025,3
3705,219,1549,28/01/2026,8
3706,839,2710,08/02/2026,6
3707,489,4588,16/06/2025,3
3708,861,1875,29/12/2025,2
3709,102,4592,05/09/2025,3
3710,347,1178,14/12/2025,10
3711,798,2715,21/06/2025,5
3712,140,1021,06/12/2025,8
3713,222,1568,22/01/2026,3
3714,948,1453,30/04/2026,4
3715,421,329,21/02/2026,4
3716,943,2305,19/12/2025,1
3717,927,4133,17/11/2025,5
3718,188,717,06/07/2025,2
3719,908,2428,18/02/2026,9
3720,795,3943,04/07/2025,6
3721,258,1416,03/07/2025,3
3722,619,2508,17/01/2026,9
3723,629,356,25/02/2026,4
3724,432,4446,21/10/2025,6
3725,588,257,09/02/2026,7
3726,996,1008,08/09/2025,2
3727,31,1090,11/12/2025,10
3728,530,2579,06/02/2026,8
3729,932,4210,19/08/2025,6
3730,779,512,27/06/2025,7
3731,952,2920,23/01/2026,3
3732,787,3201,06/08/2025,1
3733,1000,2213,03/07/2025,4
3734,824,4754,02/09/2025,6
3735,744,1168,03/01/2026,1
3736,386,3293,07/08/2025,2
3737,502,2532,12/07/2025,6
3738,820,4155,10/04/2026,3
3739,447,1969,15/06/2025,5
3740,643,1724,03/10/2025,3
3741,700,4910,16/02/2026,4
3742,778,797,05/07/2025,5
3743,419,4072,17/08/2025,5
3744,474,3655,21/07/2025,5
3745,92,4490,15/12/2025,6
3746,196,960,18/03/2026,9
3747,693,721,24/01/2026,1
3748,706,1094,24/09/2025,9
3749,325,4142,10/08/2025,10
3750,174,1964,15/02/2026,1
3751,261,4557,23/06/2025,10
3752,980,1684,24/04/2026,3
3753,470,1335,11/06/2025,9
3754,686,4590,05/12/2025,10
3755,967,3339,25/09/2025,8
3756,296,2531,09/06/2025,5
3757,744,3160,18/06/2025,2
3758,795,1754,20/08/2025,1
3759,710,4162,17/03/2026,10
3760,217,1130,25/07/2025,1
3761,149,780,12/06/2025,7
3762,941,3757,04/08/2025,5
3763,441,4782,16/07/2025,7
3764,390,2717,11/11/2025,7
3765,398,1309,12/11/2025,7
3766,850,3665,25/01/2026,10
3767,863,4990,08/01/2026,6
3768,813,2803,18/09/2025,10
3769,792,1422,24/07/2025,5
3770,369,3676,21/11/2025,7
3771,415,595,13/10/2025,2
3772,531,2293,12/09/2025,6
3773,443,4954,13/10/2025,5
3774,603,1023,24/09/2025,9
3775,319,4865,27/09/2025,2
3776,420,1685,28/12/2025,8
3777,954,2490,11/12/2025,10
3778,319,2737,06/05/2026,7
3779,555,4555,04/04/2026,7
3780,998,3458,27/12/2025,7
3781,900,509,02/08/2025,1
3782,348,1516,26/02/2026,1
3783,371,1096,15/07/2025,3
3784,545,4699,04/03/2026,3
3785,432,4564,17/02/2026,7
3786,446,250,14/05/2026,6
3787,928,284,07/01/2026,5
3788,805,582,15/04/2026,4
3789,346,938,30/01/2026,8
3790,327,4170,12/10/2025,9
3791,384,4979,28/02/2026,10
3792,165,2447,28/09/2025,10
3793,777,2844,13/05/2026,6
3794,49,886,17/11/2025,2
3795,819,997,06/02/2026,3
3796,115,1312,27/04/2026,6
3797,948,2967,22/04/2026,3
3798,940,904,15/04/2026,4
3799,127,502,06/11/2025,6
3800,860,3082,03/01/2026,7
3801,723,3394,17/05/2026,1
3802,543,1977,20/10/2025,9
3803,979,722,31/07/2025,9
3804,960,375,28/06/2025,4
3805,55,491,05/04/2026,7
3806,333,3572,01/04/2026,10
3807,180,520,28/02/2026,9
3808,644,4375,15/01/2026,10
3809,271,757,09/12/2025,3
3810,146,3981,23/06/2025,4
3811,732,2949,08/06/2025,8
3812,428,1841,19/04/2026,5
3813,896,182,07/09/2025,2
3814,921,3815,25/07/2025,7
3815,389,1009,16/03/2026,4
3816,174,809,27/03/2026,5
3817,329,580,05/04/2026,6
3818,552,369,19/02/2026,3
3819,89,4415,23/04/2026,9
3820,73,3244,09/06/2025,1
3821,600,4005,06/04/2026,10
3822,7,3440,02/11/2025,8
3823,502,520,17/01/2026,7
3824,86,978,10/12/2025,7
3825,226,2323,16/07/2025,9
3826,587,1057,17/11/2025,2
3827,980,2827,07/12/2025,4
3828,22,1818,09/10/2025,6
3829,955,151,14/05/2026,6
3830,238,2845,25/11/2025,10
3831,101,1746,12/09/2025,2
3832,881,4231,27/10/2025,4
3833,73,3935,09/06/2025,10
3834,346,354,27/06/2025,7
3835,976,3253,23/06/2025,3
3836,139,1789,14/02/2026,1
3837,554,3280,26/05/2025,2
3838,430,3288,27/04/2026,8
3839,81,4360,11/07/2025,3
3840,475,4255,26/02/2026,4
3841,4,866,20/02/2026,3
3842,386,4423,10/05/2026,4
3843,263,2991,18/12/2025,1
3844,746,1289,10/03/2026,1
3845,586,4589,04/02/2026,8
3846,973,4147,15/06/2025,3
3847,255,3491,01/03/2026,8
3848,466,4108,17/04/2026,9
3849,516,4472,07/12/2025,2
3850,126,472,26/09/2025,9
3851,57,2907,05/05/2026,6
3852,843,2974,26/11/2025,3
3853,214,2845,25/06/2025,10
3854,884,4603,31/08/2025,1
3855,993,2975,27/03/2026,7
3856,962,2656,01/03/2026,4
3857,379,3275,05/07/2025,2
3858,740,1274,24/03/2026,6
3859,306,1477,13/10/2025,8
3860,251,949,07/11/2025,1
3861,948,2391,23/07/2025,10
3862,492,2752,27/12/2025,2
3863,368,173,12/06/2025,6
3864,638,4232,30/08/2025,4
3865,514,4944,27/02/2026,8
3866,131,3756,03/02/2026,10
3867,126,2646,19/10/2025,6
3868,727,644,10/08/2025,1
3869,982,3235,16/11/2025,3
3870,347,4203,03/02/2026,7
3871,660,3144,03/10/2025,8
3872,52,4613,12/04/2026,8
3873,35,4904,12/07/2025,2
3874,783,1026,02/05/2026,9
3875,202,3653,06/10/2025,4
3876,390,2430,26/04/2026,1
3877,995,2905,24/02/2026,3
3878,83,4109,30/05/2025,10
3879,189,4450,05/09/2025,10
3880,812,2964,11/06/2025,5
3881,609,4012,28/04/2026,7
3882,393,2603,16/11/2025,9
3883,39,4738,29/05/2025,1
3884,930,643,02/09/2025,7
3885,650,1747,14/09/2025,10
3886,680,1029,14/06/2025,10
3887,737,660,17/01/2026,8
3888,295,1435,19/02/2026,2
3889,778,1330,14/10/2025,7
3890,898,4923,19/04/2026,7
3891,174,2035,13/01/2026,4
3892,603,2117,04/09/2025,9
3893,582,1032,08/04/2026,10
3894,215,3269,26/01/2026,1
3895,61,292,22/06/2025,1
3896,504,3365,02/07/2025,3
3897,317,653,07/09/2025,6
3898,8,4817,19/09/2025,2
3899,397,4955,20/11/2025,4
3900,347,753,22/10/2025,3
3901,228,3420,01/08/2025,6
3902,928,4362,13/10/2025,5
3903,158,4059,23/02/2026,9
3904,913,3844,20/07/2025,8
3905,936,2590,03/01/2026,6
3906,565,1164,15/06/2025,1
3907,642,2678,24/09/2025,2
3908,692,1402,15/03/2026,3
3909,96,2901,11/08/2025,5
3910,1000,3578,06/06/2025,6
3911,421,2620,11/09/2025,4
3912,487,4258,06/04/2026,4
3913,470,2739,18/01/2026,4
3914,983,3437,21/11/2025,4
3915,191,2434,07/10/2025,3
3916,216,927,15/04/2026,3
3917,767,1486,26/05/2025,7
3918,993,2181,07/10/2025,7
3919,283,3150,14/09/2025,7
3920,605,1366,22/07/2025,4
3921,150,4587,15/06/2025,10
3922,1000,2486,02/11/2025,7
3923,577,721,18/02/2026,2
3924,631,3317,28/01/2026,2
3925,483,670,23/06/2025,10
3926,787,4420,24/11/2025,7
3927,312,1763,23/09/2025,4
3928,13,2558,07/11/2025,3
3929,216,2156,22/07/2025,9
3930,194,1232,03/04/2026,7
3931,589,1447,27/01/2026,3
3932,738,1683,04/05/2026,3
3933,706,1380,18/08/2025,6
3934,714,1272,21/04/2026,1
3935,111,2834,17/10/2025,6
3936,453,2559,20/02/2026,2
3937,543,3604,30/04/2026,9
3938,792,142,30/11/2025,2
3939,817,2718,25/06/2025,4
3940,971,3939,02/03/2026,1
3941,319,274,04/06/2025,5
3942,69,3980,04/09/2025,9
3943,695,3147,21/05/2025,5
3944,183,1723,24/02/2026,10
3945,247,3155,17/06/2025,5
3946,396,3814,01/04/2026,3
3947,7,4602,08/12/2025,9
3948,229,1679,02/02/2026,4
3949,58,882,21/11/2025,6
3950,649,4534,04/08/2025,1
3951,872,3250,15/08/2025,1
3952,347,4441,09/05/2026,7
3953,578,1905,23/02/2026,5
3954,147,3837,20/03/2026,1
3955,844,1179,22/08/2025,4
3956,303,2891,31/10/2025,6
3957,915,3619,04/08/2025,1
3958,280,1113,09/06/2025,4
3959,639,1397,04/06/2025,9
3960,66,1231,19/01/2026,10
3961,588,1574,28/10/2025,2
3962,871,2107,18/05/2026,7
3963,557,1502,29/07/2025,8
3964,197,4078,20/07/2025,7
3965,241,2197,23/06/2025,10
3966,731,2068,17/01/2026,4
3967,479,2392,15/02/2026,9
3968,313,488,19/06/2025,3
3969,552,213,23/12/2025,2
3970,658,1029,17/10/2025,1
3971,650,2835,22/02/2026,9
3972,701,2267,29/08/2025,7
3973,479,2190,31/03/2026,2
3974,722,4334,02/03/2026,9
3975,758,2381,24/05/2025,2
3976,823,398,05/06/2025,6
3977,800,3835,12/11/2025,4
3978,462,4893,19/02/2026,3
3979,108,1198,01/07/2025,1
3980,651,2095,06/01/2026,2
3981,572,4110,18/10/2025,2
3982,545,4679,18/03/2026,10
3983,516,848,04/08/2025,6
3984,226,398,19/11/2025,3
3985,67,1687,08/09/2025,7
3986,2,2829,27/06/2025,7
3987,622,2072,18/08/2025,8
3988,992,2456,16/02/2026,4
3989,880,3751,05/07/2025,5
3990,200,2066,02/04/2026,7
3991,6,4675,14/10/2025,2
3992,704,403,11/03/2026,4
3993,975,2218,29/08/2025,8
3994,920,4773,25/12/2025,3
3995,685,4565,19/07/2025,10
3996,953,2125,18/08/2025,4
3997,795,3847,01/01/2026,3
3998,296,432,21/11/2025,9
3999,594,256,22/02/2026,8
4000,407,1567,10/01/2026,5
4001,232,1689,30/09/2025,10
4002,849,2505,03/04/2026,8
4003,454,2940,30/07/2025,4
4004,346,4450,28/08/2025,3
4005,775,4499,30/09/2025,5
4006,968,3665,01/10/2025,4
4007,72,3754,09/04/2026,7
4008,477,3533,22/11/2025,1
4009,168,870,08/06/2025,8
4010,925,4191,30/05/2025,1
4011,658,4391,07/10/2025,1
4012,423,1633,28/06/2025,10
4013,299,4169,08/09/2025,7
4014,957,1995,22/12/2025,8
4015,559,3414,11/02/2026,4
4016,357,842,26/04/2026,5
4017,301,4646,25/10/2025,7
4018,569,2666,30/07/2025,5
4019,60,323,26/05/2025,6
4020,63,1587,24/12/2025,1
4021,129,855,03/11/2025,6
4022,592,3808,01/06/2025,10
4023,961,4762,05/04/2026,8
4024,553,3186,02/03/2026,3
4025,290,2988,09/07/2025,5
4026,706,2981,29/05/2025,4
4027,339,747,21/06/2025,2
4028,846,4960,05/01/2026,7
4029,509,4053,09/12/2025,8
4030,669,4592,19/04/2026,4
4031,854,4415,25/07/2025,6
4032,895,3264,02/06/2025,1
4033,986,1949,07/07/2025,10
4034,908,2437,17/01/2026,10
4035,321,1918,12/06/2025,1
4036,916,3012,01/04/2026,3
4037,57,3430,30/12/2025,4
4038,400,387,03/04/2026,2
4039,788,246,12/03/2026,7
4040,249,4479,01/10/2025,8
4041,947,174,29/07/2025,2
4042,157,784,02/03/2026,3
4043,687,4156,14/07/2025,9
4044,154,920,25/08/2025,2
4045,475,1474,06/07/2025,5
4046,387,2084,23/10/2025,1
4047,550,4546,23/02/2026,6
4048,815,200,17/11/2025,7
4049,519,2341,30/12/2025,9
4050,470,2708,06/11/2025,3
4051,378,883,09/06/2025,7
4052,651,2441,21/01/2026,7
4053,41,4791,20/12/2025,2
4054,905,4362,23/11/2025,8
4055,258,822,29/09/2025,6
4056,401,3278,16/08/2025,4
4057,236,4934,18/03/2026,3
4058,769,2990,21/07/2025,5
4059,325,3054,28/11/2025,9
4060,513,504,23/03/2026,4
4061,790,1269,06/08/2025,8
4062,423,910,18/02/2026,7
4063,283,4427,27/02/2026,8
4064,249,2985,10/06/2025,9
4065,858,3983,08/04/2026,5
4066,485,2846,28/03/2026,9
4067,694,965,17/02/2026,8
4068,902,3212,13/05/2026,6
4069,708,4249,01/07/2025,1
4070,458,2698,29/08/2025,2
4071,421,990,26/07/2025,8
4072,684,4942,11/07/2025,2
4073,145,1770,06/01/2026,10
4074,3,4488,24/06/2025,6
4075,874,3734,17/11/2025,9
4076,466,3743,11/07/2025,5
4077,667,1873,10/02/2026,3
4078,969,4402,31/10/2025,6
4079,911,3975,31/05/2025,9
4080,61,1279,25/06/2025,10
4081,990,1141,04/11/2025,1
4082,893,4153,02/03/2026,4
4083,377,792,25/07/2025,9
4084,141,1218,02/11/2025,2
4085,887,3654,24/06/2025,10
4086,386,4170,07/12/2025,10
4087,905,606,05/12/2025,3
4088,59,2810,19/04/2026,4
4089,906,2762,03/10/2025,5
4090,60,765,23/03/2026,5
4091,982,1573,10/04/2026,10
4092,255,643,29/05/2025,1
4093,487,110,02/04/2026,6
4094,865,4685,05/12/2025,3
4095,953,647,31/08/2025,1
4096,372,2955,30/05/2025,8
4097,311,2498,21/08/2025,9
4098,539,1280,05/02/2026,8
4099,211,3938,12/09/2025,8
4100,982,631,03/03/2026,9
4101,143,1786,20/09/2025,6
4102,899,4946,25/01/2026,2
4103,75,4053,10/08/2025,10
4104,911,2132,05/10/2025,2
4105,130,3603,08/11/2025,7
4106,361,497,12/05/2026,6
4107,457,4198,17/10/2025,9
4108,748,1150,17/06/2025,10
4109,246,1692,19/01/2026,6
4110,728,129,29/03/2026,5
4111,797,4988,24/11/2025,5
4112,744,2619,19/07/2025,6
4113,819,867,28/05/2025,6
4114,353,2441,16/08/2025,3
4115,673,1801,13/02/2026,7
4116,384,1697,07/07/2025,8
4117,558,319,19/04/2026,2
4118,789,4932,03/09/2025,7
4119,244,3717,03/05/2026,6
4120,450,4117,06/04/2026,7
4121,545,3097,08/06/2025,7
4122,238,4079,09/02/2026,7
4123,963,3214,01/01/2026,3
4124,523,3780,16/11/2025,8
4125,497,4433,08/02/2026,3
4126,515,4902,30/07/2025,10
4127,192,2393,11/04/2026,5
4128,974,302,12/06/2025,3
4129,248,2535,15/11/2025,7
4130,297,4109,04/03/2026,3
4131,390,4209,20/06/2025,10
4132,697,1210,07/01/2026,7
4133,314,2137,12/09/2025,5
4134,724,970,21/10/2025,7
4135,97,213,03/09/2025,6
4136,923,598,06/08/2025,9
4137,41,2343,21/12/2025,10
4138,25,2731,09/08/2025,1
4139,967,624,14/04/2026,5
4140,966,3735,31/05/2025,7
4141,210,1735,07/12/2025,2
4142,517,4009,27/10/2025,7
4143,245,814,24/09/2025,3
4144,882,1125,19/10/2025,2
4145,465,2704,18/02/2026,6
4146,19,418,08/02/2026,5
4147,13,146,29/06/2025,2
4148,119,3014,04/02/2026,5
4149,831,1010,22/12/2025,3
4150,807,4908,09/11/2025,3
4151,857,4230,23/07/2025,1
4152,797,1496,22/12/2025,8
4153,288,4730,09/01/2026,3
4154,284,4983,23/05/2025,10
4155,670,4088,08/10/2025,10
4156,356,2988,06/04/2026,5
4157,195,2244,29/04/2026,7
4158,316,1929,02/03/2026,9
4159,92,605,03/08/2025,9
4160,475,1189,17/06/2025,5
4161,872,2840,22/04/2026,1
4162,39,3249,18/07/2025,5
4163,988,3098,27/08/2025,3
4164,6,1532,21/12/2025,8
4165,284,359,06/02/2026,5
4166,321,220,11/03/2026,9
4167,243,3143,20/09/2025,3
4168,89,1245,02/02/2026,8
4169,595,3867,27/06/2025,3
4170,126,272,11/08/2025,6
4171,536,1021,13/03/2026,1
4172,105,4603,26/07/2025,1
4173,600,735,22/09/2025,8
4174,203,1620,15/02/2026,2
4175,969,4064,02/06/2025,10
4176,817,4679,11/12/2025,2
4177,525,2482,16/10/2025,10
4178,779,2067,13/09/2025,10
4179,396,3735,04/01/2026,7
4180,206,486,25/06/2025,3
4181,779,4801,22/01/2026,8
4182,200,1337,25/02/2026,5
4183,59,4520,14/07/2025,5
4184,582,183,11/12/2025,2
4185,682,240,23/12/2025,10
4186,304,192,27/01/2026,5
4187,590,896,23/06/2025,8
4188,457,2431,10/02/2026,1
4189,82,3752,11/12/2025,8
4190,898,3389,29/07/2025,7
4191,730,3839,01/11/2025,6
4192,528,2129,27/12/2025,7
4193,780,3239,27/04/2026,10
4194,176,3725,30/04/2026,5
4195,673,3818,05/03/2026,10
4196,706,2935,06/03/2026,7
4197,179,2858,15/12/2025,4
4198,914,882,15/11/2025,7
4199,151,3531,13/06/2025,3
4200,258,684,14/03/2026,1
4201,199,3927,20/04/2026,3
4202,629,1607,13/11/2025,1
4203,672,1638,12/06/2025,3
4204,817,1080,25/04/2026,6
4205,631,1131,29/07/2025,2
4206,859,111,11/05/2026,10
4207,753,1891,18/05/2026,4
4208,212,1207,14/07/2025,3
4209,124,3362,22/11/2025,1
4210,128,1276,18/08/2025,3
4211,245,2529,22/08/2025,5
4212,33,3337,17/03/2026,9
4213,339,2946,23/12/2025,8
4214,694,1444,09/03/2026,2
4215,182,3741,25/09/2025,3
4216,786,4630,06/07/2025,10
4217,782,2963,10/09/2025,4
4218,789,4635,15/07/2025,6
4219,892,1661,26/07/2025,10
4220,411,4572,15/06/2025,5
4221,79,3979,12/10/2025,1
4222,887,2092,25/06/2025,5
4223,706,302,29/07/2025,2
4224,834,346,13/10/2025,4
4225,565,2218,20/04/2026,7
4226,355,4084,13/11/2025,4
4227,362,3738,27/03/2026,4
4228,936,3242,10/12/2025,7
4229,146,3301,23/05/2025,7
4230,537,863,01/09/2025,2
4231,572,2478,03/04/2026,1
4232,179,1196,15/09/2025,7
4233,484,2460,12/09/2025,3
4234,456,2809,30/05/2025,4
4235,916,2351,23/08/2025,8
4236,45,2227,18/05/2026,9
4237,881,2849,29/01/2026,9
4238,635,3711,25/03/2026,3
4239,694,4063,23/07/2025,5
4240,998,171,05/08/2025,3
4241,792,3069,08/03/2026,8
4242,495,4733,06/09/2025,2
4243,955,3164,02/04/2026,5
4244,124,1474,01/09/2025,4
4245,769,192,31/05/2025,10
4246,485,2170,10/07/2025,4
4247,66,2601,23/04/2026,9
4248,965,1495,22/04/2026,7
4249,911,166,05/12/2025,6
4250,584,2005,16/03/2026,10
4251,857,4303,02/10/2025,5
4252,266,2077,22/03/2026,3
4253,296,3611,06/03/2026,2
4254,922,4674,09/05/2026,9
4255,15,3461,28/03/2026,2
4256,680,3484,16/06/2025,8
4257,114,2583,10/01/2026,3
4258,580,4183,20/12/2025,5
4259,225,1615,03/05/2026,3
4260,241,1843,27/02/2026,5
4261,436,2538,14/07/2025,5
4262,507,3388,18/02/2026,9
4263,599,2910,28/05/2025,8
4264,696,4990,15/05/2026,7
4265,295,2638,08/10/2025,5
4266,737,3261,15/10/2025,9
4267,366,3986,15/12/2025,7
4268,69,1132,19/05/2025,6
4269,167,3358,25/02/2026,4
4270,434,4124,08/02/2026,1
4271,7,479,28/11/2025,2
4272,211,2917,30/04/2026,3
4273,142,2777,10/04/2026,2
4274,649,2452,12/07/2025,1
4275,221,3790,19/05/2025,10
4276,804,4470,25/05/2025,2
4277,408,4226,13/12/2025,1
4278,789,2816,19/05/2025,6
4279,329,1409,14/04/2026,4
4280,844,2633,05/03/2026,9
4281,862,4223,13/01/2026,8
4282,368,3382,19/10/2025,1
4283,441,3599,24/03/2026,10
4284,526,1949,25/02/2026,9
4285,574,4137,13/03/2026,1
4286,605,4009,01/01/2026,3
4287,915,2171,24/12/2025,2
4288,958,4440,20/02/2026,4
4289,969,263,21/07/2025,7
4290,446,1559,02/11/2025,8
4291,582,214,05/08/2025,3
4292,596,2095,01/09/2025,2
4293,290,2973,24/05/2025,10
4294,791,3322,24/03/2026,1
4295,606,1405,06/04/2026,10
4296,987,2846,01/05/2026,9
4297,780,2652,15/02/2026,1
4298,934,1599,18/10/2025,6
4299,718,2427,08/10/2025,7
4300,481,3407,16/09/2025,8
4301,851,3010,16/07/2025,9
4302,137,603,13/08/2025,7
4303,477,2548,21/05/2025,8
4304,242,4723,04/04/2026,3
4305,903,939,12/10/2025,6
4306,20,2400,04/11/2025,3
4307,56,3820,18/12/2025,10
4308,431,1012,10/02/2026,2
4309,819,1117,13/07/2025,9
4310,537,3883,21/08/2025,1
4311,455,4406,05/06/2025,4
4312,825,859,15/06/2025,10
4313,763,994,09/03/2026,10
4314,199,3457,19/08/2025,4
4315,617,3724,26/04/2026,6
4316,409,3249,25/03/2026,9
4317,580,2124,09/04/2026,8
4318,324,1976,01/03/2026,5
4319,154,1408,14/05/2026,4
4320,323,2651,21/01/2026,1
4321,324,1774,28/10/2025,4
4322,695,2123,10/04/2026,7
4323,997,3215,12/05/2026,1
4324,473,853,19/11/2025,1
4325,331,2301,02/12/2025,4
4326,34,758,12/11/2025,6
4327,921,1322,08/04/2026,2
4328,420,1914,27/01/2026,9
4329,172,4430,31/10/2025,4
4330,866,428,26/02/2026,2
4331,783,1549,18/08/2025,3
4332,680,3051,05/03/2026,3
4333,715,4836,04/01/2026,7
4334,653,2277,20/09/2025,3
4335,235,2479,25/09/2025,4
4336,117,2773,03/11/2025,3
4337,152,112,12/09/2025,1
4338,885,3911,18/07/2025,4
4339,438,3861,26/08/2025,6
4340,722,3494,21/06/2025,4
4341,957,3214,24/01/2026,3
4342,501,3844,03/10/2025,4
4343,464,1570,17/05/2026,9
4344,537,2002,16/04/2026,1
4345,280,431,13/03/2026,8
4346,574,1795,05/11/2025,4
4347,401,4258,19/01/2026,1
4348,775,2078,10/04/2026,9
4349,314,3189,22/03/2026,8
4350,960,4992,18/08/2025,7
4351,903,1958,04/08/2025,6
4352,45,4313,02/11/2025,5
4353,951,371,15/01/2026,6
4354,302,3741,23/01/2026,4
4355,605,2297,13/04/2026,9
4356,886,881,18/10/2025,8
4357,437,2423,13/03/2026,6
4358,498,2731,11/02/2026,5
4359,766,2890,03/11/2025,3
4360,830,1175,22/02/2026,1
4361,249,4713,02/05/2026,4
4362,898,2286,28/05/2025,4
4363,625,4918,23/11/2025,5
4364,884,3361,24/11/2025,10
4365,466,257,14/02/2026,4
4366,945,4378,06/04/2026,1
4367,345,1758,13/10/2025,3
4368,726,2016,21/09/2025,5
4369,448,1008,16/12/2025,3
4370,514,1082,18/09/2025,1
4371,419,709,31/05/2025,9
4372,529,4933,06/01/2026,7
4373,870,919,28/07/2025,3
4374,523,4502,28/12/2025,8
4375,428,3747,27/01/2026,5
4376,635,1080,16/04/2026,5
4377,844,3892,11/01/2026,3
4378,587,2365,16/06/2025,9
4379,423,3669,05/07/2025,2
4380,960,2677,19/09/2025,9
4381,440,3030,27/06/2025,2
4382,613,1670,07/05/2026,9
4383,925,131,02/08/2025,9
4384,382,1743,05/08/2025,9
4385,814,2802,23/02/2026,2
4386,299,4280,18/05/2026,2
4387,623,1650,30/04/2026,8
4388,986,3228,29/11/2025,6
4389,371,4737,12/04/2026,3
4390,819,554,17/06/2025,4
4391,851,1400,04/08/2025,8
4392,966,3324,26/09/2025,7
4393,942,4985,07/07/2025,4
4394,941,1357,10/05/2026,8
4395,75,4013,28/08/2025,7
4396,325,2958,12/12/2025,7
4397,913,3858,10/07/2025,5
4398,401,1432,19/11/2025,8
4399,65,2185,27/10/2025,4
4400,825,1811,14/01/2026,1
4401,776,3890,24/06/2025,10
4402,500,2088,16/11/2025,8
4403,209,4293,22/09/2025,6
4404,823,3287,10/12/2025,3
4405,893,3992,27/11/2025,6
4406,204,633,27/09/2025,3
4407,979,171,23/07/2025,2
4408,64,4992,13/09/2025,8
4409,990,903,01/12/2025,5
4410,127,3783,16/01/2026,10
4411,394,4137,01/04/2026,6
4412,26,4240,27/12/2025,7
4413,524,352,13/10/2025,6
4414,347,1958,22/05/2025,8
4415,757,1838,04/10/2025,6
4416,964,235,09/01/2026,3
4417,550,4028,13/02/2026,4
4418,376,4188,30/09/2025,6
4419,370,1465,02/06/2025,5
4420,633,2431,25/12/2025,9
4421,893,2344,07/02/2026,10
4422,443,3875,21/06/2025,5
4423,501,961,22/04/2026,2
4424,953,2375,18/12/2025,4
4425,410,4601,20/04/2026,7
4426,284,2408,18/06/2025,5
4427,970,2759,22/10/2025,7
4428,196,1091,25/09/2025,4
4429,212,266,02/07/2025,2
4430,239,2937,15/02/2026,2
4431,408,2135,31/08/2025,9
4432,746,2991,07/12/2025,1
4433,267,4137,31/05/2025,5
4434,851,4522,11/12/2025,2
4435,914,3247,21/06/2025,2
4436,896,3599,04/12/2025,3
4437,720,4386,01/09/2025,3
4438,473,3895,26/11/2025,1
4439,499,3159,23/02/2026,1
4440,569,4319,03/10/2025,4
4441,527,2071,31/03/2026,5
4442,676,3893,30/09/2025,8
4443,230,3422,28/05/2025,7
4444,668,1622,28/02/2026,3
4445,591,557,17/02/2026,5
4446,794,4426,27/02/2026,2
4447,797,3808,08/07/2025,3
4448,610,665,16/08/2025,5
4449,284,2507,31/05/2025,10
4450,670,218,17/08/2025,4
4451,496,854,18/11/2025,6
4452,305,2035,16/04/2026,5
4453,382,3443,26/04/2026,5
4454,463,371,04/08/2025,9
4455,773,3103,09/09/2025,8
4456,369,743,03/01/2026,4
4457,958,3181,02/06/2025,3
4458,492,2895,17/02/2026,7
4459,213,2365,12/01/2026,1
4460,833,3006,10/02/2026,6
4461,130,3722,16/06/2025,4
4462,290,3943,19/07/2025,1
4463,251,233,09/05/2026,4
4464,119,510,06/11/2025,4
4465,635,2479,14/04/2026,2
4466,233,2616,04/03/2026,9
4467,34,1972,28/09/2025,8
4468,434,2332,28/06/2025,10
4469,233,4426,13/12/2025,5
4470,277,2907,06/06/2025,5
4471,751,3715,25/04/2026,1
4472,480,793,13/02/2026,7
4473,512,110,24/07/2025,3
4474,311,2653,19/03/2026,8
4475,763,1189,08/12/2025,7
4476,379,3024,27/09/2025,8
4477,828,1384,08/07/2025,2
4478,20,4629,15/06/2025,2
4479,229,2957,23/07/2025,5
4480,212,1630,17/11/2025,7
4481,690,1754,07/12/2025,3
4482,716,1871,08/01/2026,4
4483,343,1555,22/03/2026,6
4484,108,4829,07/09/2025,3
4485,844,1235,06/04/2026,2
4486,859,868,28/04/2026,2
4487,714,4760,21/02/2026,3
4488,63,2989,17/07/2025,5
4489,307,1605,12/12/2025,4
4490,605,571,09/08/2025,1
4491,791,3968,03/01/2026,5
4492,33,1255,21/01/2026,9
4493,648,3827,01/02/2026,10
4494,526,871,16/01/2026,3
4495,440,2811,08/11/2025,3
4496,183,409,25/03/2026,2
4497,703,3393,05/09/2025,5
4498,781,4177,22/03/2026,4
4499,40,4621,27/04/2026,4
4500,600,2384,01/04/2026,3
4501,923,719,16/01/2026,5
4502,228,3643,26/09/2025,3
4503,233,924,20/11/2025,10
4504,705,4143,04/06/2025,7
4505,87,464,07/02/2026,7
4506,981,1069,17/05/2026,10
4507,598,4138,24/12/2025,2
4508,261,2781,20/04/2026,3
4509,884,1687,14/03/2026,4
4510,936,616,09/04/2026,1
4511,929,2292,31/12/2025,6
4512,574,1535,13/09/2025,2
4513,667,1742,03/03/2026,1
4514,907,4098,08/09/2025,7
4515,990,4050,26/12/2025,2
4516,433,4812,15/09/2025,4
4517,780,4144,13/07/2025,4
4518,615,2293,25/09/2025,1
4519,301,356,23/03/2026,8
4520,230,4469,12/12/2025,4
4521,717,3507,04/04/2026,9
4522,52,2247,10/01/2026,3
4523,703,2624,24/07/2025,8
4524,130,4579,09/12/2025,2
4525,205,3328,10/03/2026,10
4526,32,1214,22/10/2025,7
4527,293,503,11/03/2026,10
4528,914,3659,01/05/2026,1
4529,585,1316,24/05/2025,3
4530,312,499,20/11/2025,7
4531,256,1578,30/09/2025,6
4532,615,1646,23/12/2025,8
4533,1000,1880,09/01/2026,1
4534,452,4076,05/06/2025,5
4535,580,1580,19/01/2026,7
4536,541,4733,05/10/2025,3
4537,204,1772,11/08/2025,1
4538,524,4064,05/01/2026,3
4539,30,1603,06/05/2026,6
4540,353,4193,14/12/2025,10
4541,748,4649,29/08/2025,9
4542,469,426,24/08/2025,10
4543,860,4543,15/12/2025,4
4544,452,3277,03/06/2025,10
4545,459,3606,11/09/2025,4
4546,566,1513,24/08/2025,5
4547,764,2203,14/04/2026,1
4548,357,3769,05/03/2026,8
4549,629,765,05/03/2026,2
4550,662,2097,01/03/2026,8
4551,31,1610,05/12/2025,1
4552,934,4897,13/10/2025,5
4553,385,3023,10/05/2026,2
4554,142,3342,01/11/2025,10
4555,706,3372,27/07/2025,5
4556,74,3292,25/02/2026,3
4557,95,3360,14/06/2025,8
4558,950,3009,30/01/2026,7
4559,205,2597,05/11/2025,9
4560,235,2813,07/06/2025,1
4561,741,365,18/05/2026,3
4562,814,4089,05/10/2025,7
4563,484,3205,20/01/2026,5
4564,788,956,15/10/2025,2
4565,358,254,18/10/2025,3
4566,349,2052,29/05/2025,9
4567,723,3195,23/08/2025,2
4568,316,3533,22/11/2025,6
4569,863,2946,23/02/2026,4
4570,640,4230,22/02/2026,7
4571,804,4904,26/08/2025,2
4572,785,3427,10/03/2026,10
4573,408,2643,14/12/2025,1
4574,811,908,13/04/2026,1
4575,49,1682,11/01/2026,6
4576,550,3766,05/02/2026,3
4577,569,890,18/05/2026,5
4578,668,3347,13/02/2026,4
4579,678,2070,30/12/2025,10
4580,878,4705,23/10/2025,3
4581,931,994,28/02/2026,5
4582,38,4104,16/11/2025,10
4583,83,942,02/04/2026,9
4584,109,4919,27/04/2026,8
4585,402,1014,27/12/2025,5
4586,443,195,15/11/2025,9
4587,329,470,22/03/2026,9
4588,311,1681,17/10/2025,6
4589,757,782,21/04/2026,7
4590,887,4282,19/03/2026,3
4591,407,3846,27/05/2025,10
4592,175,599,30/05/2025,1
4593,86,231,20/01/2026,8
4594,369,2626,05/09/2025,7
4595,146,1446,17/02/2026,9
4596,119,1505,14/09/2025,10
4597,971,774,20/01/2026,8
4598,312,2246,12/08/2025,1
4599,968,485,13/05/2026,10
4600,103,3773,24/05/2025,6
4601,948,4472,01/01/2026,7
4602,370,238,17/03/2026,2
4603,530,4578,05/12/2025,9
4604,279,233,30/07/2025,4
4605,907,4696,09/02/2026,3
4606,524,4628,19/10/2025,1
4607,526,2774,21/05/2025,7
4608,997,3167,15/12/2025,5
4609,181,1184,25/01/2026,4
4610,380,3597,11/03/2026,8
4611,862,3060,09/06/2025,3
4612,724,4660,12/04/2026,3
4613,956,4316,27/07/2025,9
4614,1000,4552,30/04/2026,4
4615,791,1554,27/02/2026,5
4616,948,1485,01/02/2026,7
4617,954,2665,25/09/2025,2
4618,667,3322,22/02/2026,9
4619,230,2453,18/12/2025,7
4620,691,419,02/11/2025,9
4621,764,1622,10/12/2025,6
4622,713,1597,27/08/2025,8
4623,286,1425,02/09/2025,9
4624,857,4214,06/07/2025,6
4625,578,3094,22/03/2026,8
4626,768,3793,08/01/2026,8
4627,162,4199,01/08/2025,3
4628,779,1406,27/07/2025,6
4629,995,4300,17/06/2025,5
4630,80,3636,12/07/2025,3
4631,309,2358,30/12/2025,7
4632,804,3587,03/09/2025,2
4633,983,4255,07/08/2025,10
4634,268,716,19/10/2025,5
4635,714,3809,05/02/2026,1
4636,937,1919,23/03/2026,5
4637,163,2893,22/08/2025,9
4638,204,1133,12/10/2025,7
4639,617,1299,25/04/2026,8
4640,282,2178,01/04/2026,3
4641,510,1557,18/04/2026,8
4642,336,1259,16/09/2025,7
4643,292,1215,14/01/2026,8
4644,505,592,09/01/2026,5
4645,798,283,10/12/2025,5
4646,981,1153,21/01/2026,2
4647,917,4501,19/02/2026,4
4648,829,4443,06/11/2025,9
4649,58,3769,11/10/2025,1
4650,669,1569,11/07/2025,4
4651,168,120,22/04/2026,3
4652,1,3093,26/06/2025,1
4653,327,847,13/07/2025,9
4654,504,2720,25/06/2025,3
4655,481,1962,03/09/2025,5
4656,81,524,26/09/2025,4
4657,134,3570,26/08/2025,4
4658,84,576,06/02/2026,3
4659,902,1937,01/12/2025,8
4660,566,741,16/12/2025,3
4661,313,596,25/11/2025,6
4662,58,930,18/12/2025,3
4663,714,732,21/04/2026,1
4664,597,1499,12/06/2025,3
4665,369,2604,18/10/2025,2
4666,4,4333,12/05/2026,2
4667,721,3316,10/09/2025,2
4668,154,4825,04/05/2026,4
4669,126,1719,23/07/2025,4
4670,940,4442,10/06/2025,9
4671,447,4791,03/12/2025,8
4672,604,4998,22/09/2025,6
4673,288,2639,05/09/2025,9
4674,395,638,29/08/2025,5
4675,645,4660,05/05/2026,9
4676,896,2774,14/08/2025,1
4677,312,4958,19/06/2025,2
4678,336,4891,24/07/2025,4
4679,160,4974,19/11/2025,5
4680,49,4349,03/11/2025,8
4681,956,262,24/05/2025,9
4682,775,1053,05/10/2025,4
4683,478,3962,17/11/2025,4
4684,35,782,09/08/2025,2
4685,946,4436,10/04/2026,1
4686,822,4379,27/11/2025,10
4687,351,4608,06/04/2026,10
4688,711,3878,10/12/2025,3
4689,618,1293,11/03/2026,10
4690,242,647,15/08/2025,6
4691,656,3505,02/09/2025,7
4692,588,4634,14/02/2026,5
4693,988,3372,11/07/2025,1
4694,212,1638,27/05/2025,2
4695,486,1012,29/01/2026,8
4696,409,624,20/12/2025,4
4697,824,3104,03/12/2025,8
4698,405,2433,11/04/2026,1
4699,780,3066,26/07/2025,10
4700,980,476,29/10/2025,2
4701,195,502,20/11/2025,9
4702,913,3965,23/12/2025,4
4703,565,437,11/09/2025,9
4704,87,2655,20/07/2025,9
4705,805,1297,04/05/2026,7
4706,708,768,04/07/2025,9
4707,837,2052,08/05/2026,2
4708,298,1744,11/04/2026,6
4709,844,740,14/02/2026,5
4710,904,3043,12/02/2026,6
4711,195,4142,16/10/2025,8
4712,967,4170,13/01/2026,2
4713,309,2251,15/01/2026,9
4714,951,2471,03/12/2025,5
4715,789,3490,31/07/2025,6
4716,106,1826,15/06/2025,4
4717,806,4152,12/12/2025,3
4718,313,3196,28/05/2025,8
4719,839,1377,08/08/2025,2
4720,925,4861,11/05/2026,9
4721,142,4789,29/06/2025,7
4722,842,496,05/12/2025,5
4723,588,436,29/12/2025,3
4724,493,4758,30/07/2025,7
4725,408,4719,01/08/2025,6
4726,75,4570,04/05/2026,5
4727,379,3889,27/10/2025,2
4728,184,3782,01/10/2025,1
4729,338,3652,19/11/2025,1
4730,399,4737,24/12/2025,8
4731,334,3596,10/09/2025,1
4732,705,4702,05/03/2026,5
4733,803,2899,19/10/2025,5
4734,222,3249,02/06/2025,3
4735,645,4846,24/01/2026,1
4736,275,2959,10/09/2025,2
4737,257,3080,28/11/2025,4
4738,297,142,04/03/2026,5
4739,979,3287,09/09/2025,10
4740,231,963,29/01/2026,9
4741,751,2932,30/04/2026,8
4742,295,3285,10/04/2026,8
4743,589,4474,30/03/2026,4
4744,610,985,12/02/2026,3
4745,681,298,27/12/2025,5
4746,414,1587,19/08/2025,2
4747,422,169,07/10/2025,5
4748,950,4309,20/02/2026,10
4749,738,3848,16/01/2026,10
4750,40,3594,16/01/2026,2
4751,560,3664,23/04/2026,10
4752,230,4261,18/01/2026,5
4753,347,626,16/04/2026,1
4754,547,2951,13/03/2026,5
4755,948,4925,28/06/2025,5
4756,502,2624,27/03/2026,5
4757,535,4206,22/08/2025,9
4758,843,3712,16/01/2026,10
4759,770,3036,06/03/2026,8
4760,615,1754,21/01/2026,8
4761,180,810,31/01/2026,3
4762,292,151,17/07/2025,7
4763,25,4407,16/05/2026,2
4764,832,2138,15/05/2026,2
4765,865,4366,14/04/2026,1
4766,163,1112,23/01/2026,6
4767,124,607,13/12/2025,8
4768,311,657,25/03/2026,4
4769,884,1176,03/02/2026,5
4770,718,2092,22/07/2025,10
4771,48,4382,21/05/2025,7
4772,781,3151,17/04/2026,8
4773,151,3163,04/09/2025,9
4774,636,3554,26/02/2026,5
4775,887,1302,16/11/2025,5
4776,756,613,28/09/2025,3
4777,433,985,05/07/2025,1
4778,794,1615,11/11/2025,2
4779,396,2478,18/01/2026,4
4780,914,4559,21/08/2025,4
4781,235,4066,02/03/2026,1
4782,763,383,27/03/2026,5
4783,622,1659,27/09/2025,7
4784,745,2818,16/01/2026,2
4785,880,3735,02/11/2025,1
4786,156,1910,24/05/2025,1
4787,335,1045,10/04/2026,6
4788,856,729,02/05/2026,3
4789,161,4775,18/02/2026,7
4790,825,3388,11/05/2026,4
4791,541,617,03/03/2026,7
4792,529,4277,28/12/2025,4
4793,533,1284,21/03/2026,7
4794,880,1148,27/12/2025,5
4795,641,339,05/10/2025,7
4796,886,3998,22/08/2025,5
4797,157,1507,25/08/2025,4
4798,92,3640,24/02/2026,3
4799,149,883,30/07/2025,5
4800,127,4870,03/10/2025,3
4801,39,4661,12/06/2025,7
4802,549,4414,02/06/2025,5
4803,870,4889,09/12/2025,4
4804,408,3313,26/07/2025,4
4805,593,4468,04/07/2025,6
4806,612,3871,19/10/2025,8
4807,924,2768,18/06/2025,6
4808,533,461,25/05/2025,9
4809,359,2479,19/11/2025,9
4810,677,122,02/11/2025,9
4811,547,1272,26/12/2025,3
4812,911,2139,25/09/2025,7
4813,154,4126,24/11/2025,1
4814,429,1141,15/08/2025,8
4815,403,4011,24/09/2025,6
4816,484,1229,23/09/2025,2
4817,514,3536,14/10/2025,10
4818,566,1671,02/05/2026,2
4819,66,4427,30/08/2025,6
4820,885,4189,02/05/2026,10
4821,731,1123,26/06/2025,10
4822,463,2009,19/10/2025,8
4823,463,4628,09/12/2025,1
4824,944,895,18/12/2025,5
4825,697,2803,22/12/2025,10
4826,483,1299,19/06/2025,5
4827,731,3699,02/06/2025,1
4828,776,2987,19/08/2025,4
4829,960,3028,04/09/2025,3
4830,424,776,03/06/2025,2
4831,423,4454,31/03/2026,6
4832,66,3898,06/04/2026,8
4833,114,1320,19/05/2025,1
4834,742,3295,08/06/2025,4
4835,138,964,23/02/2026,5
4836,890,2936,08/03/2026,2
4837,627,3193,23/07/2025,8
4838,594,4849,21/08/2025,6
4839,881,1702,23/10/2025,4
4840,736,3631,12/08/2025,1
4841,184,320,28/03/2026,7
4842,538,1046,31/07/2025,3
4843,528,4336,20/12/2025,3
4844,383,843,13/09/2025,7
4845,974,2227,11/10/2025,10
4846,215,3230,02/08/2025,8
4847,438,2280,03/03/2026,1
4848,387,1290,08/05/2026,10
4849,644,204,09/08/2025,4
4850,907,3114,01/03/2026,4
4851,588,3403,20/06/2025,8
4852,823,3323,06/02/2026,4
4853,961,1961,23/04/2026,2
4854,198,4889,16/01/2026,8
4855,372,1178,12/06/2025,2
4856,693,1591,28/04/2026,5
4857,818,1858,14/12/2025,2
4858,337,1849,15/10/2025,7
4859,457,3527,04/09/2025,9
4860,658,4150,11/12/2025,4
4861,543,1392,15/02/2026,10
4862,98,2337,15/12/2025,10
4863,69,1337,27/02/2026,2
4864,129,202,31/05/2025,3
4865,384,4788,06/11/2025,6
4866,605,3274,17/11/2025,3
4867,982,260,16/09/2025,10
4868,768,1495,22/08/2025,6
4869,908,3753,31/10/2025,7
4870,26,1178,13/01/2026,2
4871,339,1859,15/08/2025,4
4872,103,3215,11/09/2025,5
4873,513,3200,13/04/2026,9
4874,57,3734,22/09/2025,9
4875,610,1080,12/09/2025,1
4876,876,2747,13/06/2025,8
4877,418,2429,30/07/2025,7
4878,830,1949,07/09/2025,6
4879,428,2735,21/02/2026,2
4880,989,297,05/04/2026,1
4881,850,3252,07/12/2025,1
4882,937,1632,30/06/2025,3
4883,717,1495,24/02/2026,2
4884,172,4078,30/05/2025,9
4885,132,506,14/07/2025,7
4886,25,1565,17/05/2026,6
4887,45,1471,05/04/2026,3
4888,482,460,27/02/2026,8
4889,590,2381,10/08/2025,4
4890,92,3473,07/07/2025,9
4891,572,1830,08/10/2025,7
4892,156,110,23/03/2026,3
4893,4,1990,09/10/2025,4
4894,109,4894,19/04/2026,5
4895,140,1264,06/11/2025,4
4896,454,1072,10/08/2025,8
4897,699,2653,05/07/2025,4
4898,868,4737,24/03/2026,9
4899,365,220,30/09/2025,1
4900,251,3272,22/06/2025,4
4901,477,3262,18/08/2025,1
4902,512,1046,17/09/2025,5
4903,582,2162,24/08/2025,7
4904,860,1560,27/03/2026,5
4905,560,169,16/05/2026,1
4906,157,3600,04/06/2025,1
4907,726,3645,13/07/2025,8
4908,277,1802,30/01/2026,6
4909,47,3366,12/08/2025,4
4910,860,3015,11/03/2026,6
4911,67,3348,16/10/2025,3
4912,599,169,16/12/2025,6
4913,338,1461,07/02/2026,4
4914,704,3499,19/08/2025,4
4915,495,160,20/10/2025,3
4916,868,4177,02/08/2025,6
4917,611,3552,23/05/2025,8
4918,586,4698,01/12/2025,2
4919,781,3659,21/04/2026,2
4920,910,3115,15/05/2026,4
4921,792,4435,01/06/2025,9
4922,661,4659,31/12/2025,8
4923,942,2548,08/06/2025,10
4924,145,1579,12/04/2026,4
4925,296,1709,27/03/2026,4
4926,476,286,08/04/2026,6
4927,60,4410,09/02/2026,2
4928,476,4607,17/07/2025,6
4929,245,153,21/05/2025,5
4930,795,1189,10/04/2026,10
4931,192,4384,01/08/2025,2
4932,269,4804,21/07/2025,1
4933,677,2029,23/03/2026,2
4934,443,4347,08/05/2026,5
4935,52,3162,30/11/2025,10
4936,872,4244,31/08/2025,6
4937,84,4497,19/10/2025,2
4938,146,1864,12/08/2025,7
4939,443,3727,18/10/2025,9
4940,318,1919,17/06/2025,6
4941,969,354,03/01/2026,6
4942,388,1167,08/01/2026,8
4943,392,804,09/02/2026,5
4944,282,2925,22/12/2025,1
4945,741,1854,13/09/2025,8
4946,555,4723,03/03/2026,4
4947,876,3980,20/07/2025,1
4948,244,102,31/03/2026,5
4949,158,1312,06/08/2025,4
4950,201,2175,06/07/2025,7
4951,431,252,05/11/2025,10
4952,149,4169,12/12/2025,10
4953,509,2302,09/10/2025,10
4954,561,4329,18/02/2026,8
4955,94,1302,08/04/2026,9
4956,565,2859,24/05/2025,5
4957,579,1880,12/09/2025,8
4958,803,4057,01/03/2026,7
4959,424,303,14/04/2026,9
4960,10,4827,15/03/2026,5
4961,362,4016,17/02/2026,8
4962,339,3475,24/05/2025,3
4963,318,3044,12/12/2025,2
4964,202,4029,31/12/2025,10
4965,511,1903,21/09/2025,6
4966,514,619,27/10/2025,1
4967,178,946,06/08/2025,2
4968,732,4963,16/06/2025,5
4969,606,2930,11/09/2025,7
4970,865,1079,29/01/2026,8
4971,579,1320,02/05/2026,8
4972,54,1807,12/01/2026,1
4973,148,3746,15/08/2025,8
4974,389,1376,16/06/2025,2
4975,538,4236,23/11/2025,4
4976,395,777,03/03/2026,3
4977,477,4349,19/07/2025,7
4978,3,2544,16/07/2025,4
4979,816,3324,23/10/2025,4
4980,75,3720,19/08/2025,10
4981,247,3505,23/06/2025,5
4982,594,2957,26/04/2026,7
4983,671,4731,02/11/2025,6
4984,410,865,09/12/2025,1
4985,605,2144,27/03/2026,1
4986,628,2898,20/07/2025,9
4987,280,2764,05/10/2025,4
4988,956,1914,23/02/2026,7
4989,330,207,12/01/2026,5
4990,871,4631,07/07/2025,3
4991,285,4374,08/10/2025,1
4992,646,515,30/04/2026,4
4993,456,2127,25/02/2026,2
4994,746,164,07/03/2026,9
4995,773,768,28/03/2026,7
4996,412,3003,25/11/2025,3
4997,58,1765,15/12/2025,7
4998,828,3958,06/06/2025,10
4999,282,3459,06/09/2025,7
5000,717,4944,19/07/2025,3
1,956,4970,21/12/2025,9
2,884,2706,10/12/2025,4
3,540,1410,23/09/2025,8
4,955,3826,17/02/2026,2
5,736,4525,28/10/2025,3
6,253,634,05/07/2025,1
7,570,1531,03/03/2026,9
8,230,1633,21/12/2025,4
9,667,1750,04/03/2026,9
10,774,1389,20/07/2025,3
11,193,4314,19/04/2026,7
12,597,2720,18/01/2026,7
13,733,3575,04/10/2025,9
14,799,4540,03/06/2025,2
15,217,1232,12/02/2026,1
16,979,3325,27/08/2025,6
17,815,2467,18/12/2025,3
18,971,2176,02/05/2026,10
19,63,2405,04/09/2025,1
20,946,3144,17/11/2025,10
21,129,3066,26/01/2026,9
22,261,647,23/09/2025,5
23,54,1475,18/08/2025,8
24,554,4407,26/01/2026,7
25,259,2842,01/03/2026,2
26,47,2144,02/03/2026,1
27,122,1854,15/01/2026,10
28,99,1668,19/05/2025,6
29,434,3414,25/02/2026,5
30,634,1583,10/11/2025,7
31,611,2085,09/02/2026,3
32,878,4975,12/03/2026,10
33,394,1252,22/06/2025,4
34,111,1461,09/06/2025,6
35,849,4155,31/12/2025,4
36,522,2196,05/10/2025,4
37,420,370,11/03/2026,8
38,41,4994,22/02/2026,2
39,945,2207,21/02/2026,7
40,569,4658,25/09/2025,4
41,459,3720,16/03/2026,7
42,412,3917,20/08/2025,4
43,601,454,01/02/2026,4
44,652,1177,22/08/2025,7
45,713,143,16/04/2026,5
46,905,4789,24/11/2025,10
47,780,1179,21/12/2025,7
48,486,1003,22/01/2026,6
49,284,3532,03/03/2026,8
50,813,2259,26/10/2025,4
51,509,761,20/02/2026,2
52,430,1548,06/01/2026,5
53,344,4253,08/10/2025,4
54,381,3264,17/04/2026,6
55,523,2243,30/10/2025,6
56,276,1336,01/06/2025,4
57,919,2171,08/01/2026,8
58,471,1360,04/08/2025,1
59,119,4991,09/11/2025,10
60,680,1143,08/03/2026,9
61,560,2964,07/03/2026,10
62,701,4224,10/06/2025,1
63,477,3613,03/05/2026,1
64,770,4048,20/02/2026,7
65,977,4161,06/05/2026,1
66,842,4811,24/04/2026,9
67,715,3749,24/02/2026,2
68,75,4959,17/11/2025,2
69,848,1348,18/09/2025,4
70,933,3751,28/11/2025,10
71,152,3799,15/01/2026,4
72,752,1741,27/12/2025,8
73,73,519,08/12/2025,6
74,531,2342,27/10/2025,9
75,61,2082,25/07/2025,1
76,461,3489,29/11/2025,1
77,553,4932,14/05/2026,6
78,810,3134,04/04/2026,8
79,899,4981,24/10/2025,6
80,210,4799,26/07/2025,9
81,666,4106,20/05/2025,6
82,206,1673,12/05/2026,6
83,962,1123,17/07/2025,2
84,614,994,25/01/2026,7
85,24,2273,12/01/2026,1
86,838,3011,09/03/2026,8
87,518,4747,28/11/2025,6
88,964,2332,16/12/2025,10
89,981,1821,01/01/2026,4
90,258,1175,09/05/2026,6
91,181,905,25/08/2025,8
92,555,464,23/12/2025,10
93,811,3311,14/06/2025,9
94,701,1258,29/05/2025,9
95,962,536,21/09/2025,9
96,733,3691,22/12/2025,1
97,171,4136,08/02/2026,8
98,532,3272,06/08/2025,7
99,33,4789,14/05/2026,10
100,740,2686,18/07/2025,2
